timestamp,demand_kw,renewable_kw,net_demand_kw,forecast_demand_kw,forecast_renewable_kw,forecast_net_demand_kw,forecast_gap_kw,stress,risk_level,battery_soc,battery_action,flexibility_available_kw,flexibility_reserved_kw,flexibility_dispatched_kw,deficit_kw,controlled_net_demand_kw
2024-01-01 00:00:00,724.9828942418279,0.0,724.9828942418279,0.0,0.0,0.0,0.0,False,NORMAL,0.7,IDLE,0.0,0.0,0.0,0.0,724.9828942418279
2024-01-01 00:15:00,784.0682888609574,0.0,784.0682888609574,0.0,0.0,0.0,0.0,False,NORMAL,0.7,IDLE,0.0,0.0,0.0,0.0,784.0682888609574
2024-01-01 00:30:00,727.7776073987941,0.0,727.7776073987941,0.0,0.0,0.0,0.0,False,NORMAL,0.7,IDLE,0.0,0.0,0.0,0.0,727.7776073987941
2024-01-01 00:45:00,776.6497983187694,0.0,776.6497983187694,0.0,0.0,0.0,0.0,False,NORMAL,0.7,IDLE,0.0,0.0,0.0,0.0,776.6497983187694
2024-01-01 01:00:00,727.7285960626011,0.0,727.7285960626011,0.0,0.0,0.0,0.0,False,NORMAL,0.7,IDLE,0.0,0.0,0.0,0.0,727.7285960626011
2024-01-01 01:15:00,811.6639042511088,0.0,811.6639042511088,0.0,0.0,0.0,0.0,False,NORMAL,0.7,IDLE,0.0,0.0,0.0,0.0,811.6639042511088
2024-01-01 01:30:00,761.7270223606006,0.0,761.7270223606006,0.0,0.0,0.0,0.0,False,NORMAL,0.7,IDLE,0.0,0.0,0.0,0.0,761.7270223606006
2024-01-01 01:45:00,745.5149715532481,0.0,745.5149715532481,0.0,0.0,0.0,0.0,False,NORMAL,0.7,IDLE,0.0,0.0,0.0,0.0,745.5149715532481
2024-01-01 02:00:00,802.2389415061389,0.0,802.2389415061389,0.0,0.0,0.0,0.0,False,NORMAL,0.7,IDLE,0.0,0.0,0.0,0.0,802.2389415061389
2024-01-01 02:15:00,752.148235384215,0.0,752.148235384215,0.0,0.0,0.0,0.0,False,NORMAL,0.7,IDLE,0.0,0.0,0.0,0.0,752.148235384215
2024-01-01 02:30:00,801.4258578875788,0.0,801.4258578875788,0.0,0.0,0.0,0.0,False,NORMAL,0.7,IDLE,0.0,0.0,0.0,0.0,801.4258578875788
2024-01-01 02:45:00,711.2813778844732,0.0,711.2813778844732,0.0,0.0,0.0,0.0,False,NORMAL,0.7,IDLE,0.0,0.0,0.0,0.0,711.2813778844732
2024-01-01 03:00:00,731.4279681820501,0.0,731.4279681820501,0.0,0.0,0.0,0.0,False,NORMAL,0.7,IDLE,0.0,0.0,0.0,0.0,731.4279681820501
2024-01-01 03:15:00,786.4330669163865,0.0,786.4330669163865,0.0,0.0,0.0,0.0,False,NORMAL,0.7,IDLE,0.0,0.0,0.0,0.0,786.4330669163865
2024-01-01 03:30:00,786.4537840180737,0.0,786.4537840180737,0.0,0.0,0.0,0.0,False,NORMAL,0.7,IDLE,0.0,0.0,0.0,0.0,786.4537840180737
2024-01-01 03:45:00,782.1383635025879,0.0,782.1383635025879,0.0,0.0,0.0,0.0,False,NORMAL,0.7,IDLE,0.0,0.0,0.0,0.0,782.1383635025879
2024-01-01 04:00:00,758.9862246875919,0.0,758.9862246875919,0.0,0.0,0.0,0.0,False,NORMAL,0.7,IDLE,0.0,0.0,0.0,0.0,758.9862246875919
2024-01-01 04:15:00,774.6832043573945,0.0,774.6832043573945,0.0,0.0,0.0,0.0,False,NORMAL,0.7,IDLE,0.0,0.0,0.0,0.0,774.6832043573945
2024-01-01 04:30:00,732.4334325972449,0.0,732.4334325972449,0.0,0.0,0.0,0.0,False,NORMAL,0.7,IDLE,0.0,0.0,0.0,0.0,732.4334325972449
2024-01-01 04:45:00,749.9645940814048,0.0,749.9645940814048,0.0,0.0,0.0,0.0,False,NORMAL,0.7,IDLE,0.0,0.0,0.0,0.0,749.9645940814048
2024-01-01 05:00:00,731.6818819213056,0.0,731.6818819213056,0.0,0.0,0.0,0.0,False,NORMAL,0.7,IDLE,0.0,0.0,0.0,0.0,731.6818819213056
2024-01-01 05:15:00,892.7648121961229,0.0,892.7648121961229,0.0,0.0,0.0,0.0,False,NORMAL,0.7,IDLE,0.0,0.0,0.0,0.0,892.7648121961229
2024-01-01 05:30:00,1004.3949002347119,0.0,1004.3949002347119,0.0,0.0,0.0,0.0,False,NORMAL,0.7,IDLE,0.0,0.0,0.0,0.0,1004.3949002347119
2024-01-01 05:45:00,991.060349481797,0.0,991.060349481797,0.0,0.0,0.0,0.0,False,NORMAL,0.7,IDLE,0.0,0.0,0.0,0.0,991.060349481797
2024-01-01 06:00:00,1159.463457610119,3.4458944955830914e-22,1159.463457610119,0.0,0.0,0.0,0.0,False,NORMAL,0.7,IDLE,0.0,0.0,0.0,0.0,1159.463457610119
2024-01-01 06:15:00,1225.8247934806648,11.083608959450125,1214.7411845212146,0.0,0.0,0.0,0.0,False,NORMAL,0.7,IDLE,0.0,0.0,0.0,0.0,1214.7411845212146
2024-01-01 06:30:00,1303.3602836477946,31.032840251405442,1272.3274433963893,0.0,0.0,0.0,0.0,False,NORMAL,0.7,IDLE,0.0,0.0,0.0,0.0,1272.3274433963893
2024-01-01 06:45:00,1463.6529881084866,57.56768519293529,1406.0853029155514,0.0,0.0,0.0,0.0,False,NORMAL,0.7,IDLE,0.0,0.0,0.0,0.0,1406.0853029155514
2024-01-01 07:00:00,1565.7167149066204,90.62013644496183,1475.0965784616585,0.0,0.0,0.0,0.0,False,NORMAL,0.7,IDLE,0.0,0.0,0.0,0.0,1475.0965784616585
2024-01-01 07:15:00,1689.1494634972928,125.40822470764427,1563.7412387896486,0.0,0.0,0.0,0.0,False,NORMAL,0.7,IDLE,0.0,0.0,0.0,0.0,1563.7412387896486
2024-01-01 07:30:00,1681.6296335033462,156.59217699203128,1525.037456511315,0.0,0.0,0.0,0.0,False,NORMAL,0.7,IDLE,0.0,0.0,0.0,0.0,1525.037456511315
2024-01-01 07:45:00,1803.6087582684968,200.71913310506375,1602.889625163433,0.0,0.0,0.0,0.0,False,NORMAL,0.7,IDLE,0.0,0.0,0.0,0.0,1602.889625163433
2024-01-01 08:00:00,1884.251601185077,234.75576128163135,1649.4958399034458,0.0,0.0,0.0,0.0,False,NORMAL,0.7,IDLE,0.0,0.0,0.0,0.0,1649.4958399034458
2024-01-01 08:15:00,2007.1917102969824,277.2675577564778,1729.9241525405046,0.0,0.0,0.0,0.0,False,WATCH,0.7,IDLE,0.0,0.0,0.0,0.0,1729.9241525405046
2024-01-01 08:30:00,2057.170220172994,313.71528278877463,1743.4549373842194,0.0,0.0,0.0,0.0,False,WATCH,0.7,IDLE,0.0,0.0,0.0,0.0,1743.4549373842194
2024-01-01 08:45:00,2126.661866117207,357.4298808211697,1769.2319852960372,0.0,0.0,0.0,0.0,False,WATCH,0.7,IDLE,0.0,0.0,0.0,0.0,1769.2319852960372
2024-01-01 09:00:00,1736.1029934329854,416.0637344547025,1320.0392589782828,0.0,0.0,0.0,0.0,False,NORMAL,0.7,IDLE,0.0,0.0,0.0,0.0,1320.0392589782828
2024-01-01 09:15:00,1743.1670109849865,311.524482308566,1431.6425286764206,0.0,0.0,0.0,0.0,False,NORMAL,0.7,IDLE,0.0,0.0,0.0,0.0,1431.6425286764206
2024-01-01 09:30:00,1799.3975921281267,479.5683501578073,1319.8292419703193,0.0,0.0,0.0,0.0,False,NORMAL,0.7,IDLE,0.0,0.0,0.0,0.0,1319.8292419703193
2024-01-01 09:45:00,1788.3461451541268,491.5646947140124,1296.7814504401144,0.0,0.0,0.0,0.0,False,NORMAL,0.7,IDLE,0.0,0.0,0.0,0.0,1296.7814504401144
2024-01-01 10:00:00,1771.7590905214365,542.800429529457,1228.9586609919795,0.0,0.0,0.0,0.0,False,NORMAL,0.7,IDLE,0.0,0.0,0.0,0.0,1228.9586609919795
2024-01-01 10:15:00,1768.2274453521418,575.1088381641082,1193.1186071880336,0.0,0.0,0.0,0.0,False,NORMAL,0.7,IDLE,0.0,0.0,0.0,0.0,1193.1186071880336
2024-01-01 10:30:00,1784.8284622930412,450.99412071340737,1333.834341579634,0.0,0.0,0.0,0.0,False,NORMAL,0.7,IDLE,0.0,0.0,0.0,0.0,1333.834341579634
2024-01-01 10:45:00,1743.954932920825,633.5361009459095,1110.4188319749155,0.0,0.0,0.0,0.0,False,NORMAL,0.7,IDLE,0.0,0.0,0.0,0.0,1110.4188319749155
2024-01-01 11:00:00,1799.3548349161547,646.5509872964102,1152.8038476197444,0.0,0.0,0.0,0.0,False,NORMAL,0.7,IDLE,0.0,0.0,0.0,0.0,1152.8038476197444
2024-01-01 11:15:00,1833.3108241216005,280.3131754393174,1552.9976486822832,0.0,0.0,0.0,0.0,False,NORMAL,0.7,IDLE,0.0,0.0,0.0,0.0,1552.9976486822832
2024-01-01 11:30:00,1768.9538612871092,690.0161751791918,1078.9376861079174,0.0,0.0,0.0,0.0,False,NORMAL,0.7,IDLE,0.0,0.0,0.0,0.0,1078.9376861079174
2024-01-01 11:45:00,1852.3092194557248,250.53001981018454,1601.7791996455403,0.0,0.0,0.0,0.0,False,NORMAL,0.7,IDLE,0.0,0.0,0.0,0.0,1601.7791996455403
2024-01-01 12:00:00,1638.644511333789,695.6786393423508,942.9658719914382,0.0,0.0,0.0,0.0,False,NORMAL,0.7,IDLE,0.0,0.0,0.0,0.0,942.9658719914382
2024-01-01 12:15:00,1780.7989933518684,707.8288740956416,1072.9701192562268,0.0,0.0,0.0,0.0,False,NORMAL,0.7,IDLE,0.0,0.0,0.0,0.0,1072.9701192562268
2024-01-01 12:30:00,1732.8101666571276,729.1163940256541,1003.6937726314735,0.0,0.0,0.0,0.0,False,NORMAL,0.7,IDLE,0.0,0.0,0.0,0.0,1003.6937726314735
2024-01-01 12:45:00,1735.1342600929595,703.2279299888067,1031.9063301041529,0.0,0.0,0.0,0.0,False,NORMAL,0.7,IDLE,0.0,0.0,0.0,0.0,1031.9063301041529
2024-01-01 13:00:00,1741.7018290575284,673.8575242258195,1067.844304831709,0.0,0.0,0.0,0.0,False,NORMAL,0.7,IDLE,0.0,0.0,0.0,0.0,1067.844304831709
2024-01-01 13:15:00,1650.2904881784161,681.2310226989628,969.0594654794534,0.0,0.0,0.0,0.0,False,NORMAL,0.7,IDLE,0.0,0.0,0.0,0.0,969.0594654794534
2024-01-01 13:30:00,1720.3104551990814,688.5367431943477,1031.7737120047336,0.0,0.0,0.0,0.0,False,NORMAL,0.7,IDLE,0.0,0.0,0.0,0.0,1031.7737120047336
2024-01-01 13:45:00,1727.9842027603115,650.5362761890351,1077.4479265712764,0.0,0.0,0.0,0.0,False,NORMAL,0.7,IDLE,0.0,0.0,0.0,0.0,1077.4479265712764
2024-01-01 14:00:00,1827.996146485481,617.7964231248823,1210.1997233605987,0.0,0.0,0.0,0.0,False,NORMAL,0.7,IDLE,0.0,0.0,0.0,0.0,1210.1997233605987
2024-01-01 14:15:00,1750.1890956938062,591.912758961881,1158.2763367319253,0.0,0.0,0.0,0.0,False,NORMAL,0.7,IDLE,0.0,0.0,0.0,0.0,1158.2763367319253
2024-01-01 14:30:00,1795.9386210653263,571.5511207549853,1224.387500310341,0.0,0.0,0.0,0.0,False,NORMAL,0.7,IDLE,0.0,0.0,0.0,0.0,1224.387500310341
2024-01-01 14:45:00,1775.308070698985,530.4575263093187,1244.850544389666,0.0,0.0,0.0,0.0,False,NORMAL,0.7,IDLE,0.0,0.0,0.0,0.0,1244.850544389666
2024-01-01 15:00:00,1860.8489541013012,485.75095216481344,1375.0980019364877,0.0,0.0,0.0,0.0,False,NORMAL,0.7,IDLE,0.0,0.0,0.0,0.0,1375.0980019364877
2024-01-01 15:15:00,1794.3737073633597,453.61691506440576,1340.756792298954,0.0,0.0,0.0,0.0,False,NORMAL,0.7,IDLE,0.0,0.0,0.0,0.0,1340.756792298954
2024-01-01 15:30:00,1750.7032486503706,123.6305455358563,1627.0727031145143,0.0,0.0,0.0,0.0,False,NORMAL,0.7,IDLE,0.0,0.0,0.0,0.0,1627.0727031145143
2024-01-01 15:45:00,1815.1933634208704,343.19141770018393,1472.0019457206863,0.0,0.0,0.0,0.0,False,NORMAL,0.7,IDLE,0.0,0.0,0.0,0.0,1472.0019457206863
2024-01-01 16:00:00,1780.4906425110141,319.7358827086815,1460.7547598023325,0.0,0.0,0.0,0.0,False,NORMAL,0.7,IDLE,0.0,0.0,0.0,0.0,1460.7547598023325
2024-01-01 16:15:00,1906.2366589169446,277.5568156799741,1628.6798432369706,0.0,0.0,0.0,0.0,False,NORMAL,0.7,IDLE,0.0,0.0,0.0,0.0,1628.6798432369706
2024-01-01 16:30:00,1924.1505295692589,111.27256880220219,1812.8779607670567,0.0,0.0,0.0,0.0,False,WATCH,0.7,IDLE,0.0,0.0,0.0,0.0,1812.8779607670567
2024-01-01 16:45:00,2045.3962425473626,150.21517342810216,1895.1810691192604,0.0,0.0,0.0,0.0,False,WATCH,0.7,IDLE,0.0,0.0,0.0,0.0,1895.1810691192604
2024-01-01 17:00:00,2105.373686518839,148.91484813374552,1956.4588383850933,0.0,0.0,0.0,0.0,False,WARNING,0.7,IDLE,0.0,0.0,0.0,0.0,1956.4588383850933
2024-01-01 17:15:00,2106.5648919752425,119.3633332053435,1987.201558769899,0.0,0.0,0.0,0.0,False,WARNING,0.7,IDLE,0.0,0.0,0.0,0.0,1987.201558769899
2024-01-01 17:30:00,2225.7788474485574,86.30654186226529,2139.472305586292,0.0,0.0,0.0,0.0,False,WARNING,0.7,IDLE,0.0,0.0,0.0,0.0,2139.472305586292
2024-01-01 17:45:00,2236.433960903859,54.46915213185983,2181.964808771999,0.0,0.0,0.0,0.0,False,WARNING,0.7,IDLE,0.0,0.0,0.0,0.0,2181.964808771999
2024-01-01 18:00:00,2271.9682888247235,32.73944444876298,2239.2288443759603,0.0,0.0,0.0,0.0,False,WARNING,0.7,IDLE,0.0,0.0,0.0,0.0,2239.2288443759603
2024-01-01 18:15:00,2280.5707601064064,10.658165995669101,2269.9125941107372,0.0,0.0,0.0,0.0,False,WARNING,0.7,IDLE,0.0,0.0,0.0,0.0,2269.9125941107372
2024-01-01 18:30:00,2283.5499342391886,3.3239829732165073e-22,2283.5499342391886,0.0,0.0,0.0,0.0,False,WARNING,0.7,IDLE,0.0,0.0,0.0,0.0,2283.5499342391886
2024-01-01 18:45:00,2352.9298969010856,0.0,2352.9298969010856,0.0,0.0,0.0,0.0,True,CRITICAL,0.7,IDLE,0.0,0.0,0.0,52.92989690108561,2352.9298969010856
2024-01-01 19:00:00,2278.5782936786445,0.0,2278.5782936786445,0.0,0.0,0.0,0.0,False,WARNING,0.7,IDLE,0.0,0.0,0.0,0.0,2278.5782936786445
2024-01-01 19:15:00,2241.267733602014,0.0,2241.267733602014,0.0,0.0,0.0,0.0,False,WARNING,0.7,IDLE,0.0,0.0,0.0,0.0,2241.267733602014
2024-01-01 19:30:00,2234.662010712357,0.0,2234.662010712357,0.0,0.0,0.0,0.0,False,WARNING,0.7,IDLE,0.0,0.0,0.0,0.0,2234.662010712357
2024-01-01 19:45:00,2247.514416813089,0.0,2247.514416813089,0.0,0.0,0.0,0.0,False,WARNING,0.7,IDLE,0.0,0.0,0.0,0.0,2247.514416813089
2024-01-01 20:00:00,2282.0184670354247,0.0,2282.0184670354247,0.0,0.0,0.0,0.0,False,WARNING,0.7,IDLE,0.0,0.0,0.0,0.0,2282.0184670354247
2024-01-01 20:15:00,2194.1990133892537,0.0,2194.1990133892537,0.0,0.0,0.0,0.0,False,WARNING,0.7,IDLE,0.0,0.0,0.0,0.0,2194.1990133892537
2024-01-01 20:30:00,2137.148019421649,0.0,2137.148019421649,0.0,0.0,0.0,0.0,False,WARNING,0.7,IDLE,0.0,0.0,0.0,0.0,2137.148019421649
2024-01-01 20:45:00,2120.5201235014492,0.0,2120.5201235014492,0.0,0.0,0.0,0.0,False,WARNING,0.7,IDLE,0.0,0.0,0.0,0.0,2120.5201235014492
2024-01-01 21:00:00,1982.1503220086108,0.0,1982.1503220086108,0.0,0.0,0.0,0.0,False,WARNING,0.7,IDLE,0.0,0.0,0.0,0.0,1982.1503220086108
2024-01-01 21:15:00,1965.593288779952,0.0,1965.593288779952,0.0,0.0,0.0,0.0,False,WARNING,0.7,IDLE,0.0,0.0,0.0,0.0,1965.593288779952
2024-01-01 21:30:00,1866.846990104421,0.0,1866.846990104421,0.0,0.0,0.0,0.0,False,WATCH,0.7,IDLE,0.0,0.0,0.0,0.0,1866.846990104421
2024-01-01 21:45:00,1789.4900679515226,0.0,1789.4900679515226,0.0,0.0,0.0,0.0,False,WATCH,0.7,IDLE,0.0,0.0,0.0,0.0,1789.4900679515226
2024-01-01 22:00:00,1571.8699263391363,0.0,1571.8699263391363,0.0,0.0,0.0,0.0,False,NORMAL,0.7,IDLE,0.0,0.0,0.0,0.0,1571.8699263391363
2024-01-01 22:15:00,1440.3416747192878,0.0,1440.3416747192878,0.0,0.0,0.0,0.0,False,NORMAL,0.7,IDLE,0.0,0.0,0.0,0.0,1440.3416747192878
2024-01-01 22:30:00,1285.148801896049,0.0,1285.148801896049,0.0,0.0,0.0,0.0,False,NORMAL,0.7,IDLE,0.0,0.0,0.0,0.0,1285.148801896049
2024-01-01 22:45:00,1105.7605512658522,0.0,1105.7605512658522,0.0,0.0,0.0,0.0,False,NORMAL,0.7,IDLE,0.0,0.0,0.0,0.0,1105.7605512658522
2024-01-01 23:00:00,1050.2490428511765,0.0,1050.2490428511765,0.0,0.0,0.0,0.0,False,NORMAL,0.7,IDLE,0.0,0.0,0.0,0.0,1050.2490428511765
2024-01-01 23:15:00,1001.5032169014556,0.0,1001.5032169014556,0.0,0.0,0.0,0.0,False,NORMAL,0.7,IDLE,0.0,0.0,0.0,0.0,1001.5032169014556
2024-01-01 23:30:00,915.624614664923,0.0,915.624614664923,0.0,0.0,0.0,0.0,False,NORMAL,0.7,IDLE,0.0,0.0,0.0,0.0,915.624614664923
2024-01-01 23:45:00,867.9531487487752,0.0,867.9531487487752,0.0,0.0,0.0,0.0,False,NORMAL,0.7,IDLE,0.0,0.0,0.0,0.0,867.9531487487752
2024-01-02 00:00:00,862.6410372545033,0.0,862.6410372545033,0.0,0.0,0.0,0.0,False,NORMAL,0.7,IDLE,0.0,0.0,0.0,0.0,862.6410372545033
2024-01-02 00:15:00,781.2910153986585,0.0,781.2910153986585,0.0,0.0,0.0,0.0,False,NORMAL,0.7,IDLE,0.0,0.0,0.0,0.0,781.2910153986585
2024-01-02 00:30:00,829.2123180206019,0.0,829.2123180206019,0.0,0.0,0.0,0.0,False,NORMAL,0.7,IDLE,0.0,0.0,0.0,0.0,829.2123180206019
2024-01-02 00:45:00,885.4129262515762,0.0,885.4129262515762,0.0,0.0,0.0,0.0,False,NORMAL,0.7,IDLE,0.0,0.0,0.0,0.0,885.4129262515762
2024-01-02 01:00:00,783.3874093481847,0.0,783.3874093481847,0.0,0.0,0.0,0.0,False,NORMAL,0.7,IDLE,0.0,0.0,0.0,0.0,783.3874093481847
2024-01-02 01:15:00,769.9553432962077,0.0,769.9553432962077,0.0,0.0,0.0,0.0,False,NORMAL,0.7,IDLE,0.0,0.0,0.0,0.0,769.9553432962077
2024-01-02 01:30:00,813.0350090405649,0.0,813.0350090405649,0.0,0.0,0.0,0.0,False,NORMAL,0.7,IDLE,0.0,0.0,0.0,0.0,813.0350090405649
2024-01-02 01:45:00,790.3506163353645,0.0,790.3506163353645,0.0,0.0,0.0,0.0,False,NORMAL,0.7,IDLE,0.0,0.0,0.0,0.0,790.3506163353645
2024-01-02 02:00:00,762.1224533660171,0.0,762.1224533660171,0.0,0.0,0.0,0.0,False,NORMAL,0.7,IDLE,0.0,0.0,0.0,0.0,762.1224533660171
2024-01-02 02:15:00,842.0126981141416,0.0,842.0126981141416,0.0,0.0,0.0,0.0,False,NORMAL,0.7,IDLE,0.0,0.0,0.0,0.0,842.0126981141416
2024-01-02 02:30:00,752.0337308649115,0.0,752.0337308649115,0.0,0.0,0.0,0.0,False,NORMAL,0.7,IDLE,0.0,0.0,0.0,0.0,752.0337308649115
2024-01-02 02:45:00,799.7372494941467,0.0,799.7372494941467,0.0,0.0,0.0,0.0,False,NORMAL,0.7,IDLE,0.0,0.0,0.0,0.0,799.7372494941467
2024-01-02 03:00:00,782.5025945600555,0.0,782.5025945600555,0.0,0.0,0.0,0.0,False,NORMAL,0.7,IDLE,0.0,0.0,0.0,0.0,782.5025945600555
2024-01-02 03:15:00,889.3382452973789,0.0,889.3382452973789,0.0,0.0,0.0,0.0,False,NORMAL,0.7,IDLE,0.0,0.0,0.0,0.0,889.3382452973789
2024-01-02 03:30:00,756.5916417483559,0.0,756.5916417483559,0.0,0.0,0.0,0.0,False,NORMAL,0.7,IDLE,0.0,0.0,0.0,0.0,756.5916417483559
2024-01-02 03:45:00,778.4800869703454,0.0,778.4800869703454,0.0,0.0,0.0,0.0,False,NORMAL,0.7,IDLE,0.0,0.0,0.0,0.0,778.4800869703454
2024-01-02 04:00:00,837.1707189710633,0.0,837.1707189710633,0.0,0.0,0.0,0.0,False,NORMAL,0.7,IDLE,0.0,0.0,0.0,0.0,837.1707189710633
2024-01-02 04:15:00,792.8455098521342,0.0,792.8455098521342,0.0,0.0,0.0,0.0,False,NORMAL,0.7,IDLE,0.0,0.0,0.0,0.0,792.8455098521342
2024-01-02 04:30:00,838.5052539035119,0.0,838.5052539035119,0.0,0.0,0.0,0.0,False,NORMAL,0.7,IDLE,0.0,0.0,0.0,0.0,838.5052539035119
2024-01-02 04:45:00,830.1178636495442,0.0,830.1178636495442,0.0,0.0,0.0,0.0,False,NORMAL,0.7,IDLE,0.0,0.0,0.0,0.0,830.1178636495442
2024-01-02 05:00:00,756.8149404455062,0.0,756.8149404455062,0.0,0.0,0.0,0.0,False,NORMAL,0.7,IDLE,0.0,0.0,0.0,0.0,756.8149404455062
2024-01-02 05:15:00,946.9345019099105,0.0,946.9345019099105,0.0,0.0,0.0,0.0,False,NORMAL,0.7,IDLE,0.0,0.0,0.0,0.0,946.9345019099105
2024-01-02 05:30:00,992.761858200195,0.0,992.761858200195,0.0,0.0,0.0,0.0,False,NORMAL,0.7,IDLE,0.0,0.0,0.0,0.0,992.761858200195
2024-01-02 05:45:00,1133.8962764791647,0.0,1133.8962764791647,0.0,0.0,0.0,0.0,False,NORMAL,0.7,IDLE,0.0,0.0,0.0,0.0,1133.8962764791647
2024-01-02 06:00:00,1177.5742204344738,3.5039831811225817e-22,1177.5742204344738,0.0,0.0,0.0,0.0,False,NORMAL,0.7,IDLE,0.0,0.0,0.0,0.0,1177.5742204344738
2024-01-02 06:15:00,1268.0190631266807,5.594131465786239,1262.4249316608946,0.0,0.0,0.0,0.0,False,NORMAL,0.7,IDLE,0.0,0.0,0.0,0.0,1262.4249316608946
2024-01-02 06:30:00,1471.2574825533034,31.473527993500863,1439.7839545598024,0.0,0.0,0.0,0.0,False,NORMAL,0.7,IDLE,0.0,0.0,0.0,0.0,1439.7839545598024
2024-01-02 06:45:00,1562.143679311529,62.0538306742571,1500.0898486372719,0.0,0.0,0.0,0.0,False,NORMAL,0.7,IDLE,0.0,0.0,0.0,0.0,1500.0898486372719
2024-01-02 07:00:00,1654.8129842414264,91.65368431586239,1563.159299925564,0.0,0.0,0.0,0.0,False,NORMAL,0.7,IDLE,0.0,0.0,0.0,0.0,1563.159299925564
2024-01-02 07:15:00,1769.6271163295573,122.84820863288923,1646.778907696668,0.0,0.0,0.0,0.0,False,NORMAL,0.7,IDLE,0.0,0.0,0.0,0.0,1646.778907696668
2024-01-02 07:30:00,1855.8304705669566,161.82038057074405,1694.0100899962126,0.0,0.0,0.0,0.0,False,NORMAL,0.7,IDLE,0.0,0.0,0.0,0.0,1694.0100899962126
2024-01-02 07:45:00,1952.549767473288,201.03730915275125,1751.5124583205368,0.0,0.0,0.0,0.0,False,WATCH,0.7,IDLE,0.0,0.0,0.0,0.0,1751.5124583205368
2024-01-02 08:00:00,2055.5236299608746,98.1705271281096,1957.353102832765,0.0,0.0,0.0,0.0,False,WARNING,0.7,IDLE,0.0,0.0,0.0,0.0,1957.353102832765
2024-01-02 08:15:00,2100.8508936827816,300.7263341726778,1800.1245595101038,0.0,0.0,0.0,0.0,False,WATCH,0.7,IDLE,0.0,0.0,0.0,0.0,1800.1245595101038
2024-01-02 08:30:00,2269.3356163176545,331.29532275683283,1938.0402935608217,0.0,0.0,0.0,0.0,False,WATCH,0.7,IDLE,0.0,0.0,0.0,0.0,1938.0402935608217
2024-01-02 08:45:00,2285.601461630563,352.53403715687347,1933.0674244736895,0.0,0.0,0.0,0.0,False,WATCH,0.7,IDLE,0.0,0.0,0.0,0.0,1933.0674244736895
2024-01-02 09:00:00,1822.5336551732778,418.3870126664352,1404.1466425068425,0.0,0.0,0.0,0.0,False,NORMAL,0.7,IDLE,0.0,0.0,0.0,0.0,1404.1466425068425
2024-01-02 09:15:00,1877.083742700305,460.2231459551913,1416.8605967451138,0.0,0.0,0.0,0.0,False,NORMAL,0.7,IDLE,0.0,0.0,0.0,0.0,1416.8605967451138
2024-01-02 09:30:00,1855.5230616438575,499.0853111998208,1356.4377504440367,0.0,0.0,0.0,0.0,False,NORMAL,0.7,IDLE,0.0,0.0,0.0,0.0,1356.4377504440367
2024-01-02 09:45:00,1897.4218000169533,530.4304699205228,1366.9913300964304,0.0,0.0,0.0,0.0,False,NORMAL,0.7,IDLE,0.0,0.0,0.0,0.0,1366.9913300964304
2024-01-02 10:00:00,1904.2500719378834,580.1436126600116,1324.1064592778716,0.0,0.0,0.0,0.0,False,NORMAL,0.7,IDLE,0.0,0.0,0.0,0.0,1324.1064592778716
2024-01-02 10:15:00,1845.0081898681233,610.6467898459856,1234.3614000221378,0.0,0.0,0.0,0.0,False,NORMAL,0.7,IDLE,0.0,0.0,0.0,0.0,1234.3614000221378
2024-01-02 10:30:00,1893.2127219463177,638.9542179485037,1254.258503997814,0.0,0.0,0.0,0.0,False,NORMAL,0.7,IDLE,0.0,0.0,0.0,0.0,1254.258503997814
2024-01-02 10:45:00,1847.2939263167796,674.3045284332674,1172.989397883512,0.0,0.0,0.0,0.0,False,NORMAL,0.7,IDLE,0.0,0.0,0.0,0.0,1172.989397883512
2024-01-02 11:00:00,1916.1926232127703,472.85978537320045,1443.33283783957,0.0,0.0,0.0,0.0,False,NORMAL,0.7,IDLE,0.0,0.0,0.0,0.0,1443.33283783957
2024-01-02 11:15:00,1927.3455103841902,697.8530930935849,1229.4924172906053,0.0,0.0,0.0,0.0,False,NORMAL,0.7,IDLE,0.0,0.0,0.0,0.0,1229.4924172906053
2024-01-02 11:30:00,1876.3278759846016,753.2200705102812,1123.1078054743205,0.0,0.0,0.0,0.0,False,NORMAL,0.7,IDLE,0.0,0.0,0.0,0.0,1123.1078054743205
2024-01-02 11:45:00,1862.7382975982541,746.4747340513983,1116.263563546856,0.0,0.0,0.0,0.0,False,NORMAL,0.7,IDLE,0.0,0.0,0.0,0.0,1116.263563546856
2024-01-02 12:00:00,1773.5725921689468,759.1033962821908,1014.469195886756,0.0,0.0,0.0,0.0,False,NORMAL,0.7,IDLE,0.0,0.0,0.0,0.0,1014.469195886756
2024-01-02 12:15:00,1786.1274825086077,770.2521730185075,1015.8753094901002,0.0,0.0,0.0,0.0,False,NORMAL,0.7,IDLE,0.0,0.0,0.0,0.0,1015.8753094901002
2024-01-02 12:30:00,1823.845686668505,752.4145882955968,1071.4310983729083,0.0,0.0,0.0,0.0,False,NORMAL,0.7,IDLE,0.0,0.0,0.0,0.0,1071.4310983729083
2024-01-02 12:45:00,1809.332266305907,754.6025640307611,1054.7297022751459,0.0,0.0,0.0,0.0,False,NORMAL,0.7,IDLE,0.0,0.0,0.0,0.0,1054.7297022751459
2024-01-02 13:00:00,1875.8547306925982,689.0048856024982,1186.8498450901,0.0,0.0,0.0,0.0,False,NORMAL,0.7,IDLE,0.0,0.0,0.0,0.0,1186.8498450901
2024-01-02 13:15:00,1849.078364749149,712.5283580735869,1136.5500066755621,0.0,0.0,0.0,0.0,False,NORMAL,0.7,IDLE,0.0,0.0,0.0,0.0,1136.5500066755621
2024-01-02 13:30:00,1833.4381542025394,685.278865625061,1148.1592885774785,0.0,0.0,0.0,0.0,False,NORMAL,0.7,IDLE,0.0,0.0,0.0,0.0,1148.1592885774785
2024-01-02 13:45:00,1865.1539753646218,699.5823296777036,1165.5716456869181,0.0,0.0,0.0,0.0,False,NORMAL,0.7,IDLE,0.0,0.0,0.0,0.0,1165.5716456869181
2024-01-02 14:00:00,1881.110653255348,657.225482162932,1223.885171092416,0.0,0.0,0.0,0.0,False,NORMAL,0.7,IDLE,0.0,0.0,0.0,0.0,1223.885171092416
2024-01-02 14:15:00,1998.0809617919203,597.911014849574,1400.1699469423463,0.0,0.0,0.0,0.0,False,NORMAL,0.7,IDLE,0.0,0.0,0.0,0.0,1400.1699469423463
2024-01-02 14:30:00,1906.8900985677933,582.8299369857118,1324.0601615820815,0.0,0.0,0.0,0.0,False,NORMAL,0.7,IDLE,0.0,0.0,0.0,0.0,1324.0601615820815
2024-01-02 14:45:00,1868.7781679003704,543.3262522967641,1325.4519156036063,0.0,0.0,0.0,0.0,False,NORMAL,0.7,IDLE,0.0,0.0,0.0,0.0,1325.4519156036063
2024-01-02 15:00:00,1857.969564747909,509.3245373175377,1348.6450274303713,0.0,0.0,0.0,0.0,False,NORMAL,0.7,IDLE,0.0,0.0,0.0,0.0,1348.6450274303713
2024-01-02 15:15:00,1889.1874149804103,448.2567484541187,1440.9306665262916,0.0,0.0,0.0,0.0,False,NORMAL,0.7,IDLE,0.0,0.0,0.0,0.0,1440.9306665262916
2024-01-02 15:30:00,1871.632397745183,425.319662557859,1446.312735187324,0.0,0.0,0.0,0.0,False,NORMAL,0.7,IDLE,0.0,0.0,0.0,0.0,1446.312735187324
2024-01-02 15:45:00,1929.222745845779,375.4955961166446,1553.7271497291345,0.0,0.0,0.0,0.0,False,NORMAL,0.7,IDLE,0.0,0.0,0.0,0.0,1553.7271497291345
2024-01-02 16:00:00,1927.0706503789709,200.13093735729106,1726.9397130216798,0.0,0.0,0.0,0.0,False,WATCH,0.7,IDLE,0.0,0.0,0.0,0.0,1726.9397130216798
2024-01-02 16:15:00,1991.6619324464255,285.06224001256186,1706.5996924338635,0.0,0.0,0.0,0.0,False,NORMAL,0.7,IDLE,0.0,0.0,0.0,0.0,1706.5996924338635
2024-01-02 16:30:00,2032.6675551999037,244.05751195943282,1788.610043240471,0.0,0.0,0.0,0.0,False,WATCH,0.7,IDLE,0.0,0.0,0.0,0.0,1788.610043240471
2024-01-02 16:45:00,2107.5664120786723,213.67439115050604,1893.8920209281664,0.0,0.0,0.0,0.0,False,WATCH,0.7,IDLE,0.0,0.0,0.0,0.0,1893.8920209281664
2024-01-02 17:00:00,2220.7955459098303,160.700041745753,2060.0955041640773,0.0,0.0,0.0,0.0,False,WARNING,0.7,IDLE,0.0,0.0,0.0,0.0,2060.0955041640773
2024-01-02 17:15:00,2360.9030822788445,123.87651613825558,2237.026566140589,0.0,0.0,0.0,0.0,False,WARNING,0.7,IDLE,0.0,0.0,0.0,0.0,2237.026566140589
2024-01-02 17:30:00,2373.588840947571,46.8706663539794,2326.718174593592,0.0,0.0,0.0,0.0,True,CRITICAL,0.7,IDLE,0.0,0.0,0.0,26.71817459359181,2326.718174593592
2024-01-02 17:45:00,2388.3344800447258,58.86529520850934,2329.4691848362163,0.0,0.0,0.0,0.0,True,CRITICAL,0.7,IDLE,0.0,0.0,0.0,29.4691848362163,2329.4691848362163
2024-01-02 18:00:00,2431.6440705980353,32.08910764061185,2399.5549629574234,0.0,0.0,0.0,0.0,True,CRITICAL,0.7,IDLE,0.0,0.0,0.0,99.55496295742341,2399.5549629574234
2024-01-02 18:15:00,2504.853155325229,11.726083594506674,2493.1270717307225,0.0,0.0,0.0,0.0,True,CRITICAL,0.7,IDLE,0.0,0.0,0.0,193.1270717307225,2493.1270717307225
2024-01-02 18:30:00,2471.124661656811,3.3989951507288642e-22,2471.124661656811,0.0,0.0,0.0,0.0,True,CRITICAL,0.7,IDLE,0.0,0.0,0.0,171.12466165681099,2471.124661656811
2024-01-02 18:45:00,2538.860346748479,0.0,2538.860346748479,0.0,0.0,0.0,0.0,True,CRITICAL,0.7,IDLE,0.0,0.0,0.0,238.86034674847906,2538.860346748479
2024-01-02 19:00:00,2463.1992895587455,0.0,2463.1992895587455,0.0,0.0,0.0,0.0,True,CRITICAL,0.7,IDLE,0.0,0.0,0.0,163.19928955874548,2463.1992895587455
2024-01-02 19:15:00,2440.8824074960294,0.0,2440.8824074960294,0.0,0.0,0.0,0.0,True,CRITICAL,0.7,IDLE,0.0,0.0,0.0,140.88240749602937,2440.8824074960294
2024-01-02 19:30:00,2472.5974297810435,0.0,2472.5974297810435,0.0,0.0,0.0,0.0,True,CRITICAL,0.7,IDLE,0.0,0.0,0.0,172.5974297810435,2472.5974297810435
2024-01-02 19:45:00,2479.1111386995703,0.0,2479.1111386995703,0.0,0.0,0.0,0.0,True,CRITICAL,0.7,IDLE,0.0,0.0,0.0,179.11113869957035,2479.1111386995703
2024-01-02 20:00:00,2426.416439225046,0.0,2426.416439225046,0.0,0.0,0.0,0.0,True,CRITICAL,0.7,IDLE,0.0,0.0,0.0,126.4164392250459,2426.416439225046
2024-01-02 20:15:00,2388.9324346074113,0.0,2388.9324346074113,0.0,0.0,0.0,0.0,True,CRITICAL,0.7,IDLE,0.0,0.0,0.0,88.93243460741132,2388.9324346074113
2024-01-02 20:30:00,2300.2007145122866,0.0,2300.2007145122866,0.0,0.0,0.0,0.0,True,CRITICAL,0.7,IDLE,0.0,0.0,0.0,0.20071451228659498,2300.2007145122866
2024-01-02 20:45:00,2252.6877605307614,0.0,2252.6877605307614,0.0,0.0,0.0,0.0,False,WARNING,0.7,IDLE,0.0,0.0,0.0,0.0,2252.6877605307614
2024-01-02 21:00:00,2233.655519053687,0.0,2233.655519053687,0.0,0.0,0.0,0.0,False,WARNING,0.7,IDLE,0.0,0.0,0.0,0.0,2233.655519053687
2024-01-02 21:15:00,2174.109485278507,0.0,2174.109485278507,0.0,0.0,0.0,0.0,False,WARNING,0.7,IDLE,0.0,0.0,0.0,0.0,2174.109485278507
2024-01-02 21:30:00,2021.0168839095281,0.0,2021.0168839095281,0.0,0.0,0.0,0.0,False,WARNING,0.7,IDLE,0.0,0.0,0.0,0.0,2021.0168839095281
2024-01-02 21:45:00,1991.5744613875281,0.0,1991.5744613875281,0.0,0.0,0.0,0.0,False,WARNING,0.7,IDLE,0.0,0.0,0.0,0.0,1991.5744613875281
2024-01-02 22:00:00,1715.4255934998735,0.0,1715.4255934998735,0.0,0.0,0.0,0.0,False,NORMAL,0.7,IDLE,0.0,0.0,0.0,0.0,1715.4255934998735
2024-01-02 22:15:00,1601.1819564328573,0.0,1601.1819564328573,0.0,0.0,0.0,0.0,False,NORMAL,0.7,IDLE,0.0,0.0,0.0,0.0,1601.1819564328573
2024-01-02 22:30:00,1432.862632595873,0.0,1432.862632595873,0.0,0.0,0.0,0.0,False,NORMAL,0.7,IDLE,0.0,0.0,0.0,0.0,1432.862632595873
2024-01-02 22:45:00,1246.649983499155,0.0,1246.649983499155,0.0,0.0,0.0,0.0,False,NORMAL,0.7,IDLE,0.0,0.0,0.0,0.0,1246.649983499155
2024-01-02 23:00:00,1064.3173050342973,0.0,1064.3173050342973,0.0,0.0,0.0,0.0,False,NORMAL,0.7,IDLE,0.0,0.0,0.0,0.0,1064.3173050342973
2024-01-02 23:15:00,1072.9787281090892,0.0,1072.9787281090892,0.0,0.0,0.0,0.0,False,NORMAL,0.7,IDLE,0.0,0.0,0.0,0.0,1072.9787281090892
2024-01-02 23:30:00,995.865896310806,0.0,995.865896310806,0.0,0.0,0.0,0.0,False,NORMAL,0.7,IDLE,0.0,0.0,0.0,0.0,995.865896310806
2024-01-02 23:45:00,953.6053776336697,0.0,953.6053776336697,0.0,0.0,0.0,0.0,False,NORMAL,0.7,IDLE,0.0,0.0,0.0,0.0,953.6053776336697
2024-01-03 00:00:00,782.8191122324896,0.0,782.8191122324896,0.0,0.0,0.0,0.0,False,NORMAL,0.7,IDLE,0.0,0.0,0.0,0.0,782.8191122324896
2024-01-03 00:15:00,812.8077237500038,0.0,812.8077237500038,0.0,0.0,0.0,0.0,False,NORMAL,0.7,IDLE,0.0,0.0,0.0,0.0,812.8077237500038
2024-01-03 00:30:00,855.7292688135801,0.0,855.7292688135801,0.0,0.0,0.0,0.0,False,NORMAL,0.7,IDLE,0.0,0.0,0.0,0.0,855.7292688135801
2024-01-03 00:45:00,762.887466727354,0.0,762.887466727354,0.0,0.0,0.0,0.0,False,NORMAL,0.7,IDLE,0.0,0.0,0.0,0.0,762.887466727354
2024-01-03 01:00:00,860.021798360292,0.0,860.021798360292,0.0,0.0,0.0,0.0,False,NORMAL,0.7,IDLE,0.0,0.0,0.0,0.0,860.021798360292
2024-01-03 01:15:00,762.9338546298441,0.0,762.9338546298441,0.0,0.0,0.0,0.0,False,NORMAL,0.7,IDLE,0.0,0.0,0.0,0.0,762.9338546298441
2024-01-03 01:30:00,787.6121327414344,0.0,787.6121327414344,0.0,0.0,0.0,0.0,False,NORMAL,0.7,IDLE,0.0,0.0,0.0,0.0,787.6121327414344
2024-01-03 01:45:00,833.4002806004128,0.0,833.4002806004128,0.0,0.0,0.0,0.0,False,NORMAL,0.7,IDLE,0.0,0.0,0.0,0.0,833.4002806004128
2024-01-03 02:00:00,776.3325992026167,0.0,776.3325992026167,0.0,0.0,0.0,0.0,False,NORMAL,0.7,IDLE,0.0,0.0,0.0,0.0,776.3325992026167
2024-01-03 02:15:00,770.7826472886381,0.0,770.7826472886381,0.0,0.0,0.0,0.0,False,NORMAL,0.7,IDLE,0.0,0.0,0.0,0.0,770.7826472886381
2024-01-03 02:30:00,784.5973871628055,0.0,784.5973871628055,0.0,0.0,0.0,0.0,False,NORMAL,0.7,IDLE,0.0,0.0,0.0,0.0,784.5973871628055
2024-01-03 02:45:00,792.58485858814,0.0,792.58485858814,0.0,0.0,0.0,0.0,False,NORMAL,0.7,IDLE,0.0,0.0,0.0,0.0,792.58485858814
2024-01-03 03:00:00,764.0692396283875,0.0,764.0692396283875,0.0,0.0,0.0,0.0,False,NORMAL,0.7,IDLE,0.0,0.0,0.0,0.0,764.0692396283875
2024-01-03 03:15:00,804.3704003034047,0.0,804.3704003034047,0.0,0.0,0.0,0.0,False,NORMAL,0.7,IDLE,0.0,0.0,0.0,0.0,804.3704003034047
2024-01-03 03:30:00,786.8097662174869,0.0,786.8097662174869,0.0,0.0,0.0,0.0,False,NORMAL,0.7,IDLE,0.0,0.0,0.0,0.0,786.8097662174869
2024-01-03 03:45:00,765.8541103729931,0.0,765.8541103729931,0.0,0.0,0.0,0.0,False,NORMAL,0.7,IDLE,0.0,0.0,0.0,0.0,765.8541103729931
2024-01-03 04:00:00,881.1509541282926,0.0,881.1509541282926,0.0,0.0,0.0,0.0,False,NORMAL,0.7,IDLE,0.0,0.0,0.0,0.0,881.1509541282926
2024-01-03 04:15:00,823.7570375474215,0.0,823.7570375474215,0.0,0.0,0.0,0.0,False,NORMAL,0.7,IDLE,0.0,0.0,0.0,0.0,823.7570375474215
2024-01-03 04:30:00,739.8416763730131,0.0,739.8416763730131,0.0,0.0,0.0,0.0,False,NORMAL,0.7,IDLE,0.0,0.0,0.0,0.0,739.8416763730131
2024-01-03 04:45:00,783.5306371925113,0.0,783.5306371925113,0.0,0.0,0.0,0.0,False,NORMAL,0.7,IDLE,0.0,0.0,0.0,0.0,783.5306371925113
2024-01-03 05:00:00,794.4198337877581,0.0,794.4198337877581,0.0,0.0,0.0,0.0,False,NORMAL,0.7,IDLE,0.0,0.0,0.0,0.0,794.4198337877581
2024-01-03 05:15:00,933.3138294706893,0.0,933.3138294706893,0.0,0.0,0.0,0.0,False,NORMAL,0.7,IDLE,0.0,0.0,0.0,0.0,933.3138294706893
2024-01-03 05:30:00,948.4590222166173,0.0,948.4590222166173,0.0,0.0,0.0,0.0,False,NORMAL,0.7,IDLE,0.0,0.0,0.0,0.0,948.4590222166173
2024-01-03 05:45:00,1069.5350413820427,0.0,1069.5350413820427,0.0,0.0,0.0,0.0,False,NORMAL,0.7,IDLE,0.0,0.0,0.0,0.0,1069.5350413820427
2024-01-03 06:00:00,1197.579701032705,3.616363013305053e-22,1197.579701032705,0.0,0.0,0.0,0.0,False,NORMAL,0.7,IDLE,0.0,0.0,0.0,0.0,1197.579701032705
2024-01-03 06:15:00,1312.181798123032,12.319740711964041,1299.862057411068,0.0,0.0,0.0,0.0,False,NORMAL,0.7,IDLE,0.0,0.0,0.0,0.0,1299.862057411068
2024-01-03 06:30:00,1360.767227230497,33.77487704116544,1326.9923501893315,0.0,0.0,0.0,0.0,False,NORMAL,0.7,IDLE,0.0,0.0,0.0,0.0,1326.9923501893315
2024-01-03 06:45:00,1520.2666156508412,63.64435890133375,1456.6222567495074,0.0,0.0,0.0,0.0,False,NORMAL,0.7,IDLE,0.0,0.0,0.0,0.0,1456.6222567495074
2024-01-03 07:00:00,1581.110641119721,94.37401482959892,1486.736626290122,0.0,0.0,0.0,0.0,False,NORMAL,0.7,IDLE,0.0,0.0,0.0,0.0,1486.736626290122
2024-01-03 07:15:00,1698.1801214747825,134.28772258118596,1563.8923988935965,0.0,0.0,0.0,0.0,False,NORMAL,0.7,IDLE,0.0,0.0,0.0,0.0,1563.8923988935965
2024-01-03 07:30:00,1877.9357748468685,178.3882555240151,1699.5475193228535,0.0,0.0,0.0,0.0,False,NORMAL,0.7,IDLE,0.0,0.0,0.0,0.0,1699.5475193228535
2024-01-03 07:45:00,1901.682918858672,216.66553048024673,1685.0173883784255,0.0,0.0,0.0,0.0,False,NORMAL,0.7,IDLE,0.0,0.0,0.0,0.0,1685.0173883784255
2024-01-03 08:00:00,1950.7270810736704,80.00128840897696,1870.7257926646935,0.0,0.0,0.0,0.0,False,WATCH,0.7,IDLE,0.0,0.0,0.0,0.0,1870.7257926646935
2024-01-03 08:15:00,2105.4517853128255,308.23491316009176,1797.2168721527337,0.0,0.0,0.0,0.0,False,WATCH,0.7,IDLE,0.0,0.0,0.0,0.0,1797.2168721527337
2024-01-03 08:30:00,2198.853449166709,279.6853918210827,1919.1680573456265,0.0,0.0,0.0,0.0,False,WATCH,0.7,IDLE,0.0,0.0,0.0,0.0,1919.1680573456265
2024-01-03 08:45:00,2291.472266845317,384.3059110962788,1907.166355749038,0.0,0.0,0.0,0.0,False,WATCH,0.7,IDLE,0.0,0.0,0.0,0.0,1907.166355749038
2024-01-03 09:00:00,1787.5958731095213,445.8539545302788,1341.7419185792426,0.0,0.0,0.0,0.0,False,NORMAL,0.7,IDLE,0.0,0.0,0.0,0.0,1341.7419185792426
2024-01-03 09:15:00,1814.6037967819802,396.4324786310226,1418.1713181509576,0.0,0.0,0.0,0.0,False,NORMAL,0.7,IDLE,0.0,0.0,0.0,0.0,1418.1713181509576
2024-01-03 09:30:00,1905.8362106479549,537.3848713951114,1368.4513392528434,0.0,0.0,0.0,0.0,False,NORMAL,0.7,IDLE,0.0,0.0,0.0,0.0,1368.4513392528434
2024-01-03 09:45:00,1797.7641071821906,569.3680107427468,1228.3960964394437,0.0,0.0,0.0,0.0,False,NORMAL,0.7,IDLE,0.0,0.0,0.0,0.0,1228.3960964394437
2024-01-03 10:00:00,1851.7729774344107,617.6288411094205,1234.14413632499,0.0,0.0,0.0,0.0,False,NORMAL,0.7,IDLE,0.0,0.0,0.0,0.0,1234.14413632499
2024-01-03 10:15:00,1862.95753765912,649.4486317665046,1213.5089058926153,0.0,0.0,0.0,0.0,False,NORMAL,0.7,IDLE,0.0,0.0,0.0,0.0,1213.5089058926153
2024-01-03 10:30:00,1815.3734616567465,687.4836011729474,1127.889860483799,0.0,0.0,0.0,0.0,False,NORMAL,0.7,IDLE,0.0,0.0,0.0,0.0,1127.889860483799
2024-01-03 10:45:00,1806.4236276148285,657.7617878028782,1148.6618398119504,0.0,0.0,0.0,0.0,False,NORMAL,0.7,IDLE,0.0,0.0,0.0,0.0,1148.6618398119504
2024-01-03 11:00:00,1747.5829975501758,448.73871403199433,1298.8442835181816,0.0,0.0,0.0,0.0,False,NORMAL,0.7,IDLE,0.0,0.0,0.0,0.0,1298.8442835181816
2024-01-03 11:15:00,1788.6207722350464,767.0231220884934,1021.597650146553,0.0,0.0,0.0,0.0,False,NORMAL,0.7,IDLE,0.0,0.0,0.0,0.0,1021.597650146553
2024-01-03 11:30:00,1826.931601247696,726.0957291100327,1100.8358721376635,0.0,0.0,0.0,0.0,False,NORMAL,0.7,IDLE,0.0,0.0,0.0,0.0,1100.8358721376635
2024-01-03 11:45:00,1798.788280479813,781.1742639506194,1017.6140165291936,0.0,0.0,0.0,0.0,False,NORMAL,0.7,IDLE,0.0,0.0,0.0,0.0,1017.6140165291936
2024-01-03 12:00:00,1847.2553659122723,770.5606841780397,1076.6946817342327,0.0,0.0,0.0,0.0,False,NORMAL,0.7,IDLE,0.0,0.0,0.0,0.0,1076.6946817342327
2024-01-03 12:15:00,1723.84831992085,757.753052793856,966.0952671269939,0.0,0.0,0.0,0.0,False,NORMAL,0.7,IDLE,0.0,0.0,0.0,0.0,966.0952671269939
2024-01-03 12:30:00,1759.9129019566394,786.9548908195252,972.9580111371142,0.0,0.0,0.0,0.0,False,NORMAL,0.7,IDLE,0.0,0.0,0.0,0.0,972.9580111371142
2024-01-03 12:45:00,1780.7658399727407,776.5313102422382,1004.2345297305025,0.0,0.0,0.0,0.0,False,NORMAL,0.7,IDLE,0.0,0.0,0.0,0.0,1004.2345297305025
2024-01-03 13:00:00,1836.8011274479707,808.5791745198882,1028.2219529280824,0.0,0.0,0.0,0.0,False,NORMAL,0.7,IDLE,0.0,0.0,0.0,0.0,1028.2219529280824
2024-01-03 13:15:00,1737.8551414090493,730.6212956119994,1007.23384579705,0.0,0.0,0.0,0.0,False,NORMAL,0.7,IDLE,0.0,0.0,0.0,0.0,1007.23384579705
2024-01-03 13:30:00,1798.198114595614,755.7588129856115,1042.4393016100025,0.0,0.0,0.0,0.0,False,NORMAL,0.7,IDLE,0.0,0.0,0.0,0.0,1042.4393016100025
2024-01-03 13:45:00,1780.8762040734514,707.6852968791701,1073.1909071942814,0.0,0.0,0.0,0.0,False,NORMAL,0.7,IDLE,0.0,0.0,0.0,0.0,1073.1909071942814
2024-01-03 14:00:00,1799.993167734893,259.26809112535136,1540.7250766095417,0.0,0.0,0.0,0.0,False,NORMAL,0.7,IDLE,0.0,0.0,0.0,0.0,1540.7250766095417
2024-01-03 14:15:00,1852.9592419490195,656.1140389915814,1196.8452029574382,0.0,0.0,0.0,0.0,False,NORMAL,0.7,IDLE,0.0,0.0,0.0,0.0,1196.8452029574382
2024-01-03 14:30:00,1856.6166065960604,616.2835427048399,1240.3330638912205,0.0,0.0,0.0,0.0,False,NORMAL,0.7,IDLE,0.0,0.0,0.0,0.0,1240.3330638912205
2024-01-03 14:45:00,1824.9714667902513,568.9943979301739,1255.9770688600775,0.0,0.0,0.0,0.0,False,NORMAL,0.7,IDLE,0.0,0.0,0.0,0.0,1255.9770688600775
2024-01-03 15:00:00,1885.3679600173193,532.5135609037783,1352.8543991135411,0.0,0.0,0.0,0.0,False,NORMAL,0.7,IDLE,0.0,0.0,0.0,0.0,1352.8543991135411
2024-01-03 15:15:00,1857.2584088626747,477.44076376737354,1379.8176450953013,0.0,0.0,0.0,0.0,False,NORMAL,0.7,IDLE,0.0,0.0,0.0,0.0,1379.8176450953013
2024-01-03 15:30:00,1862.8452485484854,431.4348563485831,1431.4103921999024,0.0,0.0,0.0,0.0,False,NORMAL,0.7,IDLE,0.0,0.0,0.0,0.0,1431.4103921999024
2024-01-03 15:45:00,1896.9757590140673,406.56594496336686,1490.4098140507003,0.0,0.0,0.0,0.0,False,NORMAL,0.7,IDLE,0.0,0.0,0.0,0.0,1490.4098140507003
2024-01-03 16:00:00,1924.1437106632072,349.62726398274737,1574.51644668046,0.0,0.0,0.0,0.0,False,NORMAL,0.7,IDLE,0.0,0.0,0.0,0.0,1574.51644668046
2024-01-03 16:15:00,1891.262910386451,305.6305591267953,1585.6323512596557,0.0,0.0,0.0,0.0,False,NORMAL,0.7,IDLE,0.0,0.0,0.0,0.0,1585.6323512596557
2024-01-03 16:30:00,2085.2468322683294,263.37397802182494,1821.8728542465044,0.0,0.0,0.0,0.0,False,WATCH,0.7,IDLE,0.0,0.0,0.0,0.0,1821.8728542465044
2024-01-03 16:45:00,2024.7053209006237,218.73803032538711,1805.9672905752366,0.0,0.0,0.0,0.0,False,WATCH,0.7,IDLE,0.0,0.0,0.0,0.0,1805.9672905752366
2024-01-03 17:00:00,2190.5888240904965,166.97960893027786,2023.6092151602186,0.0,0.0,0.0,0.0,False,WARNING,0.7,IDLE,0.0,0.0,0.0,0.0,2023.6092151602186
2024-01-03 17:15:00,2291.9850424509814,139.35464260215636,2152.630399848825,0.0,0.0,0.0,0.0,False,WARNING,0.7,IDLE,0.0,0.0,0.0,0.0,2152.630399848825
2024-01-03 17:30:00,2309.01681118723,97.22276436050876,2211.794046826721,0.0,0.0,0.0,0.0,False,WARNING,0.7,IDLE,0.0,0.0,0.0,0.0,2211.794046826721
2024-01-03 17:45:00,2307.4490577326687,62.97175626060485,2244.477301472064,0.0,0.0,0.0,0.0,False,WARNING,0.7,IDLE,0.0,0.0,0.0,0.0,2244.477301472064
2024-01-03 18:00:00,2362.041415162152,35.1060201713877,2326.9353949907645,0.0,0.0,0.0,0.0,True,CRITICAL,0.7,IDLE,0.0,0.0,0.0,26.935394990764507,2326.9353949907645
2024-01-03 18:15:00,2397.492215565776,12.377042394501059,2385.115173171275,0.0,0.0,0.0,0.0,True,CRITICAL,0.7,IDLE,0.0,0.0,0.0,85.11517317127482,2385.115173171275
2024-01-03 18:30:00,2384.641423708106,3.8287476185651565e-22,2384.641423708106,0.0,0.0,0.0,0.0,True,CRITICAL,0.7,IDLE,0.0,0.0,0.0,84.64142370810578,2384.641423708106
2024-01-03 18:45:00,2497.6432544692243,0.0,2497.6432544692243,0.0,0.0,0.0,0.0,True,CRITICAL,0.7,IDLE,0.0,0.0,0.0,197.6432544692243,2497.6432544692243
2024-01-03 19:00:00,2396.0354457511507,0.0,2396.0354457511507,0.0,0.0,0.0,0.0,True,CRITICAL,0.7,IDLE,0.0,0.0,0.0,96.03544575115075,2396.0354457511507
2024-01-03 19:15:00,2374.556694319129,0.0,2374.556694319129,0.0,0.0,0.0,0.0,True,CRITICAL,0.7,IDLE,0.0,0.0,0.0,74.55669431912884,2374.556694319129
2024-01-03 19:30:00,2392.9955385282797,0.0,2392.9955385282797,0.0,0.0,0.0,0.0,True,CRITICAL,0.7,IDLE,0.0,0.0,0.0,92.99553852827967,2392.9955385282797
2024-01-03 19:45:00,2381.464230611046,0.0,2381.464230611046,0.0,0.0,0.0,0.0,True,CRITICAL,0.7,IDLE,0.0,0.0,0.0,81.46423061104588,2381.464230611046
2024-01-03 20:00:00,2407.774779413011,0.0,2407.774779413011,0.0,0.0,0.0,0.0,True,CRITICAL,0.7,IDLE,0.0,0.0,0.0,107.77477941301095,2407.774779413011
2024-01-03 20:15:00,2342.7529958391415,0.0,2342.7529958391415,0.0,0.0,0.0,0.0,True,CRITICAL,0.7,IDLE,0.0,0.0,0.0,42.75299583914148,2342.7529958391415
2024-01-03 20:30:00,2250.7815478265416,0.0,2250.7815478265416,0.0,0.0,0.0,0.0,False,WARNING,0.7,IDLE,0.0,0.0,0.0,0.0,2250.7815478265416
2024-01-03 20:45:00,2203.6534806384216,0.0,2203.6534806384216,0.0,0.0,0.0,0.0,False,WARNING,0.7,IDLE,0.0,0.0,0.0,0.0,2203.6534806384216
2024-01-03 21:00:00,2148.7451834165136,0.0,2148.7451834165136,0.0,0.0,0.0,0.0,False,WARNING,0.7,IDLE,0.0,0.0,0.0,0.0,2148.7451834165136
2024-01-03 21:15:00,2101.663980853255,0.0,2101.663980853255,0.0,0.0,0.0,0.0,False,WARNING,0.7,IDLE,0.0,0.0,0.0,0.0,2101.663980853255
2024-01-03 21:30:00,1954.3531452337588,0.0,1954.3531452337588,0.0,0.0,0.0,0.0,False,WATCH,0.7,IDLE,0.0,0.0,0.0,0.0,1954.3531452337588
2024-01-03 21:45:00,1831.1101109911026,0.0,1831.1101109911026,0.0,0.0,0.0,0.0,False,WATCH,0.7,IDLE,0.0,0.0,0.0,0.0,1831.1101109911026
2024-01-03 22:00:00,1680.006475320764,0.0,1680.006475320764,0.0,0.0,0.0,0.0,False,NORMAL,0.7,IDLE,0.0,0.0,0.0,0.0,1680.006475320764
2024-01-03 22:15:00,1512.3288089395671,0.0,1512.3288089395671,0.0,0.0,0.0,0.0,False,NORMAL,0.7,IDLE,0.0,0.0,0.0,0.0,1512.3288089395671
2024-01-03 22:30:00,1396.3571680498837,0.0,1396.3571680498837,0.0,0.0,0.0,0.0,False,NORMAL,0.7,IDLE,0.0,0.0,0.0,0.0,1396.3571680498837
2024-01-03 22:45:00,1220.6250251945316,0.0,1220.6250251945316,0.0,0.0,0.0,0.0,False,NORMAL,0.7,IDLE,0.0,0.0,0.0,0.0,1220.6250251945316
2024-01-03 23:00:00,1049.5456676967035,0.0,1049.5456676967035,0.0,0.0,0.0,0.0,False,NORMAL,0.7,IDLE,0.0,0.0,0.0,0.0,1049.5456676967035
2024-01-03 23:15:00,1045.6433435866145,0.0,1045.6433435866145,0.0,0.0,0.0,0.0,False,NORMAL,0.7,IDLE,0.0,0.0,0.0,0.0,1045.6433435866145
2024-01-03 23:30:00,1029.5759293542706,0.0,1029.5759293542706,0.0,0.0,0.0,0.0,False,NORMAL,0.7,IDLE,0.0,0.0,0.0,0.0,1029.5759293542706
2024-01-03 23:45:00,951.1342856831636,0.0,951.1342856831636,0.0,0.0,0.0,0.0,False,NORMAL,0.7,IDLE,0.0,0.0,0.0,0.0,951.1342856831636
2024-01-04 00:00:00,825.4149331451665,0.0,825.4149331451665,0.0,0.0,0.0,0.0,False,NORMAL,0.7,IDLE,0.0,0.0,0.0,0.0,825.4149331451665
2024-01-04 00:15:00,756.6246570391397,0.0,756.6246570391397,0.0,0.0,0.0,0.0,False,NORMAL,0.7,IDLE,0.0,0.0,0.0,0.0,756.6246570391397
2024-01-04 00:30:00,807.3752759604295,0.0,807.3752759604295,0.0,0.0,0.0,0.0,False,NORMAL,0.7,IDLE,0.0,0.0,0.0,0.0,807.3752759604295
2024-01-04 00:45:00,744.6298037894147,0.0,744.6298037894147,0.0,0.0,0.0,0.0,False,NORMAL,0.7,IDLE,0.0,0.0,0.0,0.0,744.6298037894147
2024-01-04 01:00:00,781.0463066184525,0.0,781.0463066184525,0.0,0.0,0.0,0.0,False,NORMAL,0.7,IDLE,0.0,0.0,0.0,0.0,781.0463066184525
2024-01-04 01:15:00,800.7746408566218,0.0,800.7746408566218,0.0,0.0,0.0,0.0,False,NORMAL,0.7,IDLE,0.0,0.0,0.0,0.0,800.7746408566218
2024-01-04 01:30:00,806.8321347723748,0.0,806.8321347723748,0.0,0.0,0.0,0.0,False,NORMAL,0.7,IDLE,0.0,0.0,0.0,0.0,806.8321347723748
2024-01-04 01:45:00,815.1896982508284,0.0,815.1896982508284,0.0,0.0,0.0,0.0,False,NORMAL,0.7,IDLE,0.0,0.0,0.0,0.0,815.1896982508284
2024-01-04 02:00:00,774.4409373779506,0.0,774.4409373779506,0.0,0.0,0.0,0.0,False,NORMAL,0.7,IDLE,0.0,0.0,0.0,0.0,774.4409373779506
2024-01-04 02:15:00,873.5672759963185,0.0,873.5672759963185,0.0,0.0,0.0,0.0,False,NORMAL,0.7,IDLE,0.0,0.0,0.0,0.0,873.5672759963185
2024-01-04 02:30:00,741.1824449291562,0.0,741.1824449291562,0.0,0.0,0.0,0.0,False,NORMAL,0.7,IDLE,0.0,0.0,0.0,0.0,741.1824449291562
2024-01-04 02:45:00,735.8130880735041,0.0,735.8130880735041,0.0,0.0,0.0,0.0,False,NORMAL,0.7,IDLE,0.0,0.0,0.0,0.0,735.8130880735041
2024-01-04 03:00:00,812.3474649356411,0.0,812.3474649356411,0.0,0.0,0.0,0.0,False,NORMAL,0.7,IDLE,0.0,0.0,0.0,0.0,812.3474649356411
2024-01-04 03:15:00,810.0649807231283,0.0,810.0649807231283,0.0,0.0,0.0,0.0,False,NORMAL,0.7,IDLE,0.0,0.0,0.0,0.0,810.0649807231283
2024-01-04 03:30:00,821.8075236223151,0.0,821.8075236223151,0.0,0.0,0.0,0.0,False,NORMAL,0.7,IDLE,0.0,0.0,0.0,0.0,821.8075236223151
2024-01-04 03:45:00,813.3651531952638,0.0,813.3651531952638,0.0,0.0,0.0,0.0,False,NORMAL,0.7,IDLE,0.0,0.0,0.0,0.0,813.3651531952638
2024-01-04 04:00:00,809.0085257972835,0.0,809.0085257972835,0.0,0.0,0.0,0.0,False,NORMAL,0.7,IDLE,0.0,0.0,0.0,0.0,809.0085257972835
2024-01-04 04:15:00,743.5022933275757,0.0,743.5022933275757,0.0,0.0,0.0,0.0,False,NORMAL,0.7,IDLE,0.0,0.0,0.0,0.0,743.5022933275757
2024-01-04 04:30:00,810.0037202720855,0.0,810.0037202720855,0.0,0.0,0.0,0.0,False,NORMAL,0.7,IDLE,0.0,0.0,0.0,0.0,810.0037202720855
2024-01-04 04:45:00,777.1335079288523,0.0,777.1335079288523,0.0,0.0,0.0,0.0,False,NORMAL,0.7,IDLE,0.0,0.0,0.0,0.0,777.1335079288523
2024-01-04 05:00:00,829.4142114614588,0.0,829.4142114614588,0.0,0.0,0.0,0.0,False,NORMAL,0.7,IDLE,0.0,0.0,0.0,0.0,829.4142114614588
2024-01-04 05:15:00,906.0975250930563,0.0,906.0975250930563,0.0,0.0,0.0,0.0,False,NORMAL,0.7,IDLE,0.0,0.0,0.0,0.0,906.0975250930563
2024-01-04 05:30:00,916.0623191158252,0.0,916.0623191158252,0.0,0.0,0.0,0.0,False,NORMAL,0.7,IDLE,0.0,0.0,0.0,0.0,916.0623191158252
2024-01-04 05:45:00,1052.1258005538648,0.0,1052.1258005538648,0.0,0.0,0.0,0.0,False,NORMAL,0.7,IDLE,0.0,0.0,0.0,0.0,1052.1258005538648
2024-01-04 06:00:00,1168.4904291876176,3.53200379872307e-22,1168.4904291876176,0.0,0.0,0.0,0.0,False,NORMAL,0.7,IDLE,0.0,0.0,0.0,0.0,1168.4904291876176
2024-01-04 06:15:00,1254.777933831195,6.619385230875606,1248.1585486003194,0.0,0.0,0.0,0.0,False,NORMAL,0.7,IDLE,0.0,0.0,0.0,0.0,1248.1585486003194
2024-01-04 06:30:00,1332.311884751281,31.493530729646405,1300.8183540216346,0.0,0.0,0.0,0.0,False,NORMAL,0.7,IDLE,0.0,0.0,0.0,0.0,1300.8183540216346
2024-01-04 06:45:00,1505.8784839350712,56.52470702058601,1449.3537769144853,0.0,0.0,0.0,0.0,False,NORMAL,0.7,IDLE,0.0,0.0,0.0,0.0,1449.3537769144853
2024-01-04 07:00:00,1609.4595146152806,84.63340928483264,1524.826105330448,0.0,0.0,0.0,0.0,False,NORMAL,0.7,IDLE,0.0,0.0,0.0,0.0,1524.826105330448
2024-01-04 07:15:00,1681.2211028905572,121.82159859654965,1559.3995042940076,0.0,0.0,0.0,0.0,False,NORMAL,0.7,IDLE,0.0,0.0,0.0,0.0,1559.3995042940076
2024-01-04 07:30:00,1757.6170814919597,147.86227796913002,1609.7548035228297,0.0,0.0,0.0,0.0,False,NORMAL,0.7,IDLE,0.0,0.0,0.0,0.0,1609.7548035228297
2024-01-04 07:45:00,1873.4790894523514,90.0825922589072,1783.3964971934442,0.0,0.0,0.0,0.0,False,WATCH,0.7,IDLE,0.0,0.0,0.0,0.0,1783.3964971934442
2024-01-04 08:00:00,1923.6250224312255,127.52931165454704,1796.0957107766785,0.0,0.0,0.0,0.0,False,WATCH,0.7,IDLE,0.0,0.0,0.0,0.0,1796.0957107766785
2024-01-04 08:15:00,2001.1359289349057,137.5453532159998,1863.590575718906,0.0,0.0,0.0,0.0,False,WATCH,0.7,IDLE,0.0,0.0,0.0,0.0,1863.590575718906
2024-01-04 08:30:00,2107.8238081348204,318.4625919118261,1789.3612162229942,0.0,0.0,0.0,0.0,False,WATCH,0.7,IDLE,0.0,0.0,0.0,0.0,1789.3612162229942
2024-01-04 08:45:00,2180.065640154966,281.1084985491161,1898.9571416058498,0.0,0.0,0.0,0.0,False,WATCH,0.7,IDLE,0.0,0.0,0.0,0.0,1898.9571416058498
2024-01-04 09:00:00,1824.7331030304938,393.2898046038124,1431.4432984266814,0.0,0.0,0.0,0.0,False,NORMAL,0.7,IDLE,0.0,0.0,0.0,0.0,1431.4432984266814
2024-01-04 09:15:00,1821.151982428251,266.1656245201349,1554.9863579081161,0.0,0.0,0.0,0.0,False,NORMAL,0.7,IDLE,0.0,0.0,0.0,0.0,1554.9863579081161
2024-01-04 09:30:00,1829.080331227873,225.6414117018343,1603.4389195260387,0.0,0.0,0.0,0.0,False,NORMAL,0.7,IDLE,0.0,0.0,0.0,0.0,1603.4389195260387
2024-01-04 09:45:00,1822.3922196672236,498.88440048015474,1323.507819187069,0.0,0.0,0.0,0.0,False,NORMAL,0.7,IDLE,0.0,0.0,0.0,0.0,1323.507819187069
2024-01-04 10:00:00,1791.5000484428801,526.9171932376827,1264.5828552051976,0.0,0.0,0.0,0.0,False,NORMAL,0.7,IDLE,0.0,0.0,0.0,0.0,1264.5828552051976
2024-01-04 10:15:00,1771.0319621421074,557.514568060121,1213.5173940819864,0.0,0.0,0.0,0.0,False,NORMAL,0.7,IDLE,0.0,0.0,0.0,0.0,1213.5173940819864
2024-01-04 10:30:00,1830.5232085088637,607.4850436929672,1223.0381648158964,0.0,0.0,0.0,0.0,False,NORMAL,0.7,IDLE,0.0,0.0,0.0,0.0,1223.0381648158964
2024-01-04 10:45:00,1777.3447067995407,605.5555910595078,1171.789115740033,0.0,0.0,0.0,0.0,False,NORMAL,0.7,IDLE,0.0,0.0,0.0,0.0,1171.789115740033
2024-01-04 11:00:00,1828.5524735954114,631.3987355639607,1197.1537380314508,0.0,0.0,0.0,0.0,False,NORMAL,0.7,IDLE,0.0,0.0,0.0,0.0,1197.1537380314508
2024-01-04 11:15:00,1792.676230045332,619.5403055700845,1173.1359244752475,0.0,0.0,0.0,0.0,False,NORMAL,0.7,IDLE,0.0,0.0,0.0,0.0,1173.1359244752475
2024-01-04 11:30:00,1826.7455330205062,669.0422003924659,1157.7033326280402,0.0,0.0,0.0,0.0,False,NORMAL,0.7,IDLE,0.0,0.0,0.0,0.0,1157.7033326280402
2024-01-04 11:45:00,1899.3702675116688,662.7931040853623,1236.5771634263065,0.0,0.0,0.0,0.0,False,NORMAL,0.7,IDLE,0.0,0.0,0.0,0.0,1236.5771634263065
2024-01-04 12:00:00,1739.5259929013303,692.9290940957796,1046.5968988055506,0.0,0.0,0.0,0.0,False,NORMAL,0.7,IDLE,0.0,0.0,0.0,0.0,1046.5968988055506
2024-01-04 12:15:00,1800.4234103892095,673.5545662074119,1126.8688441817976,0.0,0.0,0.0,0.0,False,NORMAL,0.7,IDLE,0.0,0.0,0.0,0.0,1126.8688441817976
2024-01-04 12:30:00,1805.7249591882044,693.4545959534901,1112.2703632347143,0.0,0.0,0.0,0.0,False,NORMAL,0.7,IDLE,0.0,0.0,0.0,0.0,1112.2703632347143
2024-01-04 12:45:00,1761.542861675931,481.59882267624783,1279.944038999683,0.0,0.0,0.0,0.0,False,NORMAL,0.7,IDLE,0.0,0.0,0.0,0.0,1279.944038999683
2024-01-04 13:00:00,1795.2417705829707,708.8569332713606,1086.3848373116102,0.0,0.0,0.0,0.0,False,NORMAL,0.7,IDLE,0.0,0.0,0.0,0.0,1086.3848373116102
2024-01-04 13:15:00,1775.9942818107404,670.7806744438748,1105.2136073668657,0.0,0.0,0.0,0.0,False,NORMAL,0.7,IDLE,0.0,0.0,0.0,0.0,1105.2136073668657
2024-01-04 13:30:00,1770.4562287894812,607.5740363087335,1162.8821924807476,0.0,0.0,0.0,0.0,False,NORMAL,0.7,IDLE,0.0,0.0,0.0,0.0,1162.8821924807476
2024-01-04 13:45:00,1709.105031920149,437.94938080311545,1271.1556511170336,0.0,0.0,0.0,0.0,False,NORMAL,0.7,IDLE,0.0,0.0,0.0,0.0,1271.1556511170336
2024-01-04 14:00:00,1847.992010473457,597.7394312463094,1250.2525792271476,0.0,0.0,0.0,0.0,False,NORMAL,0.7,IDLE,0.0,0.0,0.0,0.0,1250.2525792271476
2024-01-04 14:15:00,1851.8645986429167,172.44935989610454,1679.415238746812,0.0,0.0,0.0,0.0,False,NORMAL,0.7,IDLE,0.0,0.0,0.0,0.0,1679.415238746812
2024-01-04 14:30:00,1909.2030693059405,490.0107507508648,1419.1923185550756,0.0,0.0,0.0,0.0,False,NORMAL,0.7,IDLE,0.0,0.0,0.0,0.0,1419.1923185550756
2024-01-04 14:45:00,1882.0676242698328,409.13093063168816,1472.9366936381446,0.0,0.0,0.0,0.0,False,NORMAL,0.7,IDLE,0.0,0.0,0.0,0.0,1472.9366936381446
2024-01-04 15:00:00,1904.5989917772529,479.069742589978,1425.529249187275,0.0,0.0,0.0,0.0,False,NORMAL,0.7,IDLE,0.0,0.0,0.0,0.0,1425.529249187275
2024-01-04 15:15:00,1803.1391237180483,438.27159177795295,1364.8675319400954,0.0,0.0,0.0,0.0,False,NORMAL,0.7,IDLE,0.0,0.0,0.0,0.0,1364.8675319400954
2024-01-04 15:30:00,1863.5108032422022,385.53531491801573,1477.9754883241865,0.0,0.0,0.0,0.0,False,NORMAL,0.7,IDLE,0.0,0.0,0.0,0.0,1477.9754883241865
2024-01-04 15:45:00,1828.2264200596642,357.37497105032077,1470.8514490093435,0.0,0.0,0.0,0.0,False,NORMAL,0.7,IDLE,0.0,0.0,0.0,0.0,1470.8514490093435
2024-01-04 16:00:00,1924.0592273398822,305.84228336916823,1618.216943970714,0.0,0.0,0.0,0.0,False,NORMAL,0.7,IDLE,0.0,0.0,0.0,0.0,1618.216943970714
2024-01-04 16:15:00,1920.8369594319133,273.61655148484147,1647.2204079470719,0.0,0.0,0.0,0.0,False,NORMAL,0.7,IDLE,0.0,0.0,0.0,0.0,1647.2204079470719
2024-01-04 16:30:00,1968.4441295207127,225.4340581113075,1743.0100714094053,0.0,0.0,0.0,0.0,False,WATCH,0.7,IDLE,0.0,0.0,0.0,0.0,1743.0100714094053
2024-01-04 16:45:00,2067.304397565692,201.39142110384202,1865.91297646185,0.0,0.0,0.0,0.0,False,WATCH,0.7,IDLE,0.0,0.0,0.0,0.0,1865.91297646185
2024-01-04 17:00:00,2088.7224342844493,147.56423404278743,1941.158200241662,0.0,0.0,0.0,0.0,False,WATCH,0.7,IDLE,0.0,0.0,0.0,0.0,1941.158200241662
2024-01-04 17:15:00,2228.3995636324835,123.50483404755728,2104.894729584926,0.0,0.0,0.0,0.0,False,WARNING,0.7,IDLE,0.0,0.0,0.0,0.0,2104.894729584926
2024-01-04 17:30:00,2267.452539160725,86.08723520231537,2181.3653039584096,0.0,0.0,0.0,0.0,False,WARNING,0.7,IDLE,0.0,0.0,0.0,0.0,2181.3653039584096
2024-01-04 17:45:00,2332.8071168541996,55.41276139807521,2277.3943554561242,0.0,0.0,0.0,0.0,False,WARNING,0.7,IDLE,0.0,0.0,0.0,0.0,2277.3943554561242
2024-01-04 18:00:00,2331.2898763794856,30.91823029901693,2300.3716460804685,0.0,0.0,0.0,0.0,True,CRITICAL,0.7,IDLE,0.0,0.0,0.0,0.37164608046850844,2300.3716460804685
2024-01-04 18:15:00,2410.375864550599,11.149028806561185,2399.226835744038,0.0,0.0,0.0,0.0,True,CRITICAL,0.7,IDLE,0.0,0.0,0.0,99.226835744038,2399.226835744038
2024-01-04 18:30:00,2404.3997142161766,3.458341337315204e-22,2404.3997142161766,0.0,0.0,0.0,0.0,True,CRITICAL,0.7,IDLE,0.0,0.0,0.0,104.39971421617656,2404.3997142161766
2024-01-04 18:45:00,2401.7939690215408,0.0,2401.7939690215408,0.0,0.0,0.0,0.0,True,CRITICAL,0.7,IDLE,0.0,0.0,0.0,101.79396902154076,2401.7939690215408
2024-01-04 19:00:00,2337.7461449220964,0.0,2337.7461449220964,0.0,0.0,0.0,0.0,True,CRITICAL,0.7,IDLE,0.0,0.0,0.0,37.74614492209639,2337.7461449220964
2024-01-04 19:15:00,2347.9033900517265,0.0,2347.9033900517265,0.0,0.0,0.0,0.0,True,CRITICAL,0.7,IDLE,0.0,0.0,0.0,47.90339005172655,2347.9033900517265
2024-01-04 19:30:00,2300.249962398282,0.0,2300.249962398282,0.0,0.0,0.0,0.0,True,CRITICAL,0.7,IDLE,0.0,0.0,0.0,0.2499623982821504,2300.249962398282
2024-01-04 19:45:00,2386.665544105628,0.0,2386.665544105628,0.0,0.0,0.0,0.0,True,CRITICAL,0.7,IDLE,0.0,0.0,0.0,86.66554410562821,2386.665544105628
2024-01-04 20:00:00,2334.3137789811967,0.0,2334.3137789811967,0.0,0.0,0.0,0.0,True,CRITICAL,0.7,IDLE,0.0,0.0,0.0,34.31377898119672,2334.3137789811967
2024-01-04 20:15:00,2272.9287143722077,0.0,2272.9287143722077,0.0,0.0,0.0,0.0,False,WARNING,0.7,IDLE,0.0,0.0,0.0,0.0,2272.9287143722077
2024-01-04 20:30:00,2179.4368026648117,0.0,2179.4368026648117,0.0,0.0,0.0,0.0,False,WARNING,0.7,IDLE,0.0,0.0,0.0,0.0,2179.4368026648117
2024-01-04 20:45:00,2204.062409130261,0.0,2204.062409130261,0.0,0.0,0.0,0.0,False,WARNING,0.7,IDLE,0.0,0.0,0.0,0.0,2204.062409130261
2024-01-04 21:00:00,2098.6439685116966,0.0,2098.6439685116966,0.0,0.0,0.0,0.0,False,WARNING,0.7,IDLE,0.0,0.0,0.0,0.0,2098.6439685116966
2024-01-04 21:15:00,2057.9167786489766,0.0,2057.9167786489766,0.0,0.0,0.0,0.0,False,WARNING,0.7,IDLE,0.0,0.0,0.0,0.0,2057.9167786489766
2024-01-04 21:30:00,1863.1408801583493,0.0,1863.1408801583493,0.0,0.0,0.0,0.0,False,WATCH,0.7,IDLE,0.0,0.0,0.0,0.0,1863.1408801583493
2024-01-04 21:45:00,1766.5497805498437,0.0,1766.5497805498437,0.0,0.0,0.0,0.0,False,WATCH,0.7,IDLE,0.0,0.0,0.0,0.0,1766.5497805498437
2024-01-04 22:00:00,1591.5701554516384,0.0,1591.5701554516384,0.0,0.0,0.0,0.0,False,NORMAL,0.7,IDLE,0.0,0.0,0.0,0.0,1591.5701554516384
2024-01-04 22:15:00,1482.5032387806234,0.0,1482.5032387806234,0.0,0.0,0.0,0.0,False,NORMAL,0.7,IDLE,0.0,0.0,0.0,0.0,1482.5032387806234
2024-01-04 22:30:00,1315.2893523645519,0.0,1315.2893523645519,0.0,0.0,0.0,0.0,False,NORMAL,0.7,IDLE,0.0,0.0,0.0,0.0,1315.2893523645519
2024-01-04 22:45:00,1223.222027634181,0.0,1223.222027634181,0.0,0.0,0.0,0.0,False,NORMAL,0.7,IDLE,0.0,0.0,0.0,0.0,1223.222027634181
2024-01-04 23:00:00,1012.5622448674704,0.0,1012.5622448674704,0.0,0.0,0.0,0.0,False,NORMAL,0.7,IDLE,0.0,0.0,0.0,0.0,1012.5622448674704
2024-01-04 23:15:00,991.066471495958,0.0,991.066471495958,0.0,0.0,0.0,0.0,False,NORMAL,0.7,IDLE,0.0,0.0,0.0,0.0,991.066471495958
2024-01-04 23:30:00,952.4939303251376,0.0,952.4939303251376,0.0,0.0,0.0,0.0,False,NORMAL,0.7,IDLE,0.0,0.0,0.0,0.0,952.4939303251376
2024-01-04 23:45:00,933.5202229996223,0.0,933.5202229996223,0.0,0.0,0.0,0.0,False,NORMAL,0.7,IDLE,0.0,0.0,0.0,0.0,933.5202229996223
2024-01-05 00:00:00,784.8842481458823,0.0,784.8842481458823,0.0,0.0,0.0,0.0,False,NORMAL,0.7,IDLE,0.0,0.0,0.0,0.0,784.8842481458823
2024-01-05 00:15:00,683.2046892095757,0.0,683.2046892095757,0.0,0.0,0.0,0.0,False,NORMAL,0.7,IDLE,0.0,0.0,0.0,0.0,683.2046892095757
2024-01-05 00:30:00,714.131135758844,0.0,714.131135758844,0.0,0.0,0.0,0.0,False,NORMAL,0.7,IDLE,0.0,0.0,0.0,0.0,714.131135758844
2024-01-05 00:45:00,785.4194201959274,0.0,785.4194201959274,0.0,0.0,0.0,0.0,False,NORMAL,0.7,IDLE,0.0,0.0,0.0,0.0,785.4194201959274
2024-01-05 01:00:00,749.3422492982957,0.0,749.3422492982957,0.0,0.0,0.0,0.0,False,NORMAL,0.7,IDLE,0.0,0.0,0.0,0.0,749.3422492982957
2024-01-05 01:15:00,710.3051827392285,0.0,710.3051827392285,0.0,0.0,0.0,0.0,False,NORMAL,0.7,IDLE,0.0,0.0,0.0,0.0,710.3051827392285
2024-01-05 01:30:00,822.2320793534599,0.0,822.2320793534599,0.0,0.0,0.0,0.0,False,NORMAL,0.7,IDLE,0.0,0.0,0.0,0.0,822.2320793534599
2024-01-05 01:45:00,731.7290464675627,0.0,731.7290464675627,0.0,0.0,0.0,0.0,False,NORMAL,0.7,IDLE,0.0,0.0,0.0,0.0,731.7290464675627
2024-01-05 02:00:00,789.021588447174,0.0,789.021588447174,0.0,0.0,0.0,0.0,False,NORMAL,0.7,IDLE,0.0,0.0,0.0,0.0,789.021588447174
2024-01-05 02:15:00,776.0128949264963,0.0,776.0128949264963,0.0,0.0,0.0,0.0,False,NORMAL,0.7,IDLE,0.0,0.0,0.0,0.0,776.0128949264963
2024-01-05 02:30:00,831.5945713490748,0.0,831.5945713490748,0.0,0.0,0.0,0.0,False,NORMAL,0.7,IDLE,0.0,0.0,0.0,0.0,831.5945713490748
2024-01-05 02:45:00,793.5871345871136,0.0,793.5871345871136,0.0,0.0,0.0,0.0,False,NORMAL,0.7,IDLE,0.0,0.0,0.0,0.0,793.5871345871136
2024-01-05 03:00:00,730.2418748756327,0.0,730.2418748756327,0.0,0.0,0.0,0.0,False,NORMAL,0.7,IDLE,0.0,0.0,0.0,0.0,730.2418748756327
2024-01-05 03:15:00,787.1413655074587,0.0,787.1413655074587,0.0,0.0,0.0,0.0,False,NORMAL,0.7,IDLE,0.0,0.0,0.0,0.0,787.1413655074587
2024-01-05 03:30:00,785.9941180150445,0.0,785.9941180150445,0.0,0.0,0.0,0.0,False,NORMAL,0.7,IDLE,0.0,0.0,0.0,0.0,785.9941180150445
2024-01-05 03:45:00,802.9424001666472,0.0,802.9424001666472,0.0,0.0,0.0,0.0,False,NORMAL,0.7,IDLE,0.0,0.0,0.0,0.0,802.9424001666472
2024-01-05 04:00:00,730.243821450233,0.0,730.243821450233,0.0,0.0,0.0,0.0,False,NORMAL,0.7,IDLE,0.0,0.0,0.0,0.0,730.243821450233
2024-01-05 04:15:00,788.769087486359,0.0,788.769087486359,0.0,0.0,0.0,0.0,False,NORMAL,0.7,IDLE,0.0,0.0,0.0,0.0,788.769087486359
2024-01-05 04:30:00,808.4279951946573,0.0,808.4279951946573,0.0,0.0,0.0,0.0,False,NORMAL,0.7,IDLE,0.0,0.0,0.0,0.0,808.4279951946573
2024-01-05 04:45:00,705.1218414176346,0.0,705.1218414176346,0.0,0.0,0.0,0.0,False,NORMAL,0.7,IDLE,0.0,0.0,0.0,0.0,705.1218414176346
2024-01-05 05:00:00,706.8196063081798,0.0,706.8196063081798,0.0,0.0,0.0,0.0,False,NORMAL,0.7,IDLE,0.0,0.0,0.0,0.0,706.8196063081798
2024-01-05 05:15:00,766.2440046912534,0.0,766.2440046912534,0.0,0.0,0.0,0.0,False,NORMAL,0.7,IDLE,0.0,0.0,0.0,0.0,766.2440046912534
2024-01-05 05:30:00,934.6577067981555,0.0,934.6577067981555,0.0,0.0,0.0,0.0,False,NORMAL,0.7,IDLE,0.0,0.0,0.0,0.0,934.6577067981555
2024-01-05 05:45:00,1026.9440452817132,0.0,1026.9440452817132,0.0,0.0,0.0,0.0,False,NORMAL,0.7,IDLE,0.0,0.0,0.0,0.0,1026.9440452817132
2024-01-05 06:00:00,1113.710641888946,3.858342167665667e-22,1113.710641888946,0.0,0.0,0.0,0.0,False,NORMAL,0.7,IDLE,0.0,0.0,0.0,0.0,1113.710641888946
2024-01-05 06:15:00,1199.8918347709202,12.026126135440142,1187.8657086354801,0.0,0.0,0.0,0.0,False,NORMAL,0.7,IDLE,0.0,0.0,0.0,0.0,1187.8657086354801
2024-01-05 06:30:00,1332.7818655504823,34.42626260115387,1298.3556029493284,0.0,0.0,0.0,0.0,False,NORMAL,0.7,IDLE,0.0,0.0,0.0,0.0,1298.3556029493284
2024-01-05 06:45:00,1330.620275488202,59.034445585467644,1271.5858299027343,0.0,0.0,0.0,0.0,False,NORMAL,0.7,IDLE,0.0,0.0,0.0,0.0,1271.5858299027343
2024-01-05 07:00:00,1448.7068323600934,92.35667969307977,1356.3501526670136,0.0,0.0,0.0,0.0,False,NORMAL,0.7,IDLE,0.0,0.0,0.0,0.0,1356.3501526670136
2024-01-05 07:15:00,1607.6015632212193,135.62819446636377,1471.9733687548555,0.0,0.0,0.0,0.0,False,NORMAL,0.7,IDLE,0.0,0.0,0.0,0.0,1471.9733687548555
2024-01-05 07:30:00,1682.5889170615033,175.14136776932665,1507.4475492921765,0.0,0.0,0.0,0.0,False,NORMAL,0.7,IDLE,0.0,0.0,0.0,0.0,1507.4475492921765
2024-01-05 07:45:00,1739.723296499795,226.74816210151366,1512.9751343982814,0.0,0.0,0.0,0.0,False,NORMAL,0.7,IDLE,0.0,0.0,0.0,0.0,1512.9751343982814
2024-01-05 08:00:00,1785.2739294728767,201.36520153858382,1583.908727934293,0.0,0.0,0.0,0.0,False,NORMAL,0.7,IDLE,0.0,0.0,0.0,0.0,1583.908727934293
2024-01-05 08:15:00,1945.5416682625755,302.01143347482224,1643.5302347877532,0.0,0.0,0.0,0.0,False,NORMAL,0.7,IDLE,0.0,0.0,0.0,0.0,1643.5302347877532
2024-01-05 08:30:00,1965.4371843684207,354.3642034503631,1611.0729809180575,0.0,0.0,0.0,0.0,False,NORMAL,0.7,IDLE,0.0,0.0,0.0,0.0,1611.0729809180575
2024-01-05 08:45:00,2122.4225239598472,390.8418021704673,1731.5807217893798,0.0,0.0,0.0,0.0,False,WATCH,0.7,IDLE,0.0,0.0,0.0,0.0,1731.5807217893798
2024-01-05 09:00:00,1746.6203710135044,466.2159500240566,1280.4044209894478,0.0,0.0,0.0,0.0,False,NORMAL,0.7,IDLE,0.0,0.0,0.0,0.0,1280.4044209894478
2024-01-05 09:15:00,1701.027134486158,499.2113280667807,1201.8158064193774,0.0,0.0,0.0,0.0,False,NORMAL,0.7,IDLE,0.0,0.0,0.0,0.0,1201.8158064193774
2024-01-05 09:30:00,1706.688006651021,527.0823104981338,1179.605696152887,0.0,0.0,0.0,0.0,False,NORMAL,0.7,IDLE,0.0,0.0,0.0,0.0,1179.605696152887
2024-01-05 09:45:00,1708.5367950175073,567.6003435360515,1140.9364514814558,0.0,0.0,0.0,0.0,False,NORMAL,0.7,IDLE,0.0,0.0,0.0,0.0,1140.9364514814558
2024-01-05 10:00:00,1756.9431434019734,627.6217279114297,1129.3214154905436,0.0,0.0,0.0,0.0,False,NORMAL,0.7,IDLE,0.0,0.0,0.0,0.0,1129.3214154905436
2024-01-05 10:15:00,1750.5306931409393,647.103277976125,1103.4274151648142,0.0,0.0,0.0,0.0,False,NORMAL,0.7,IDLE,0.0,0.0,0.0,0.0,1103.4274151648142
2024-01-05 10:30:00,1722.4047499045416,477.8201896121529,1244.5845602923887,0.0,0.0,0.0,0.0,False,NORMAL,0.7,IDLE,0.0,0.0,0.0,0.0,1244.5845602923887
2024-01-05 10:45:00,1750.4629896471897,649.3912051581945,1101.0717844889953,0.0,0.0,0.0,0.0,False,NORMAL,0.7,IDLE,0.0,0.0,0.0,0.0,1101.0717844889953
2024-01-05 11:00:00,1731.0719988549827,297.92281387968194,1433.1491849753006,0.0,0.0,0.0,0.0,False,NORMAL,0.7,IDLE,0.0,0.0,0.0,0.0,1433.1491849753006
2024-01-05 11:15:00,1680.1120243266341,242.0035574869957,1438.1084668396384,0.0,0.0,0.0,0.0,False,NORMAL,0.7,IDLE,0.0,0.0,0.0,0.0,1438.1084668396384
2024-01-05 11:30:00,1717.1134528571602,794.62440669466,922.4890461625001,0.0,0.0,0.0,0.0,False,NORMAL,0.7,IDLE,0.0,0.0,0.0,0.0,922.4890461625001
2024-01-05 11:45:00,1691.7000324116905,801.7524785321255,889.947553879565,0.0,0.0,0.0,0.0,False,NORMAL,0.7,IDLE,0.0,0.0,0.0,0.0,889.947553879565
2024-01-05 12:00:00,1685.3008683644562,773.8271259153867,911.4737424490695,0.0,0.0,0.0,0.0,False,NORMAL,0.7,IDLE,0.0,0.0,0.0,0.0,911.4737424490695
2024-01-05 12:15:00,1695.772048005227,811.0794386415816,884.6926093636453,0.0,0.0,0.0,0.0,False,NORMAL,0.7,IDLE,0.0,0.0,0.0,0.0,884.6926093636453
2024-01-05 12:30:00,1783.4782815945953,814.4195337107815,969.0587478838138,0.0,0.0,0.0,0.0,False,NORMAL,0.7,IDLE,0.0,0.0,0.0,0.0,969.0587478838138
2024-01-05 12:45:00,1696.9668172163338,767.9169764152301,929.0498408011036,0.0,0.0,0.0,0.0,False,NORMAL,0.7,IDLE,0.0,0.0,0.0,0.0,929.0498408011036
2024-01-05 13:00:00,1662.2514613660358,810.8285323358147,851.4229290302211,0.0,0.0,0.0,0.0,False,NORMAL,0.7,IDLE,0.0,0.0,0.0,0.0,851.4229290302211
2024-01-05 13:15:00,1739.1650691834852,738.4140137250071,1000.7510554584782,0.0,0.0,0.0,0.0,False,NORMAL,0.7,IDLE,0.0,0.0,0.0,0.0,1000.7510554584782
2024-01-05 13:30:00,1687.7315550359174,714.5104536136489,973.2211014222685,0.0,0.0,0.0,0.0,False,NORMAL,0.7,IDLE,0.0,0.0,0.0,0.0,973.2211014222685
2024-01-05 13:45:00,1710.2531748807532,713.1948591889728,997.0583156917804,0.0,0.0,0.0,0.0,False,NORMAL,0.7,IDLE,0.0,0.0,0.0,0.0,997.0583156917804
2024-01-05 14:00:00,1767.8111353047898,660.2635716886426,1107.5475636161473,0.0,0.0,0.0,0.0,False,NORMAL,0.7,IDLE,0.0,0.0,0.0,0.0,1107.5475636161473
2024-01-05 14:15:00,1813.2519757384,637.6725607383937,1175.5794150000063,0.0,0.0,0.0,0.0,False,NORMAL,0.7,IDLE,0.0,0.0,0.0,0.0,1175.5794150000063
2024-01-05 14:30:00,1763.2016809094905,233.8234816231081,1529.3781992863824,0.0,0.0,0.0,0.0,False,NORMAL,0.7,IDLE,0.0,0.0,0.0,0.0,1529.3781992863824
2024-01-05 14:45:00,1737.9639861598823,564.5337139845965,1173.4302721752858,0.0,0.0,0.0,0.0,False,NORMAL,0.7,IDLE,0.0,0.0,0.0,0.0,1173.4302721752858
2024-01-05 15:00:00,1751.1335291779822,200.20501728829686,1550.9285118896853,0.0,0.0,0.0,0.0,False,NORMAL,0.7,IDLE,0.0,0.0,0.0,0.0,1550.9285118896853
2024-01-05 15:15:00,1681.28226356575,487.89448987991653,1193.3877736858335,0.0,0.0,0.0,0.0,False,NORMAL,0.7,IDLE,0.0,0.0,0.0,0.0,1193.3877736858335
2024-01-05 15:30:00,1718.6241253865328,429.9719380491738,1288.652187337359,0.0,0.0,0.0,0.0,False,NORMAL,0.7,IDLE,0.0,0.0,0.0,0.0,1288.652187337359
2024-01-05 15:45:00,1787.5684721905436,404.83246690963716,1382.7360052809065,0.0,0.0,0.0,0.0,False,NORMAL,0.7,IDLE,0.0,0.0,0.0,0.0,1382.7360052809065
2024-01-05 16:00:00,1808.3339110054917,356.7042090566885,1451.6297019488031,0.0,0.0,0.0,0.0,False,NORMAL,0.7,IDLE,0.0,0.0,0.0,0.0,1451.6297019488031
2024-01-05 16:15:00,1838.8125893776219,317.5406285422084,1521.2719608354134,0.0,0.0,0.0,0.0,False,NORMAL,0.7,IDLE,0.0,0.0,0.0,0.0,1521.2719608354134
2024-01-05 16:30:00,1930.7031483329795,266.3217479397969,1664.3814003931825,0.0,0.0,0.0,0.0,False,NORMAL,0.7,IDLE,0.0,0.0,0.0,0.0,1664.3814003931825
2024-01-05 16:45:00,1975.613836166159,222.46267273773978,1753.1511634284193,0.0,0.0,0.0,0.0,False,WATCH,0.7,IDLE,0.0,0.0,0.0,0.0,1753.1511634284193
2024-01-05 17:00:00,2168.594698365786,169.7028097085717,1998.8918886572142,0.0,0.0,0.0,0.0,False,WARNING,0.7,IDLE,0.0,0.0,0.0,0.0,1998.8918886572142
2024-01-05 17:15:00,2142.756270337735,136.40406438405682,2006.352205953678,0.0,0.0,0.0,0.0,False,WARNING,0.7,IDLE,0.0,0.0,0.0,0.0,2006.352205953678
2024-01-05 17:30:00,2141.38954107882,101.83760867805627,2039.5519324007637,0.0,0.0,0.0,0.0,False,WARNING,0.7,IDLE,0.0,0.0,0.0,0.0,2039.5519324007637
2024-01-05 17:45:00,2122.3802567343528,61.5922724060468,2060.787984328306,0.0,0.0,0.0,0.0,False,WARNING,0.7,IDLE,0.0,0.0,0.0,0.0,2060.787984328306
2024-01-05 18:00:00,2141.657248765667,36.26100458234055,2105.3962441833264,0.0,0.0,0.0,0.0,False,WARNING,0.7,IDLE,0.0,0.0,0.0,0.0,2105.3962441833264
2024-01-05 18:15:00,2224.4091173563975,11.998506126248504,2212.410611230149,0.0,0.0,0.0,0.0,False,WARNING,0.7,IDLE,0.0,0.0,0.0,0.0,2212.410611230149
2024-01-05 18:30:00,2209.122786367685,3.62017746652431e-22,2209.122786367685,0.0,0.0,0.0,0.0,False,WARNING,0.7,IDLE,0.0,0.0,0.0,0.0,2209.122786367685
2024-01-05 18:45:00,2253.3822595126157,0.0,2253.3822595126157,0.0,0.0,0.0,0.0,False,WARNING,0.7,IDLE,0.0,0.0,0.0,0.0,2253.3822595126157
2024-01-05 19:00:00,2192.249529577458,0.0,2192.249529577458,0.0,0.0,0.0,0.0,False,WARNING,0.7,IDLE,0.0,0.0,0.0,0.0,2192.249529577458
2024-01-05 19:15:00,2183.172116769252,0.0,2183.172116769252,0.0,0.0,0.0,0.0,False,WARNING,0.7,IDLE,0.0,0.0,0.0,0.0,2183.172116769252
2024-01-05 19:30:00,2241.114105659368,0.0,2241.114105659368,0.0,0.0,0.0,0.0,False,WARNING,0.7,IDLE,0.0,0.0,0.0,0.0,2241.114105659368
2024-01-05 19:45:00,2220.5406527188215,0.0,2220.5406527188215,0.0,0.0,0.0,0.0,False,WARNING,0.7,IDLE,0.0,0.0,0.0,0.0,2220.5406527188215
2024-01-05 20:00:00,2149.998334397854,0.0,2149.998334397854,0.0,0.0,0.0,0.0,False,WARNING,0.7,IDLE,0.0,0.0,0.0,0.0,2149.998334397854
2024-01-05 20:15:00,2151.957629390417,0.0,2151.957629390417,0.0,0.0,0.0,0.0,False,WARNING,0.7,IDLE,0.0,0.0,0.0,0.0,2151.957629390417
2024-01-05 20:30:00,2123.8695567899167,0.0,2123.8695567899167,0.0,0.0,0.0,0.0,False,WARNING,0.7,IDLE,0.0,0.0,0.0,0.0,2123.8695567899167
2024-01-05 20:45:00,2023.6811974012053,0.0,2023.6811974012053,0.0,0.0,0.0,0.0,False,WARNING,0.7,IDLE,0.0,0.0,0.0,0.0,2023.6811974012053
2024-01-05 21:00:00,1987.471882677541,0.0,1987.471882677541,0.0,0.0,0.0,0.0,False,WARNING,0.7,IDLE,0.0,0.0,0.0,0.0,1987.471882677541
2024-01-05 21:15:00,1875.3462066117859,0.0,1875.3462066117859,0.0,0.0,0.0,0.0,False,WATCH,0.7,IDLE,0.0,0.0,0.0,0.0,1875.3462066117859
2024-01-05 21:30:00,1772.7683174818565,0.0,1772.7683174818565,0.0,0.0,0.0,0.0,False,WATCH,0.7,IDLE,0.0,0.0,0.0,0.0,1772.7683174818565
2024-01-05 21:45:00,1632.456872400092,0.0,1632.456872400092,0.0,0.0,0.0,0.0,False,NORMAL,0.7,IDLE,0.0,0.0,0.0,0.0,1632.456872400092
2024-01-05 22:00:00,1497.7516122931054,0.0,1497.7516122931054,0.0,0.0,0.0,0.0,False,NORMAL,0.7,IDLE,0.0,0.0,0.0,0.0,1497.7516122931054
2024-01-05 22:15:00,1336.6813681605659,0.0,1336.6813681605659,0.0,0.0,0.0,0.0,False,NORMAL,0.7,IDLE,0.0,0.0,0.0,0.0,1336.6813681605659
2024-01-05 22:30:00,1331.0389710680695,0.0,1331.0389710680695,0.0,0.0,0.0,0.0,False,NORMAL,0.7,IDLE,0.0,0.0,0.0,0.0,1331.0389710680695
2024-01-05 22:45:00,1210.2446475776483,0.0,1210.2446475776483,0.0,0.0,0.0,0.0,False,NORMAL,0.7,IDLE,0.0,0.0,0.0,0.0,1210.2446475776483
2024-01-05 23:00:00,946.4910985444074,0.0,946.4910985444074,0.0,0.0,0.0,0.0,False,NORMAL,0.7,IDLE,0.0,0.0,0.0,0.0,946.4910985444074
2024-01-05 23:15:00,987.3529250487074,0.0,987.3529250487074,0.0,0.0,0.0,0.0,False,NORMAL,0.7,IDLE,0.0,0.0,0.0,0.0,987.3529250487074
2024-01-05 23:30:00,902.4526508979243,0.0,902.4526508979243,0.0,0.0,0.0,0.0,False,NORMAL,0.7,IDLE,0.0,0.0,0.0,0.0,902.4526508979243
2024-01-05 23:45:00,854.6890420540115,0.0,854.6890420540115,0.0,0.0,0.0,0.0,False,NORMAL,0.7,IDLE,0.0,0.0,0.0,0.0,854.6890420540115
2024-01-06 00:00:00,817.4309876463283,0.0,817.4309876463283,0.0,0.0,0.0,0.0,False,NORMAL,0.7,IDLE,0.0,0.0,0.0,0.0,817.4309876463283
2024-01-06 00:15:00,828.2353531561891,0.0,828.2353531561891,0.0,0.0,0.0,0.0,False,NORMAL,0.7,IDLE,0.0,0.0,0.0,0.0,828.2353531561891
2024-01-06 00:30:00,868.2455923992013,0.0,868.2455923992013,0.0,0.0,0.0,0.0,False,NORMAL,0.7,IDLE,0.0,0.0,0.0,0.0,868.2455923992013
2024-01-06 00:45:00,825.8345752606858,0.0,825.8345752606858,0.0,0.0,0.0,0.0,False,NORMAL,0.7,IDLE,0.0,0.0,0.0,0.0,825.8345752606858
2024-01-06 01:00:00,831.8349183615844,0.0,831.8349183615844,0.0,0.0,0.0,0.0,False,NORMAL,0.7,IDLE,0.0,0.0,0.0,0.0,831.8349183615844
2024-01-06 01:15:00,841.3499591441449,0.0,841.3499591441449,0.0,0.0,0.0,0.0,False,NORMAL,0.7,IDLE,0.0,0.0,0.0,0.0,841.3499591441449
2024-01-06 01:30:00,837.1500978898956,0.0,837.1500978898956,0.0,0.0,0.0,0.0,False,NORMAL,0.7,IDLE,0.0,0.0,0.0,0.0,837.1500978898956
2024-01-06 01:45:00,806.3548485215672,0.0,806.3548485215672,0.0,0.0,0.0,0.0,False,NORMAL,0.7,IDLE,0.0,0.0,0.0,0.0,806.3548485215672
2024-01-06 02:00:00,849.9060981064661,0.0,849.9060981064661,0.0,0.0,0.0,0.0,False,NORMAL,0.7,IDLE,0.0,0.0,0.0,0.0,849.9060981064661
2024-01-06 02:15:00,854.1972551323558,0.0,854.1972551323558,0.0,0.0,0.0,0.0,False,NORMAL,0.7,IDLE,0.0,0.0,0.0,0.0,854.1972551323558
2024-01-06 02:30:00,877.8976566771478,0.0,877.8976566771478,0.0,0.0,0.0,0.0,False,NORMAL,0.7,IDLE,0.0,0.0,0.0,0.0,877.8976566771478
2024-01-06 02:45:00,832.4937227989224,0.0,832.4937227989224,0.0,0.0,0.0,0.0,False,NORMAL,0.7,IDLE,0.0,0.0,0.0,0.0,832.4937227989224
2024-01-06 03:00:00,868.6472871218571,0.0,868.6472871218571,0.0,0.0,0.0,0.0,False,NORMAL,0.7,IDLE,0.0,0.0,0.0,0.0,868.6472871218571
2024-01-06 03:15:00,866.576930027519,0.0,866.576930027519,0.0,0.0,0.0,0.0,False,NORMAL,0.7,IDLE,0.0,0.0,0.0,0.0,866.576930027519
2024-01-06 03:30:00,799.5731969981842,0.0,799.5731969981842,0.0,0.0,0.0,0.0,False,NORMAL,0.7,IDLE,0.0,0.0,0.0,0.0,799.5731969981842
2024-01-06 03:45:00,873.6003640395127,0.0,873.6003640395127,0.0,0.0,0.0,0.0,False,NORMAL,0.7,IDLE,0.0,0.0,0.0,0.0,873.6003640395127
2024-01-06 04:00:00,835.905371681235,0.0,835.905371681235,0.0,0.0,0.0,0.0,False,NORMAL,0.7,IDLE,0.0,0.0,0.0,0.0,835.905371681235
2024-01-06 04:15:00,873.296960452676,0.0,873.296960452676,0.0,0.0,0.0,0.0,False,NORMAL,0.7,IDLE,0.0,0.0,0.0,0.0,873.296960452676
2024-01-06 04:30:00,822.1142702381069,0.0,822.1142702381069,0.0,0.0,0.0,0.0,False,NORMAL,0.7,IDLE,0.0,0.0,0.0,0.0,822.1142702381069
2024-01-06 04:45:00,749.2689275229553,0.0,749.2689275229553,0.0,0.0,0.0,0.0,False,NORMAL,0.7,IDLE,0.0,0.0,0.0,0.0,749.2689275229553
2024-01-06 05:00:00,793.037539698417,0.0,793.037539698417,0.0,0.0,0.0,0.0,False,NORMAL,0.7,IDLE,0.0,0.0,0.0,0.0,793.037539698417
2024-01-06 05:15:00,941.8962931893727,0.0,941.8962931893727,0.0,0.0,0.0,0.0,False,NORMAL,0.7,IDLE,0.0,0.0,0.0,0.0,941.8962931893727
2024-01-06 05:30:00,1036.6755939850639,0.0,1036.6755939850639,0.0,0.0,0.0,0.0,False,NORMAL,0.7,IDLE,0.0,0.0,0.0,0.0,1036.6755939850639
2024-01-06 05:45:00,1097.8789776225433,0.0,1097.8789776225433,0.0,0.0,0.0,0.0,False,NORMAL,0.7,IDLE,0.0,0.0,0.0,0.0,1097.8789776225433
2024-01-06 06:00:00,1199.2528153539356,3.3561298951265503e-22,1199.2528153539356,0.0,0.0,0.0,0.0,False,NORMAL,0.7,IDLE,0.0,0.0,0.0,0.0,1199.2528153539356
2024-01-06 06:15:00,1242.650907605202,10.716217001749017,1231.934690603453,0.0,0.0,0.0,0.0,False,NORMAL,0.7,IDLE,0.0,0.0,0.0,0.0,1231.934690603453
2024-01-06 06:30:00,1417.0046618874153,30.462689824232644,1386.5419720631826,0.0,0.0,0.0,0.0,False,NORMAL,0.7,IDLE,0.0,0.0,0.0,0.0,1386.5419720631826
2024-01-06 06:45:00,1441.9380515519488,54.81547075213909,1387.1225807998096,0.0,0.0,0.0,0.0,False,NORMAL,0.7,IDLE,0.0,0.0,0.0,0.0,1387.1225807998096
2024-01-06 07:00:00,1548.9478681553849,85.80910443067594,1463.138763724709,0.0,0.0,0.0,0.0,False,NORMAL,0.7,IDLE,0.0,0.0,0.0,0.0,1463.138763724709
2024-01-06 07:15:00,1626.9736923852884,118.4241337066708,1508.5495586786176,0.0,0.0,0.0,0.0,False,NORMAL,0.7,IDLE,0.0,0.0,0.0,0.0,1508.5495586786176
2024-01-06 07:30:00,1628.7522154745134,145.60132951172406,1483.1508859627893,0.0,0.0,0.0,0.0,False,NORMAL,0.7,IDLE,0.0,0.0,0.0,0.0,1483.1508859627893
2024-01-06 07:45:00,1667.3345735439395,199.1204043956079,1468.2141691483316,0.0,0.0,0.0,0.0,False,NORMAL,0.7,IDLE,0.0,0.0,0.0,0.0,1468.2141691483316
2024-01-06 08:00:00,1733.4888676773833,180.74073833882696,1552.7481293385563,0.0,0.0,0.0,0.0,False,NORMAL,0.7,IDLE,0.0,0.0,0.0,0.0,1552.7481293385563
2024-01-06 08:15:00,1708.4848541567262,280.3332600808475,1428.1515940758786,0.0,0.0,0.0,0.0,False,NORMAL,0.7,IDLE,0.0,0.0,0.0,0.0,1428.1515940758786
2024-01-06 08:30:00,1776.008048907005,314.4028499861919,1461.605198920813,0.0,0.0,0.0,0.0,False,NORMAL,0.7,IDLE,0.0,0.0,0.0,0.0,1461.605198920813
2024-01-06 08:45:00,1726.6881768796457,356.6474535980839,1370.0407232815617,0.0,0.0,0.0,0.0,False,NORMAL,0.7,IDLE,0.0,0.0,0.0,0.0,1370.0407232815617
2024-01-06 09:00:00,1663.870525420693,392.55047875923066,1271.3200466614624,0.0,0.0,0.0,0.0,False,NORMAL,0.7,IDLE,0.0,0.0,0.0,0.0,1271.3200466614624
2024-01-06 09:15:00,1695.105759855171,438.0717034372832,1257.0340564178878,0.0,0.0,0.0,0.0,False,NORMAL,0.7,IDLE,0.0,0.0,0.0,0.0,1257.0340564178878
2024-01-06 09:30:00,1510.9436042584073,474.23992141181895,1036.7036828465884,0.0,0.0,0.0,0.0,False,NORMAL,0.7,IDLE,0.0,0.0,0.0,0.0,1036.7036828465884
2024-01-06 09:45:00,1628.9594927178716,497.9071506752289,1131.0523420426427,0.0,0.0,0.0,0.0,False,NORMAL,0.7,IDLE,0.0,0.0,0.0,0.0,1131.0523420426427
2024-01-06 10:00:00,1647.2395103708313,572.0943486811103,1075.1451616897211,0.0,0.0,0.0,0.0,False,NORMAL,0.7,IDLE,0.0,0.0,0.0,0.0,1075.1451616897211
2024-01-06 10:15:00,1651.4527268104262,550.1399207785273,1101.3128060318988,0.0,0.0,0.0,0.0,False,NORMAL,0.7,IDLE,0.0,0.0,0.0,0.0,1101.3128060318988
2024-01-06 10:30:00,1649.675644362489,617.1892590775833,1032.4863852849057,0.0,0.0,0.0,0.0,False,NORMAL,0.7,IDLE,0.0,0.0,0.0,0.0,1032.4863852849057
2024-01-06 10:45:00,1627.2064774041526,627.4190987625992,999.7873786415533,0.0,0.0,0.0,0.0,False,NORMAL,0.7,IDLE,0.0,0.0,0.0,0.0,999.7873786415533
2024-01-06 11:00:00,1639.6113107368908,688.1848662002707,951.4264445366201,0.0,0.0,0.0,0.0,False,NORMAL,0.7,IDLE,0.0,0.0,0.0,0.0,951.4264445366201
2024-01-06 11:15:00,1655.7000665538824,675.9806681080131,979.7193984458693,0.0,0.0,0.0,0.0,False,NORMAL,0.7,IDLE,0.0,0.0,0.0,0.0,979.7193984458693
2024-01-06 11:30:00,1666.2000540542476,205.69473583971296,1460.5053182145348,0.0,0.0,0.0,0.0,False,NORMAL,0.7,IDLE,0.0,0.0,0.0,0.0,1460.5053182145348
2024-01-06 11:45:00,1644.8978409032732,688.5156711146876,956.3821697885855,0.0,0.0,0.0,0.0,False,NORMAL,0.7,IDLE,0.0,0.0,0.0,0.0,956.3821697885855
2024-01-06 12:00:00,1682.8738443821408,700.7180012578475,982.1558431242933,0.0,0.0,0.0,0.0,False,NORMAL,0.7,IDLE,0.0,0.0,0.0,0.0,982.1558431242933
2024-01-06 12:15:00,1636.9167810047638,677.8911148238631,959.0256661809008,0.0,0.0,0.0,0.0,False,NORMAL,0.7,IDLE,0.0,0.0,0.0,0.0,959.0256661809008
2024-01-06 12:30:00,1644.8168586572638,683.7786025175676,961.0382561396962,0.0,0.0,0.0,0.0,False,NORMAL,0.7,IDLE,0.0,0.0,0.0,0.0,961.0382561396962
2024-01-06 12:45:00,1596.883483461244,656.5255977648662,940.3578856963777,0.0,0.0,0.0,0.0,False,NORMAL,0.7,IDLE,0.0,0.0,0.0,0.0,940.3578856963777
2024-01-06 13:00:00,1637.1469439145521,664.4666864324604,972.6802574820917,0.0,0.0,0.0,0.0,False,NORMAL,0.7,IDLE,0.0,0.0,0.0,0.0,972.6802574820917
2024-01-06 13:15:00,1621.4649075094148,211.91416159943083,1409.550745909984,0.0,0.0,0.0,0.0,False,NORMAL,0.7,IDLE,0.0,0.0,0.0,0.0,1409.550745909984
2024-01-06 13:30:00,1654.84868256114,656.9212401840953,997.9274423770448,0.0,0.0,0.0,0.0,False,NORMAL,0.7,IDLE,0.0,0.0,0.0,0.0,997.9274423770448
2024-01-06 13:45:00,1692.1934262915718,591.9601701013606,1100.2332561902113,0.0,0.0,0.0,0.0,False,NORMAL,0.7,IDLE,0.0,0.0,0.0,0.0,1100.2332561902113
2024-01-06 14:00:00,1659.208285342877,601.6824665560018,1057.525818786875,0.0,0.0,0.0,0.0,False,NORMAL,0.7,IDLE,0.0,0.0,0.0,0.0,1057.525818786875
2024-01-06 14:15:00,1654.1264448799893,301.51169155690525,1352.6147533230842,0.0,0.0,0.0,0.0,False,NORMAL,0.7,IDLE,0.0,0.0,0.0,0.0,1352.6147533230842
2024-01-06 14:30:00,1676.2764844552107,541.9376947075614,1134.3387897476493,0.0,0.0,0.0,0.0,False,NORMAL,0.7,IDLE,0.0,0.0,0.0,0.0,1134.3387897476493
2024-01-06 14:45:00,1591.488907327771,348.0383274367122,1243.4505798910586,0.0,0.0,0.0,0.0,False,NORMAL,0.7,IDLE,0.0,0.0,0.0,0.0,1243.4505798910586
2024-01-06 15:00:00,1559.6327054807275,468.8966124390318,1090.7360930416958,0.0,0.0,0.0,0.0,False,NORMAL,0.7,IDLE,0.0,0.0,0.0,0.0,1090.7360930416958
2024-01-06 15:15:00,1594.5229243836804,429.8039029898211,1164.7190213938593,0.0,0.0,0.0,0.0,False,NORMAL,0.7,IDLE,0.0,0.0,0.0,0.0,1164.7190213938593
2024-01-06 15:30:00,1578.6939685158932,124.89035125565962,1453.8036172602335,0.0,0.0,0.0,0.0,False,NORMAL,0.7,IDLE,0.0,0.0,0.0,0.0,1453.8036172602335
2024-01-06 15:45:00,1616.5092842787988,359.097043192087,1257.4122410867117,0.0,0.0,0.0,0.0,False,NORMAL,0.7,IDLE,0.0,0.0,0.0,0.0,1257.4122410867117
2024-01-06 16:00:00,1638.6372765132187,338.2282007981023,1300.4090757151164,0.0,0.0,0.0,0.0,False,NORMAL,0.7,IDLE,0.0,0.0,0.0,0.0,1300.4090757151164
2024-01-06 16:15:00,1734.7852908724126,269.18308153737394,1465.6022093350387,0.0,0.0,0.0,0.0,False,NORMAL,0.7,IDLE,0.0,0.0,0.0,0.0,1465.6022093350387
2024-01-06 16:30:00,1789.6732783764505,232.47861376952915,1557.1946646069214,0.0,0.0,0.0,0.0,False,NORMAL,0.7,IDLE,0.0,0.0,0.0,0.0,1557.1946646069214
2024-01-06 16:45:00,1843.7074830795052,136.28819402430457,1707.4192890552006,0.0,0.0,0.0,0.0,False,NORMAL,0.7,IDLE,0.0,0.0,0.0,0.0,1707.4192890552006
2024-01-06 17:00:00,1924.8903507998716,153.5513065403612,1771.3390442595105,0.0,0.0,0.0,0.0,False,WATCH,0.7,IDLE,0.0,0.0,0.0,0.0,1771.3390442595105
2024-01-06 17:15:00,1968.1495277281663,51.36410493976038,1916.7854227884059,0.0,0.0,0.0,0.0,False,WATCH,0.7,IDLE,0.0,0.0,0.0,0.0,1916.7854227884059
2024-01-06 17:30:00,2117.2104770989445,80.86379542231236,2036.3466816766322,0.0,0.0,0.0,0.0,False,WARNING,0.7,IDLE,0.0,0.0,0.0,0.0,2036.3466816766322
2024-01-06 17:45:00,2156.1961380716566,56.0305673768421,2100.1655706948145,0.0,0.0,0.0,0.0,False,WARNING,0.7,IDLE,0.0,0.0,0.0,0.0,2100.1655706948145
2024-01-06 18:00:00,2143.780493062982,31.911165358022533,2111.8693277049592,0.0,0.0,0.0,0.0,False,WARNING,0.7,IDLE,0.0,0.0,0.0,0.0,2111.8693277049592
2024-01-06 18:15:00,2263.1478424272636,10.947193495683003,2252.2006489315804,0.0,0.0,0.0,0.0,False,WARNING,0.7,IDLE,0.0,0.0,0.0,0.0,2252.2006489315804
2024-01-06 18:30:00,2316.9152588156944,3.2805995280202497e-22,2316.9152588156944,0.0,0.0,0.0,0.0,True,CRITICAL,0.7,IDLE,0.0,0.0,0.0,16.915258815694415,2316.9152588156944
2024-01-06 18:45:00,2352.9472163315318,0.0,2352.9472163315318,0.0,0.0,0.0,0.0,True,CRITICAL,0.7,IDLE,0.0,0.0,0.0,52.94721633153176,2352.9472163315318
2024-01-06 19:00:00,2046.4462578697446,0.0,2046.4462578697446,0.0,0.0,0.0,0.0,False,WARNING,0.7,IDLE,0.0,0.0,0.0,0.0,2046.4462578697446
2024-01-06 19:15:00,2135.3869486928043,0.0,2135.3869486928043,0.0,0.0,0.0,0.0,False,WARNING,0.7,IDLE,0.0,0.0,0.0,0.0,2135.3869486928043
2024-01-06 19:30:00,2072.615930731348,0.0,2072.615930731348,0.0,0.0,0.0,0.0,False,WARNING,0.7,IDLE,0.0,0.0,0.0,0.0,2072.615930731348
2024-01-06 19:45:00,2060.7983184891214,0.0,2060.7983184891214,0.0,0.0,0.0,0.0,False,WARNING,0.7,IDLE,0.0,0.0,0.0,0.0,2060.7983184891214
2024-01-06 20:00:00,2040.8702567339758,0.0,2040.8702567339758,0.0,0.0,0.0,0.0,False,WARNING,0.7,IDLE,0.0,0.0,0.0,0.0,2040.8702567339758
2024-01-06 20:15:00,2036.757459449245,0.0,2036.757459449245,0.0,0.0,0.0,0.0,False,WARNING,0.7,IDLE,0.0,0.0,0.0,0.0,2036.757459449245
2024-01-06 20:30:00,2038.8218761500661,0.0,2038.8218761500661,0.0,0.0,0.0,0.0,False,WARNING,0.7,IDLE,0.0,0.0,0.0,0.0,2038.8218761500661
2024-01-06 20:45:00,1957.9899542631138,0.0,1957.9899542631138,0.0,0.0,0.0,0.0,False,WARNING,0.7,IDLE,0.0,0.0,0.0,0.0,1957.9899542631138
2024-01-06 21:00:00,1979.181902477406,0.0,1979.181902477406,0.0,0.0,0.0,0.0,False,WARNING,0.7,IDLE,0.0,0.0,0.0,0.0,1979.181902477406
2024-01-06 21:15:00,1875.1768673693482,0.0,1875.1768673693482,0.0,0.0,0.0,0.0,False,WATCH,0.7,IDLE,0.0,0.0,0.0,0.0,1875.1768673693482
2024-01-06 21:30:00,1832.592702185429,0.0,1832.592702185429,0.0,0.0,0.0,0.0,False,WATCH,0.7,IDLE,0.0,0.0,0.0,0.0,1832.592702185429
2024-01-06 21:45:00,1697.67926754427,0.0,1697.67926754427,0.0,0.0,0.0,0.0,False,NORMAL,0.7,IDLE,0.0,0.0,0.0,0.0,1697.67926754427
2024-01-06 22:00:00,1565.3699576942256,0.0,1565.3699576942256,0.0,0.0,0.0,0.0,False,NORMAL,0.7,IDLE,0.0,0.0,0.0,0.0,1565.3699576942256
2024-01-06 22:15:00,1389.4746915333074,0.0,1389.4746915333074,0.0,0.0,0.0,0.0,False,NORMAL,0.7,IDLE,0.0,0.0,0.0,0.0,1389.4746915333074
2024-01-06 22:30:00,1313.6800027873137,0.0,1313.6800027873137,0.0,0.0,0.0,0.0,False,NORMAL,0.7,IDLE,0.0,0.0,0.0,0.0,1313.6800027873137
2024-01-06 22:45:00,1082.7090779305004,0.0,1082.7090779305004,0.0,0.0,0.0,0.0,False,NORMAL,0.7,IDLE,0.0,0.0,0.0,0.0,1082.7090779305004
2024-01-06 23:00:00,1004.134687746958,0.0,1004.134687746958,0.0,0.0,0.0,0.0,False,NORMAL,0.7,IDLE,0.0,0.0,0.0,0.0,1004.134687746958
2024-01-06 23:15:00,1000.3089655255912,0.0,1000.3089655255912,0.0,0.0,0.0,0.0,False,NORMAL,0.7,IDLE,0.0,0.0,0.0,0.0,1000.3089655255912
2024-01-06 23:30:00,974.2889891011303,0.0,974.2889891011303,0.0,0.0,0.0,0.0,False,NORMAL,0.7,IDLE,0.0,0.0,0.0,0.0,974.2889891011303
2024-01-06 23:45:00,853.443219886239,0.0,853.443219886239,0.0,0.0,0.0,0.0,False,NORMAL,0.7,IDLE,0.0,0.0,0.0,0.0,853.443219886239
2024-01-07 00:00:00,769.2737794627741,0.0,769.2737794627741,0.0,0.0,0.0,0.0,False,NORMAL,0.7,IDLE,0.0,0.0,0.0,0.0,769.2737794627741
2024-01-07 00:15:00,799.7918778758773,0.0,799.7918778758773,0.0,0.0,0.0,0.0,False,NORMAL,0.7,IDLE,0.0,0.0,0.0,0.0,799.7918778758773
2024-01-07 00:30:00,763.0418447776474,0.0,763.0418447776474,0.0,0.0,0.0,0.0,False,NORMAL,0.7,IDLE,0.0,0.0,0.0,0.0,763.0418447776474
2024-01-07 00:45:00,820.9075040347103,0.0,820.9075040347103,0.0,0.0,0.0,0.0,False,NORMAL,0.7,IDLE,0.0,0.0,0.0,0.0,820.9075040347103
2024-01-07 01:00:00,742.5206155976184,0.0,742.5206155976184,0.0,0.0,0.0,0.0,False,NORMAL,0.7,IDLE,0.0,0.0,0.0,0.0,742.5206155976184
2024-01-07 01:15:00,697.3786012063098,0.0,697.3786012063098,0.0,0.0,0.0,0.0,False,NORMAL,0.7,IDLE,0.0,0.0,0.0,0.0,697.3786012063098
2024-01-07 01:30:00,672.5766064259279,0.0,672.5766064259279,0.0,0.0,0.0,0.0,False,NORMAL,0.7,IDLE,0.0,0.0,0.0,0.0,672.5766064259279
2024-01-07 01:45:00,774.4586243802387,0.0,774.4586243802387,0.0,0.0,0.0,0.0,False,NORMAL,0.7,IDLE,0.0,0.0,0.0,0.0,774.4586243802387
2024-01-07 02:00:00,764.9640850183455,0.0,764.9640850183455,0.0,0.0,0.0,0.0,False,NORMAL,0.7,IDLE,0.0,0.0,0.0,0.0,764.9640850183455
2024-01-07 02:15:00,743.8647108742942,0.0,743.8647108742942,0.0,0.0,0.0,0.0,False,NORMAL,0.7,IDLE,0.0,0.0,0.0,0.0,743.8647108742942
2024-01-07 02:30:00,775.8236172514577,0.0,775.8236172514577,0.0,0.0,0.0,0.0,False,NORMAL,0.7,IDLE,0.0,0.0,0.0,0.0,775.8236172514577
2024-01-07 02:45:00,717.8552490838522,0.0,717.8552490838522,0.0,0.0,0.0,0.0,False,NORMAL,0.7,IDLE,0.0,0.0,0.0,0.0,717.8552490838522
2024-01-07 03:00:00,835.2285236815517,0.0,835.2285236815517,0.0,0.0,0.0,0.0,False,NORMAL,0.7,IDLE,0.0,0.0,0.0,0.0,835.2285236815517
2024-01-07 03:15:00,789.4169014095396,0.0,789.4169014095396,0.0,0.0,0.0,0.0,False,NORMAL,0.7,IDLE,0.0,0.0,0.0,0.0,789.4169014095396
2024-01-07 03:30:00,767.5456777287355,0.0,767.5456777287355,0.0,0.0,0.0,0.0,False,NORMAL,0.7,IDLE,0.0,0.0,0.0,0.0,767.5456777287355
2024-01-07 03:45:00,773.8359741156507,0.0,773.8359741156507,0.0,0.0,0.0,0.0,False,NORMAL,0.7,IDLE,0.0,0.0,0.0,0.0,773.8359741156507
2024-01-07 04:00:00,771.6549455217878,0.0,771.6549455217878,0.0,0.0,0.0,0.0,False,NORMAL,0.7,IDLE,0.0,0.0,0.0,0.0,771.6549455217878
2024-01-07 04:15:00,753.4825276374308,0.0,753.4825276374308,0.0,0.0,0.0,0.0,False,NORMAL,0.7,IDLE,0.0,0.0,0.0,0.0,753.4825276374308
2024-01-07 04:30:00,758.1681201163964,0.0,758.1681201163964,0.0,0.0,0.0,0.0,False,NORMAL,0.7,IDLE,0.0,0.0,0.0,0.0,758.1681201163964
2024-01-07 04:45:00,744.4642423335295,0.0,744.4642423335295,0.0,0.0,0.0,0.0,False,NORMAL,0.7,IDLE,0.0,0.0,0.0,0.0,744.4642423335295
2024-01-07 05:00:00,807.6415605136056,0.0,807.6415605136056,0.0,0.0,0.0,0.0,False,NORMAL,0.7,IDLE,0.0,0.0,0.0,0.0,807.6415605136056
2024-01-07 05:15:00,877.5103909561556,0.0,877.5103909561556,0.0,0.0,0.0,0.0,False,NORMAL,0.7,IDLE,0.0,0.0,0.0,0.0,877.5103909561556
2024-01-07 05:30:00,967.3575856350183,0.0,967.3575856350183,0.0,0.0,0.0,0.0,False,NORMAL,0.7,IDLE,0.0,0.0,0.0,0.0,967.3575856350183
2024-01-07 05:45:00,978.5215933197915,0.0,978.5215933197915,0.0,0.0,0.0,0.0,False,NORMAL,0.7,IDLE,0.0,0.0,0.0,0.0,978.5215933197915
2024-01-07 06:00:00,1057.1280079384244,3.823584925491911e-22,1057.1280079384244,0.0,0.0,0.0,0.0,False,NORMAL,0.7,IDLE,0.0,0.0,0.0,0.0,1057.1280079384244
2024-01-07 06:15:00,1165.7054037933603,12.199063334094598,1153.5063404592659,0.0,0.0,0.0,0.0,False,NORMAL,0.7,IDLE,0.0,0.0,0.0,0.0,1153.5063404592659
2024-01-07 06:30:00,1297.222460804224,34.321312205187944,1262.901148599036,0.0,0.0,0.0,0.0,False,NORMAL,0.7,IDLE,0.0,0.0,0.0,0.0,1262.901148599036
2024-01-07 06:45:00,1414.8551430085008,48.13879321835573,1366.7163497901452,0.0,0.0,0.0,0.0,False,NORMAL,0.7,IDLE,0.0,0.0,0.0,0.0,1366.7163497901452
2024-01-07 07:00:00,1420.1703614427313,100.75578604615136,1319.41457539658,0.0,0.0,0.0,0.0,False,NORMAL,0.7,IDLE,0.0,0.0,0.0,0.0,1319.41457539658
2024-01-07 07:15:00,1548.3976717365592,133.87577222408865,1414.5218995124706,0.0,0.0,0.0,0.0,False,NORMAL,0.7,IDLE,0.0,0.0,0.0,0.0,1414.5218995124706
2024-01-07 07:30:00,1545.285728346303,174.2895365439022,1370.9961918024007,0.0,0.0,0.0,0.0,False,NORMAL,0.7,IDLE,0.0,0.0,0.0,0.0,1370.9961918024007
2024-01-07 07:45:00,1532.5408606858969,215.98292942687743,1316.5579312590194,0.0,0.0,0.0,0.0,False,NORMAL,0.7,IDLE,0.0,0.0,0.0,0.0,1316.5579312590194
2024-01-07 08:00:00,1572.3255903687682,273.69226755883,1298.6333228099381,0.0,0.0,0.0,0.0,False,NORMAL,0.7,IDLE,0.0,0.0,0.0,0.0,1298.6333228099381
2024-01-07 08:15:00,1585.8760076949518,301.3771761743447,1284.4988315206072,0.0,0.0,0.0,0.0,False,NORMAL,0.7,IDLE,0.0,0.0,0.0,0.0,1284.4988315206072
2024-01-07 08:30:00,1662.7839142525488,349.8243487620064,1312.9595654905424,0.0,0.0,0.0,0.0,False,NORMAL,0.7,IDLE,0.0,0.0,0.0,0.0,1312.9595654905424
2024-01-07 08:45:00,1660.132472949863,412.7712184682898,1247.3612544815733,0.0,0.0,0.0,0.0,False,NORMAL,0.7,IDLE,0.0,0.0,0.0,0.0,1247.3612544815733
2024-01-07 09:00:00,1217.6439526004165,442.0005429257565,775.64340967466,0.0,0.0,0.0,0.0,False,NORMAL,0.7,IDLE,0.0,0.0,0.0,0.0,775.64340967466
2024-01-07 09:15:00,1151.1993644750119,393.4058108102179,757.793553664794,0.0,0.0,0.0,0.0,False,NORMAL,0.7,IDLE,0.0,0.0,0.0,0.0,757.793553664794
2024-01-07 09:30:00,1233.7978845932826,511.1384563385301,722.6594282547525,0.0,0.0,0.0,0.0,False,NORMAL,0.7,IDLE,0.0,0.0,0.0,0.0,722.6594282547525
2024-01-07 09:45:00,1250.109724837499,561.9013821627972,688.2083426747018,0.0,0.0,0.0,0.0,False,NORMAL,0.7,IDLE,0.0,0.0,0.0,0.0,688.2083426747018
2024-01-07 10:00:00,1360.4379642702843,629.6446687133465,730.7932955569378,0.0,0.0,0.0,0.0,False,NORMAL,0.7,IDLE,0.0,0.0,0.0,0.0,730.7932955569378
2024-01-07 10:15:00,1361.3361625575465,624.4364784133581,736.8996841441883,0.0,0.0,0.0,0.0,False,NORMAL,0.7,IDLE,0.0,0.0,0.0,0.0,736.8996841441883
2024-01-07 10:30:00,1373.8654176102793,665.7010680567287,708.1643495535507,0.0,0.0,0.0,0.0,False,NORMAL,0.7,IDLE,0.0,0.0,0.0,0.0,708.1643495535507
2024-01-07 10:45:00,1372.6255590423889,701.9496515871147,670.6759074552742,0.0,0.0,0.0,0.0,False,NORMAL,0.7,IDLE,0.0,0.0,0.0,0.0,670.6759074552742
2024-01-07 11:00:00,1293.2696706504173,699.2516480583404,594.0180225920769,0.0,0.0,0.0,0.0,False,NORMAL,0.7,IDLE,0.0,0.0,0.0,0.0,594.0180225920769
2024-01-07 11:15:00,1412.6367356761143,731.4536128163304,681.1831228597839,0.0,0.0,0.0,0.0,False,NORMAL,0.7,IDLE,0.0,0.0,0.0,0.0,681.1831228597839
2024-01-07 11:30:00,1349.4682733953096,758.9784378415096,590.4898355537999,0.0,0.0,0.0,0.0,False,NORMAL,0.7,IDLE,0.0,0.0,0.0,0.0,590.4898355537999
2024-01-07 11:45:00,1395.5081658701433,768.8776503156977,626.6305155544457,0.0,0.0,0.0,0.0,False,NORMAL,0.7,IDLE,0.0,0.0,0.0,0.0,626.6305155544457
2024-01-07 12:00:00,1468.6541882665751,325.6897112893599,1142.9644769772153,0.0,0.0,0.0,0.0,False,NORMAL,0.7,IDLE,0.0,0.0,0.0,0.0,1142.9644769772153
2024-01-07 12:15:00,1444.8753559535635,812.90442706176,631.9709288918035,0.0,0.0,0.0,0.0,False,NORMAL,0.7,IDLE,0.0,0.0,0.0,0.0,631.9709288918035
2024-01-07 12:30:00,1358.4003171947015,754.7799714815865,603.6203457131151,0.0,0.0,0.0,0.0,False,NORMAL,0.7,IDLE,0.0,0.0,0.0,0.0,603.6203457131151
2024-01-07 12:45:00,1335.4634933667298,770.3653469328527,565.0981464338771,0.0,0.0,0.0,0.0,False,NORMAL,0.7,IDLE,0.0,0.0,0.0,0.0,565.0981464338771
2024-01-07 13:00:00,1499.4472220344394,771.7229064527247,727.7243155817147,0.0,0.0,0.0,0.0,False,NORMAL,0.7,IDLE,0.0,0.0,0.0,0.0,727.7243155817147
2024-01-07 13:15:00,1401.3139702463325,774.3406476382297,626.9733226081028,0.0,0.0,0.0,0.0,False,NORMAL,0.7,IDLE,0.0,0.0,0.0,0.0,626.9733226081028
2024-01-07 13:30:00,1382.4936530102605,484.27936876334394,898.2142842469166,0.0,0.0,0.0,0.0,False,NORMAL,0.7,IDLE,0.0,0.0,0.0,0.0,898.2142842469166
2024-01-07 13:45:00,1386.7041291183027,702.6649370655073,684.0391920527954,0.0,0.0,0.0,0.0,False,NORMAL,0.7,IDLE,0.0,0.0,0.0,0.0,684.0391920527954
2024-01-07 14:00:00,1395.0343374927147,682.1086819781672,712.9256555145475,0.0,0.0,0.0,0.0,False,NORMAL,0.7,IDLE,0.0,0.0,0.0,0.0,712.9256555145475
2024-01-07 14:15:00,1375.9043418466595,339.8525034390122,1036.0518384076472,0.0,0.0,0.0,0.0,False,NORMAL,0.7,IDLE,0.0,0.0,0.0,0.0,1036.0518384076472
2024-01-07 14:30:00,1360.0803610351422,586.0233669690591,774.0569940660831,0.0,0.0,0.0,0.0,False,NORMAL,0.7,IDLE,0.0,0.0,0.0,0.0,774.0569940660831
2024-01-07 14:45:00,1378.3557355098053,298.885874802855,1079.4698607069504,0.0,0.0,0.0,0.0,False,NORMAL,0.7,IDLE,0.0,0.0,0.0,0.0,1079.4698607069504
2024-01-07 15:00:00,1406.8560408182498,548.5088094548539,858.3472313633958,0.0,0.0,0.0,0.0,False,NORMAL,0.7,IDLE,0.0,0.0,0.0,0.0,858.3472313633958
2024-01-07 15:15:00,1354.2344160993873,480.5735101884661,873.6609059109212,0.0,0.0,0.0,0.0,False,NORMAL,0.7,IDLE,0.0,0.0,0.0,0.0,873.6609059109212
2024-01-07 15:30:00,1374.400450802155,143.52339321524445,1230.8770575869107,0.0,0.0,0.0,0.0,False,NORMAL,0.7,IDLE,0.0,0.0,0.0,0.0,1230.8770575869107
2024-01-07 15:45:00,1396.9095269951686,220.62635339985414,1176.2831735953143,0.0,0.0,0.0,0.0,False,NORMAL,0.7,IDLE,0.0,0.0,0.0,0.0,1176.2831735953143
2024-01-07 16:00:00,1378.035854297938,103.09821001522549,1274.9376442827124,0.0,0.0,0.0,0.0,False,NORMAL,0.7,IDLE,0.0,0.0,0.0,0.0,1274.9376442827124
2024-01-07 16:15:00,1541.0491938772,162.89929858104273,1378.1498952961572,0.0,0.0,0.0,0.0,False,NORMAL,0.7,IDLE,0.0,0.0,0.0,0.0,1378.1498952961572
2024-01-07 16:30:00,1444.8586206022937,262.155204237147,1182.7034163651467,0.0,0.0,0.0,0.0,False,NORMAL,0.7,IDLE,0.0,0.0,0.0,0.0,1182.7034163651467
2024-01-07 16:45:00,1639.3727137191563,212.54670402960392,1426.8260096895524,0.0,0.0,0.0,0.0,False,NORMAL,0.7,IDLE,0.0,0.0,0.0,0.0,1426.8260096895524
2024-01-07 17:00:00,1711.0500502879759,167.5284242812829,1543.521626006693,0.0,0.0,0.0,0.0,False,NORMAL,0.7,IDLE,0.0,0.0,0.0,0.0,1543.521626006693
2024-01-07 17:15:00,1645.6494410254732,129.9429200193325,1515.7065210061407,0.0,0.0,0.0,0.0,False,NORMAL,0.7,IDLE,0.0,0.0,0.0,0.0,1515.7065210061407
2024-01-07 17:30:00,1811.8864584406256,98.56843785981452,1713.318020580811,0.0,0.0,0.0,0.0,False,NORMAL,0.7,IDLE,0.0,0.0,0.0,0.0,1713.318020580811
2024-01-07 17:45:00,1890.0513422526997,66.7519680588484,1823.2993741938512,0.0,0.0,0.0,0.0,False,WATCH,0.7,IDLE,0.0,0.0,0.0,0.0,1823.2993741938512
2024-01-07 18:00:00,1862.555632720457,35.90492372927635,1826.6507089911806,0.0,0.0,0.0,0.0,False,WATCH,0.7,IDLE,0.0,0.0,0.0,0.0,1826.6507089911806
2024-01-07 18:15:00,1952.178317152214,11.731930660966201,1940.446386491248,0.0,0.0,0.0,0.0,False,WATCH,0.7,IDLE,0.0,0.0,0.0,0.0,1940.446386491248
2024-01-07 18:30:00,1990.554994115187,3.8183203351728754e-22,1990.554994115187,0.0,0.0,0.0,0.0,False,WARNING,0.7,IDLE,0.0,0.0,0.0,0.0,1990.554994115187
2024-01-07 18:45:00,2136.7036806046194,0.0,2136.7036806046194,0.0,0.0,0.0,0.0,False,WARNING,0.7,IDLE,0.0,0.0,0.0,0.0,2136.7036806046194
2024-01-07 19:00:00,2089.167394281045,0.0,2089.167394281045,0.0,0.0,0.0,0.0,False,WARNING,0.7,IDLE,0.0,0.0,0.0,0.0,2089.167394281045
2024-01-07 19:15:00,2108.538476048045,0.0,2108.538476048045,0.0,0.0,0.0,0.0,False,WARNING,0.7,IDLE,0.0,0.0,0.0,0.0,2108.538476048045
2024-01-07 19:30:00,2102.91471309792,0.0,2102.91471309792,0.0,0.0,0.0,0.0,False,WARNING,0.7,IDLE,0.0,0.0,0.0,0.0,2102.91471309792
2024-01-07 19:45:00,2050.447920602402,0.0,2050.447920602402,0.0,0.0,0.0,0.0,False,WARNING,0.7,IDLE,0.0,0.0,0.0,0.0,2050.447920602402
2024-01-07 20:00:00,1886.447146373137,0.0,1886.447146373137,0.0,0.0,0.0,0.0,False,WATCH,0.7,IDLE,0.0,0.0,0.0,0.0,1886.447146373137
2024-01-07 20:15:00,1970.5080218398607,0.0,1970.5080218398607,0.0,0.0,0.0,0.0,False,WARNING,0.7,IDLE,0.0,0.0,0.0,0.0,1970.5080218398607
2024-01-07 20:30:00,1887.4395955275754,0.0,1887.4395955275754,0.0,0.0,0.0,0.0,False,WATCH,0.7,IDLE,0.0,0.0,0.0,0.0,1887.4395955275754
2024-01-07 20:45:00,1891.502279346073,0.0,1891.502279346073,0.0,0.0,0.0,0.0,False,WATCH,0.7,IDLE,0.0,0.0,0.0,0.0,1891.502279346073
2024-01-07 21:00:00,1822.2182647843008,0.0,1822.2182647843008,0.0,0.0,0.0,0.0,False,WATCH,0.7,IDLE,0.0,0.0,0.0,0.0,1822.2182647843008
2024-01-07 21:15:00,1780.6313062622874,0.0,1780.6313062622874,0.0,0.0,0.0,0.0,False,WATCH,0.7,IDLE,0.0,0.0,0.0,0.0,1780.6313062622874
2024-01-07 21:30:00,1717.5484732422585,0.0,1717.5484732422585,0.0,0.0,0.0,0.0,False,NORMAL,0.7,IDLE,0.0,0.0,0.0,0.0,1717.5484732422585
2024-01-07 21:45:00,1609.3019142174485,0.0,1609.3019142174485,0.0,0.0,0.0,0.0,False,NORMAL,0.7,IDLE,0.0,0.0,0.0,0.0,1609.3019142174485
2024-01-07 22:00:00,1430.2118538708091,0.0,1430.2118538708091,0.0,0.0,0.0,0.0,False,NORMAL,0.7,IDLE,0.0,0.0,0.0,0.0,1430.2118538708091
2024-01-07 22:15:00,1380.3755207986187,0.0,1380.3755207986187,0.0,0.0,0.0,0.0,False,NORMAL,0.7,IDLE,0.0,0.0,0.0,0.0,1380.3755207986187
2024-01-07 22:30:00,1143.9515874095025,0.0,1143.9515874095025,0.0,0.0,0.0,0.0,False,NORMAL,0.7,IDLE,0.0,0.0,0.0,0.0,1143.9515874095025
2024-01-07 22:45:00,1070.4492446887834,0.0,1070.4492446887834,0.0,0.0,0.0,0.0,False,NORMAL,0.7,IDLE,0.0,0.0,0.0,0.0,1070.4492446887834
2024-01-07 23:00:00,911.0222261315582,0.0,911.0222261315582,0.0,0.0,0.0,0.0,False,NORMAL,0.7,IDLE,0.0,0.0,0.0,0.0,911.0222261315582
2024-01-07 23:15:00,869.0046454110318,0.0,869.0046454110318,0.0,0.0,0.0,0.0,False,NORMAL,0.7,IDLE,0.0,0.0,0.0,0.0,869.0046454110318
2024-01-07 23:30:00,836.3839673479258,0.0,836.3839673479258,0.0,0.0,0.0,0.0,False,NORMAL,0.7,IDLE,0.0,0.0,0.0,0.0,836.3839673479258
2024-01-07 23:45:00,769.6650096001234,0.0,769.6650096001234,0.0,0.0,0.0,0.0,False,NORMAL,0.7,IDLE,0.0,0.0,0.0,0.0,769.6650096001234
2024-01-08 00:00:00,822.5163436382945,0.0,822.5163436382945,0.0,0.0,0.0,0.0,False,NORMAL,0.7,IDLE,0.0,0.0,0.0,0.0,822.5163436382945
2024-01-08 00:15:00,790.3951271034268,0.0,790.3951271034268,0.0,0.0,0.0,0.0,False,NORMAL,0.7,IDLE,0.0,0.0,0.0,0.0,790.3951271034268
2024-01-08 00:30:00,816.2870147505927,0.0,816.2870147505927,0.0,0.0,0.0,0.0,False,NORMAL,0.7,IDLE,0.0,0.0,0.0,0.0,816.2870147505927
2024-01-08 00:45:00,849.3697220137012,0.0,849.3697220137012,0.0,0.0,0.0,0.0,False,NORMAL,0.7,IDLE,0.0,0.0,0.0,0.0,849.3697220137012
2024-01-08 01:00:00,809.6029349556834,0.0,809.6029349556834,0.0,0.0,0.0,0.0,False,NORMAL,0.7,IDLE,0.0,0.0,0.0,0.0,809.6029349556834
2024-01-08 01:15:00,752.6225102585627,0.0,752.6225102585627,0.0,0.0,0.0,0.0,False,NORMAL,0.7,IDLE,0.0,0.0,0.0,0.0,752.6225102585627
2024-01-08 01:30:00,748.3395901588208,0.0,748.3395901588208,0.0,0.0,0.0,0.0,False,NORMAL,0.7,IDLE,0.0,0.0,0.0,0.0,748.3395901588208
2024-01-08 01:45:00,819.4678413150325,0.0,819.4678413150325,0.0,0.0,0.0,0.0,False,NORMAL,0.7,IDLE,0.0,0.0,0.0,0.0,819.4678413150325
2024-01-08 02:00:00,750.6233383936114,0.0,750.6233383936114,0.0,0.0,0.0,0.0,False,NORMAL,0.7,IDLE,0.0,0.0,0.0,0.0,750.6233383936114
2024-01-08 02:15:00,850.2841635489187,0.0,850.2841635489187,0.0,0.0,0.0,0.0,False,NORMAL,0.7,IDLE,0.0,0.0,0.0,0.0,850.2841635489187
2024-01-08 02:30:00,761.996548470134,0.0,761.996548470134,0.0,0.0,0.0,0.0,False,NORMAL,0.7,IDLE,0.0,0.0,0.0,0.0,761.996548470134
2024-01-08 02:45:00,853.537111929887,0.0,853.537111929887,0.0,0.0,0.0,0.0,False,NORMAL,0.7,IDLE,0.0,0.0,0.0,0.0,853.537111929887
2024-01-08 03:00:00,830.3122761666716,0.0,830.3122761666716,0.0,0.0,0.0,0.0,False,NORMAL,0.7,IDLE,0.0,0.0,0.0,0.0,830.3122761666716
2024-01-08 03:15:00,811.0437352644972,0.0,811.0437352644972,0.0,0.0,0.0,0.0,False,NORMAL,0.7,IDLE,0.0,0.0,0.0,0.0,811.0437352644972
2024-01-08 03:30:00,822.477661616145,0.0,822.477661616145,0.0,0.0,0.0,0.0,False,NORMAL,0.7,IDLE,0.0,0.0,0.0,0.0,822.477661616145
2024-01-08 03:45:00,781.5772240058859,0.0,781.5772240058859,0.0,0.0,0.0,0.0,False,NORMAL,0.7,IDLE,0.0,0.0,0.0,0.0,781.5772240058859
2024-01-08 04:00:00,807.8571409281642,0.0,807.8571409281642,0.0,0.0,0.0,0.0,False,NORMAL,0.7,IDLE,0.0,0.0,0.0,0.0,807.8571409281642
2024-01-08 04:15:00,865.7103058286723,0.0,865.7103058286723,0.0,0.0,0.0,0.0,False,NORMAL,0.7,IDLE,0.0,0.0,0.0,0.0,865.7103058286723
2024-01-08 04:30:00,809.6008517848397,0.0,809.6008517848397,0.0,0.0,0.0,0.0,False,NORMAL,0.7,IDLE,0.0,0.0,0.0,0.0,809.6008517848397
2024-01-08 04:45:00,818.9981205592718,0.0,818.9981205592718,0.0,0.0,0.0,0.0,False,NORMAL,0.7,IDLE,0.0,0.0,0.0,0.0,818.9981205592718
2024-01-08 05:00:00,799.4684099275087,0.0,799.4684099275087,0.0,0.0,0.0,0.0,False,NORMAL,0.7,IDLE,0.0,0.0,0.0,0.0,799.4684099275087
2024-01-08 05:15:00,905.7221623994963,0.0,905.7221623994963,0.0,0.0,0.0,0.0,False,NORMAL,0.7,IDLE,0.0,0.0,0.0,0.0,905.7221623994963
2024-01-08 05:30:00,1012.1860198068591,0.0,1012.1860198068591,0.0,0.0,0.0,0.0,False,NORMAL,0.7,IDLE,0.0,0.0,0.0,0.0,1012.1860198068591
2024-01-08 05:45:00,1021.7771826073954,0.0,1021.7771826073954,0.0,0.0,0.0,0.0,False,NORMAL,0.7,IDLE,0.0,0.0,0.0,0.0,1021.7771826073954
2024-01-08 06:00:00,1178.5888415620466,3.5285337995503597e-22,1178.5888415620466,0.0,0.0,0.0,0.0,False,NORMAL,0.7,IDLE,0.0,0.0,0.0,0.0,1178.5888415620466
2024-01-08 06:15:00,1338.088310426181,11.749595552513641,1326.3387148736672,0.0,0.0,0.0,0.0,False,NORMAL,0.7,IDLE,0.0,0.0,0.0,0.0,1326.3387148736672
2024-01-08 06:30:00,1451.6177664270047,33.639349531435705,1417.978416895569,0.0,0.0,0.0,0.0,False,NORMAL,0.7,IDLE,0.0,0.0,0.0,0.0,1417.978416895569
2024-01-08 06:45:00,1548.4890445796177,60.38285887607992,1488.106185703538,0.0,0.0,0.0,0.0,False,NORMAL,0.7,IDLE,0.0,0.0,0.0,0.0,1488.106185703538
2024-01-08 07:00:00,1643.4803695369524,90.5328126124387,1552.9475569245137,0.0,0.0,0.0,0.0,False,NORMAL,0.7,IDLE,0.0,0.0,0.0,0.0,1552.9475569245137
2024-01-08 07:15:00,1760.7083918903777,126.37991863946098,1634.3284732509167,0.0,0.0,0.0,0.0,False,NORMAL,0.7,IDLE,0.0,0.0,0.0,0.0,1634.3284732509167
2024-01-08 07:30:00,1809.2369901581185,138.20185623066328,1671.0351339274553,0.0,0.0,0.0,0.0,False,NORMAL,0.7,IDLE,0.0,0.0,0.0,0.0,1671.0351339274553
2024-01-08 07:45:00,1914.7235733578898,210.8643422701051,1703.8592310877848,0.0,0.0,0.0,0.0,False,NORMAL,0.7,IDLE,0.0,0.0,0.0,0.0,1703.8592310877848
2024-01-08 08:00:00,2034.373323025752,256.5604033889112,1777.8129196368407,0.0,0.0,0.0,0.0,False,WATCH,0.7,IDLE,0.0,0.0,0.0,0.0,1777.8129196368407
2024-01-08 08:15:00,2066.6591618366783,287.5499518976812,1779.109209938997,0.0,0.0,0.0,0.0,False,WATCH,0.7,IDLE,0.0,0.0,0.0,0.0,1779.109209938997
2024-01-08 08:30:00,2203.8167876229863,309.44166069541177,1894.3751269275745,0.0,0.0,0.0,0.0,False,WATCH,0.7,IDLE,0.0,0.0,0.0,0.0,1894.3751269275745
2024-01-08 08:45:00,2218.4255186010237,377.4173501039221,1841.0081684971015,0.0,0.0,0.0,0.0,False,WATCH,0.7,IDLE,0.0,0.0,0.0,0.0,1841.0081684971015
2024-01-08 09:00:00,1887.7955864026214,415.6367962224828,1472.1587901801386,0.0,0.0,0.0,0.0,False,NORMAL,0.7,IDLE,0.0,0.0,0.0,0.0,1472.1587901801386
2024-01-08 09:15:00,1882.806856157889,473.84420902732194,1408.962647130567,0.0,0.0,0.0,0.0,False,NORMAL,0.7,IDLE,0.0,0.0,0.0,0.0,1408.962647130567
2024-01-08 09:30:00,1858.9019127425138,559.8185828587267,1299.083329883787,0.0,0.0,0.0,0.0,False,NORMAL,0.7,IDLE,0.0,0.0,0.0,0.0,1299.083329883787
2024-01-08 09:45:00,1893.446789119176,559.6922029101195,1333.7545862090565,0.0,0.0,0.0,0.0,False,NORMAL,0.7,IDLE,0.0,0.0,0.0,0.0,1333.7545862090565
2024-01-08 10:00:00,1923.7646905947433,632.5201402093346,1291.2445503854087,0.0,0.0,0.0,0.0,False,NORMAL,0.7,IDLE,0.0,0.0,0.0,0.0,1291.2445503854087
2024-01-08 10:15:00,1895.9473993831414,628.6093196508949,1267.3380797322466,0.0,0.0,0.0,0.0,False,NORMAL,0.7,IDLE,0.0,0.0,0.0,0.0,1267.3380797322466
2024-01-08 10:30:00,1787.3715039991348,636.2266978127664,1151.1448061863684,0.0,0.0,0.0,0.0,False,NORMAL,0.7,IDLE,0.0,0.0,0.0,0.0,1151.1448061863684
2024-01-08 10:45:00,1806.2054271996954,279.72903496774273,1526.4763922319526,0.0,0.0,0.0,0.0,False,NORMAL,0.7,IDLE,0.0,0.0,0.0,0.0,1526.4763922319526
2024-01-08 11:00:00,1812.1685177199697,398.23033394758573,1413.938183772384,0.0,0.0,0.0,0.0,False,NORMAL,0.7,IDLE,0.0,0.0,0.0,0.0,1413.938183772384
2024-01-08 11:15:00,1843.5028912566013,757.6349485170618,1085.8679427395396,0.0,0.0,0.0,0.0,False,NORMAL,0.7,IDLE,0.0,0.0,0.0,0.0,1085.8679427395396
2024-01-08 11:30:00,1905.5566074715764,382.9639668021176,1522.592640669459,0.0,0.0,0.0,0.0,False,NORMAL,0.7,IDLE,0.0,0.0,0.0,0.0,1522.592640669459
2024-01-08 11:45:00,1815.9929621790864,750.2012605654727,1065.7917016136137,0.0,0.0,0.0,0.0,False,NORMAL,0.7,IDLE,0.0,0.0,0.0,0.0,1065.7917016136137
2024-01-08 12:00:00,1822.0481225620392,495.87184652268434,1326.176276039355,0.0,0.0,0.0,0.0,False,NORMAL,0.7,IDLE,0.0,0.0,0.0,0.0,1326.176276039355
2024-01-08 12:15:00,1805.0238799138954,772.080265147875,1032.9436147660203,0.0,0.0,0.0,0.0,False,NORMAL,0.7,IDLE,0.0,0.0,0.0,0.0,1032.9436147660203
2024-01-08 12:30:00,1764.3077659080825,786.2180188602874,978.0897470477951,0.0,0.0,0.0,0.0,False,NORMAL,0.7,IDLE,0.0,0.0,0.0,0.0,978.0897470477951
2024-01-08 12:45:00,1773.9678161674549,745.4350287206461,1028.532787446809,0.0,0.0,0.0,0.0,False,NORMAL,0.7,IDLE,0.0,0.0,0.0,0.0,1028.532787446809
2024-01-08 13:00:00,1806.895014872788,718.8247748938772,1088.0702399789106,0.0,0.0,0.0,0.0,False,NORMAL,0.7,IDLE,0.0,0.0,0.0,0.0,1088.0702399789106
2024-01-08 13:15:00,1770.8645756439787,725.9739393962768,1044.8906362477019,0.0,0.0,0.0,0.0,False,NORMAL,0.7,IDLE,0.0,0.0,0.0,0.0,1044.8906362477019
2024-01-08 13:30:00,1773.5368438427747,707.5602947392397,1065.976549103535,0.0,0.0,0.0,0.0,False,NORMAL,0.7,IDLE,0.0,0.0,0.0,0.0,1065.976549103535
2024-01-08 13:45:00,1856.7441752281572,539.9283359899105,1316.8158392382468,0.0,0.0,0.0,0.0,False,NORMAL,0.7,IDLE,0.0,0.0,0.0,0.0,1316.8158392382468
2024-01-08 14:00:00,1856.1134002120245,651.9575708558331,1204.1558293561916,0.0,0.0,0.0,0.0,False,NORMAL,0.7,IDLE,0.0,0.0,0.0,0.0,1204.1558293561916
2024-01-08 14:15:00,1963.5839389122418,614.8403931117549,1348.743545800487,0.0,0.0,0.0,0.0,False,NORMAL,0.7,IDLE,0.0,0.0,0.0,0.0,1348.743545800487
2024-01-08 14:30:00,1907.3238247146655,602.006973850845,1305.3168508638205,0.0,0.0,0.0,0.0,False,NORMAL,0.7,IDLE,0.0,0.0,0.0,0.0,1305.3168508638205
2024-01-08 14:45:00,1892.523673823055,560.3675709479903,1332.1561028750648,0.0,0.0,0.0,0.0,False,NORMAL,0.7,IDLE,0.0,0.0,0.0,0.0,1332.1561028750648
2024-01-08 15:00:00,1826.3628431570135,379.8143958115201,1446.5484473454933,0.0,0.0,0.0,0.0,False,NORMAL,0.7,IDLE,0.0,0.0,0.0,0.0,1446.5484473454933
2024-01-08 15:15:00,1912.275608134717,454.7172766281865,1457.5583315065305,0.0,0.0,0.0,0.0,False,NORMAL,0.7,IDLE,0.0,0.0,0.0,0.0,1457.5583315065305
2024-01-08 15:30:00,1851.9529100183374,423.47408024556313,1428.4788297727744,0.0,0.0,0.0,0.0,False,NORMAL,0.7,IDLE,0.0,0.0,0.0,0.0,1428.4788297727744
2024-01-08 15:45:00,1881.3117851011052,391.91050575324533,1489.4012793478598,0.0,0.0,0.0,0.0,False,NORMAL,0.7,IDLE,0.0,0.0,0.0,0.0,1489.4012793478598
2024-01-08 16:00:00,1947.897538640344,128.8994138063894,1818.9981248339545,0.0,0.0,0.0,0.0,False,WATCH,0.7,IDLE,0.0,0.0,0.0,0.0,1818.9981248339545
2024-01-08 16:15:00,1971.7739399160052,289.8170854546688,1681.9568544613364,0.0,0.0,0.0,0.0,False,NORMAL,0.7,IDLE,0.0,0.0,0.0,0.0,1681.9568544613364
2024-01-08 16:30:00,2092.9591763503895,253.91027577878333,1839.0489005716063,0.0,0.0,0.0,0.0,False,WATCH,0.7,IDLE,0.0,0.0,0.0,0.0,1839.0489005716063
2024-01-08 16:45:00,2108.651745291068,207.24971173614423,1901.4020335549237,0.0,0.0,0.0,0.0,False,WATCH,0.7,IDLE,0.0,0.0,0.0,0.0,1901.4020335549237
2024-01-08 17:00:00,2230.4823903665088,172.72839313997545,2057.753997226533,0.0,0.0,0.0,0.0,False,WARNING,0.7,IDLE,0.0,0.0,0.0,0.0,2057.753997226533
2024-01-08 17:15:00,2350.1034627794515,130.71941984020302,2219.3840429392485,0.0,0.0,0.0,0.0,False,WARNING,0.7,IDLE,0.0,0.0,0.0,0.0,2219.3840429392485
2024-01-08 17:30:00,2338.1436120485932,92.55687202603994,2245.5867400225534,0.0,0.0,0.0,0.0,False,WARNING,0.7,IDLE,0.0,0.0,0.0,0.0,2245.5867400225534
2024-01-08 17:45:00,2423.97356480691,61.53810985662884,2362.435454950281,0.0,0.0,0.0,0.0,True,CRITICAL,0.7,IDLE,0.0,0.0,0.0,62.43545495028093,2362.435454950281
2024-01-08 18:00:00,2440.4328528480296,19.35505681575242,2421.077796032277,0.0,0.0,0.0,0.0,True,CRITICAL,0.7,IDLE,0.0,0.0,0.0,121.07779603227709,2421.077796032277
2024-01-08 18:15:00,2428.9237254841228,7.624574657981385,2421.299150826141,0.0,0.0,0.0,0.0,True,CRITICAL,0.7,IDLE,0.0,0.0,0.0,121.29915082614116,2421.299150826141
2024-01-08 18:30:00,2505.5827234174267,3.65371560516003e-22,2505.5827234174267,0.0,0.0,0.0,0.0,True,CRITICAL,0.7,IDLE,0.0,0.0,0.0,205.58272341742668,2505.5827234174267
2024-01-08 18:45:00,2526.8654603284194,0.0,2526.8654603284194,0.0,0.0,0.0,0.0,True,CRITICAL,0.7,IDLE,0.0,0.0,0.0,226.86546032841943,2526.8654603284194
2024-01-08 19:00:00,2452.1064564607,0.0,2452.1064564607,0.0,0.0,0.0,0.0,True,CRITICAL,0.7,IDLE,0.0,0.0,0.0,152.10645646069997,2452.1064564607
2024-01-08 19:15:00,2396.9077093066035,0.0,2396.9077093066035,0.0,0.0,0.0,0.0,True,CRITICAL,0.7,IDLE,0.0,0.0,0.0,96.90770930660346,2396.9077093066035
2024-01-08 19:30:00,2393.0627086450286,0.0,2393.0627086450286,0.0,0.0,0.0,0.0,True,CRITICAL,0.7,IDLE,0.0,0.0,0.0,93.06270864502858,2393.0627086450286
2024-01-08 19:45:00,2383.4888583865495,0.0,2383.4888583865495,0.0,0.0,0.0,0.0,True,CRITICAL,0.7,IDLE,0.0,0.0,0.0,83.48885838654951,2383.4888583865495
2024-01-08 20:00:00,2383.6174638596467,0.0,2383.6174638596467,0.0,0.0,0.0,0.0,True,CRITICAL,0.7,IDLE,0.0,0.0,0.0,83.6174638596467,2383.6174638596467
2024-01-08 20:15:00,2393.6681405111312,0.0,2393.6681405111312,0.0,0.0,0.0,0.0,True,CRITICAL,0.7,IDLE,0.0,0.0,0.0,93.66814051113124,2393.6681405111312
2024-01-08 20:30:00,2311.706074993502,0.0,2311.706074993502,0.0,0.0,0.0,0.0,True,CRITICAL,0.7,IDLE,0.0,0.0,0.0,11.70607499350217,2311.706074993502
2024-01-08 20:45:00,2174.1231814724033,0.0,2174.1231814724033,0.0,0.0,0.0,0.0,False,WARNING,0.7,IDLE,0.0,0.0,0.0,0.0,2174.1231814724033
2024-01-08 21:00:00,2185.15484051948,0.0,2185.15484051948,0.0,0.0,0.0,0.0,False,WARNING,0.7,IDLE,0.0,0.0,0.0,0.0,2185.15484051948
2024-01-08 21:15:00,2127.392712097188,0.0,2127.392712097188,0.0,0.0,0.0,0.0,False,WARNING,0.7,IDLE,0.0,0.0,0.0,0.0,2127.392712097188
2024-01-08 21:30:00,2036.7235284056674,0.0,2036.7235284056674,0.0,0.0,0.0,0.0,False,WARNING,0.7,IDLE,0.0,0.0,0.0,0.0,2036.7235284056674
2024-01-08 21:45:00,1862.8342245048832,0.0,1862.8342245048832,0.0,0.0,0.0,0.0,False,WATCH,0.7,IDLE,0.0,0.0,0.0,0.0,1862.8342245048832
2024-01-08 22:00:00,1714.7291228155432,0.0,1714.7291228155432,0.0,0.0,0.0,0.0,False,NORMAL,0.7,IDLE,0.0,0.0,0.0,0.0,1714.7291228155432
2024-01-08 22:15:00,1552.4945026038608,0.0,1552.4945026038608,0.0,0.0,0.0,0.0,False,NORMAL,0.7,IDLE,0.0,0.0,0.0,0.0,1552.4945026038608
2024-01-08 22:30:00,1381.541416025571,0.0,1381.541416025571,0.0,0.0,0.0,0.0,False,NORMAL,0.7,IDLE,0.0,0.0,0.0,0.0,1381.541416025571
2024-01-08 22:45:00,1182.4864063973146,0.0,1182.4864063973146,0.0,0.0,0.0,0.0,False,NORMAL,0.7,IDLE,0.0,0.0,0.0,0.0,1182.4864063973146
2024-01-08 23:00:00,1099.4443148519922,0.0,1099.4443148519922,0.0,0.0,0.0,0.0,False,NORMAL,0.7,IDLE,0.0,0.0,0.0,0.0,1099.4443148519922
2024-01-08 23:15:00,1056.8333612321676,0.0,1056.8333612321676,0.0,0.0,0.0,0.0,False,NORMAL,0.7,IDLE,0.0,0.0,0.0,0.0,1056.8333612321676
2024-01-08 23:30:00,982.0198300309845,0.0,982.0198300309845,0.0,0.0,0.0,0.0,False,NORMAL,0.7,IDLE,0.0,0.0,0.0,0.0,982.0198300309845
2024-01-08 23:45:00,902.7386670216843,0.0,902.7386670216843,0.0,0.0,0.0,0.0,False,NORMAL,0.7,IDLE,0.0,0.0,0.0,0.0,902.7386670216843
2024-01-09 00:00:00,748.8001329925298,0.0,748.8001329925298,0.0,0.0,0.0,0.0,False,NORMAL,0.7,IDLE,0.0,0.0,0.0,0.0,748.8001329925298
2024-01-09 00:15:00,810.2758183733243,0.0,810.2758183733243,0.0,0.0,0.0,0.0,False,NORMAL,0.7,IDLE,0.0,0.0,0.0,0.0,810.2758183733243
2024-01-09 00:30:00,786.201008648394,0.0,786.201008648394,0.0,0.0,0.0,0.0,False,NORMAL,0.7,IDLE,0.0,0.0,0.0,0.0,786.201008648394
2024-01-09 00:45:00,817.8569717327068,0.0,817.8569717327068,0.0,0.0,0.0,0.0,False,NORMAL,0.7,IDLE,0.0,0.0,0.0,0.0,817.8569717327068
2024-01-09 01:00:00,810.101971334264,0.0,810.101971334264,0.0,0.0,0.0,0.0,False,NORMAL,0.7,IDLE,0.0,0.0,0.0,0.0,810.101971334264
2024-01-09 01:15:00,800.0189284267506,0.0,800.0189284267506,0.0,0.0,0.0,0.0,False,NORMAL,0.7,IDLE,0.0,0.0,0.0,0.0,800.0189284267506
2024-01-09 01:30:00,800.9179658022504,0.0,800.9179658022504,0.0,0.0,0.0,0.0,False,NORMAL,0.7,IDLE,0.0,0.0,0.0,0.0,800.9179658022504
2024-01-09 01:45:00,777.6404996203212,0.0,777.6404996203212,0.0,0.0,0.0,0.0,False,NORMAL,0.7,IDLE,0.0,0.0,0.0,0.0,777.6404996203212
2024-01-09 02:00:00,791.2425948964819,0.0,791.2425948964819,0.0,0.0,0.0,0.0,False,NORMAL,0.7,IDLE,0.0,0.0,0.0,0.0,791.2425948964819
2024-01-09 02:15:00,801.6238082083432,0.0,801.6238082083432,0.0,0.0,0.0,0.0,False,NORMAL,0.7,IDLE,0.0,0.0,0.0,0.0,801.6238082083432
2024-01-09 02:30:00,780.9516457503264,0.0,780.9516457503264,0.0,0.0,0.0,0.0,False,NORMAL,0.7,IDLE,0.0,0.0,0.0,0.0,780.9516457503264
2024-01-09 02:45:00,772.7143475131097,0.0,772.7143475131097,0.0,0.0,0.0,0.0,False,NORMAL,0.7,IDLE,0.0,0.0,0.0,0.0,772.7143475131097
2024-01-09 03:00:00,840.3634067380441,0.0,840.3634067380441,0.0,0.0,0.0,0.0,False,NORMAL,0.7,IDLE,0.0,0.0,0.0,0.0,840.3634067380441
2024-01-09 03:15:00,773.5623026670945,0.0,773.5623026670945,0.0,0.0,0.0,0.0,False,NORMAL,0.7,IDLE,0.0,0.0,0.0,0.0,773.5623026670945
2024-01-09 03:30:00,847.1249579981463,0.0,847.1249579981463,0.0,0.0,0.0,0.0,False,NORMAL,0.7,IDLE,0.0,0.0,0.0,0.0,847.1249579981463
2024-01-09 03:45:00,767.8899766177824,0.0,767.8899766177824,0.0,0.0,0.0,0.0,False,NORMAL,0.7,IDLE,0.0,0.0,0.0,0.0,767.8899766177824
2024-01-09 04:00:00,787.1420911517312,0.0,787.1420911517312,0.0,0.0,0.0,0.0,False,NORMAL,0.7,IDLE,0.0,0.0,0.0,0.0,787.1420911517312
2024-01-09 04:15:00,772.1620066206257,0.0,772.1620066206257,0.0,0.0,0.0,0.0,False,NORMAL,0.7,IDLE,0.0,0.0,0.0,0.0,772.1620066206257
2024-01-09 04:30:00,869.9559237724438,0.0,869.9559237724438,0.0,0.0,0.0,0.0,False,NORMAL,0.7,IDLE,0.0,0.0,0.0,0.0,869.9559237724438
2024-01-09 04:45:00,803.4614011928186,0.0,803.4614011928186,0.0,0.0,0.0,0.0,False,NORMAL,0.7,IDLE,0.0,0.0,0.0,0.0,803.4614011928186
2024-01-09 05:00:00,834.0248341100183,0.0,834.0248341100183,0.0,0.0,0.0,0.0,False,NORMAL,0.7,IDLE,0.0,0.0,0.0,0.0,834.0248341100183
2024-01-09 05:15:00,839.0748947784869,0.0,839.0748947784869,0.0,0.0,0.0,0.0,False,NORMAL,0.7,IDLE,0.0,0.0,0.0,0.0,839.0748947784869
2024-01-09 05:30:00,970.9968207194257,0.0,970.9968207194257,0.0,0.0,0.0,0.0,False,NORMAL,0.7,IDLE,0.0,0.0,0.0,0.0,970.9968207194257
2024-01-09 05:45:00,1093.3460683838643,0.0,1093.3460683838643,0.0,0.0,0.0,0.0,False,NORMAL,0.7,IDLE,0.0,0.0,0.0,0.0,1093.3460683838643
2024-01-09 06:00:00,1179.9356762597276,2.200904707540408e-22,1179.9356762597276,0.0,0.0,0.0,0.0,False,NORMAL,0.7,IDLE,0.0,0.0,0.0,0.0,1179.9356762597276
2024-01-09 06:15:00,1286.5299750195954,11.556988932237472,1274.9729860873579,0.0,0.0,0.0,0.0,False,NORMAL,0.7,IDLE,0.0,0.0,0.0,0.0,1274.9729860873579
2024-01-09 06:30:00,1372.953706237711,32.24732320537143,1340.7063830323395,0.0,0.0,0.0,0.0,False,NORMAL,0.7,IDLE,0.0,0.0,0.0,0.0,1340.7063830323395
2024-01-09 06:45:00,1553.6791189049964,57.89631000485683,1495.7828089001396,0.0,0.0,0.0,0.0,False,NORMAL,0.7,IDLE,0.0,0.0,0.0,0.0,1495.7828089001396
2024-01-09 07:00:00,1655.2274558109889,90.05201600947748,1565.1754398015114,0.0,0.0,0.0,0.0,False,NORMAL,0.7,IDLE,0.0,0.0,0.0,0.0,1565.1754398015114
2024-01-09 07:15:00,1649.5476852341208,114.57367720073071,1534.97400803339,0.0,0.0,0.0,0.0,False,NORMAL,0.7,IDLE,0.0,0.0,0.0,0.0,1534.97400803339
2024-01-09 07:30:00,1775.9266347992827,154.60060924339828,1621.3260255558844,0.0,0.0,0.0,0.0,False,NORMAL,0.7,IDLE,0.0,0.0,0.0,0.0,1621.3260255558844
2024-01-09 07:45:00,1922.2166294932724,190.02541672127646,1732.1912127719959,0.0,0.0,0.0,0.0,False,WATCH,0.7,IDLE,0.0,0.0,0.0,0.0,1732.1912127719959
2024-01-09 08:00:00,2019.2614636763,243.76912869283117,1775.492334983469,0.0,0.0,0.0,0.0,False,WATCH,0.7,IDLE,0.0,0.0,0.0,0.0,1775.492334983469
2024-01-09 08:15:00,2037.4150499262594,272.63590856718395,1764.7791413590753,0.0,0.0,0.0,0.0,False,WATCH,0.7,IDLE,0.0,0.0,0.0,0.0,1764.7791413590753
2024-01-09 08:30:00,2100.852724296511,324.9203987263086,1775.9323255702025,0.0,0.0,0.0,0.0,False,WATCH,0.7,IDLE,0.0,0.0,0.0,0.0,1775.9323255702025
2024-01-09 08:45:00,2188.4469626612104,363.6137711939974,1824.833191467213,0.0,0.0,0.0,0.0,False,WATCH,0.7,IDLE,0.0,0.0,0.0,0.0,1824.833191467213
2024-01-09 09:00:00,1746.459864761949,387.96623242607984,1358.493632335869,0.0,0.0,0.0,0.0,False,NORMAL,0.7,IDLE,0.0,0.0,0.0,0.0,1358.493632335869
2024-01-09 09:15:00,1753.2869270345016,429.95142444313524,1323.3355025913663,0.0,0.0,0.0,0.0,False,NORMAL,0.7,IDLE,0.0,0.0,0.0,0.0,1323.3355025913663
2024-01-09 09:30:00,1795.078079929973,494.0601485700445,1301.0179313599285,0.0,0.0,0.0,0.0,False,NORMAL,0.7,IDLE,0.0,0.0,0.0,0.0,1301.0179313599285
2024-01-09 09:45:00,1752.6011488950508,368.75630960818705,1383.8448392868636,0.0,0.0,0.0,0.0,False,NORMAL,0.7,IDLE,0.0,0.0,0.0,0.0,1383.8448392868636
2024-01-09 10:00:00,1806.4999974646798,547.5984597199769,1258.901537744703,0.0,0.0,0.0,0.0,False,NORMAL,0.7,IDLE,0.0,0.0,0.0,0.0,1258.901537744703
2024-01-09 10:15:00,1828.5886206827347,563.2985672294471,1265.2900534532876,0.0,0.0,0.0,0.0,False,NORMAL,0.7,IDLE,0.0,0.0,0.0,0.0,1265.2900534532876
2024-01-09 10:30:00,1899.3551969974528,599.5290021474038,1299.826194850049,0.0,0.0,0.0,0.0,False,NORMAL,0.7,IDLE,0.0,0.0,0.0,0.0,1299.826194850049
2024-01-09 10:45:00,1802.9186235123252,629.5607334241806,1173.3578900881446,0.0,0.0,0.0,0.0,False,NORMAL,0.7,IDLE,0.0,0.0,0.0,0.0,1173.3578900881446
2024-01-09 11:00:00,1824.9723206667113,636.8829349323292,1188.0893857343822,0.0,0.0,0.0,0.0,False,NORMAL,0.7,IDLE,0.0,0.0,0.0,0.0,1188.0893857343822
2024-01-09 11:15:00,1818.3209615603064,650.9980645154193,1167.3228970448872,0.0,0.0,0.0,0.0,False,NORMAL,0.7,IDLE,0.0,0.0,0.0,0.0,1167.3228970448872
2024-01-09 11:30:00,1810.7520755115195,347.0034837137182,1463.7485917978013,0.0,0.0,0.0,0.0,False,NORMAL,0.7,IDLE,0.0,0.0,0.0,0.0,1463.7485917978013
2024-01-09 11:45:00,1855.7661910691481,677.2775387331694,1178.4886523359787,0.0,0.0,0.0,0.0,False,NORMAL,0.7,IDLE,0.0,0.0,0.0,0.0,1178.4886523359787
2024-01-09 12:00:00,1722.2384994711233,684.0572195251739,1038.1812799459494,0.0,0.0,0.0,0.0,False,NORMAL,0.7,IDLE,0.0,0.0,0.0,0.0,1038.1812799459494
2024-01-09 12:15:00,1765.1096744676502,683.378382931655,1081.7312915359953,0.0,0.0,0.0,0.0,False,NORMAL,0.7,IDLE,0.0,0.0,0.0,0.0,1081.7312915359953
2024-01-09 12:30:00,1768.851950348445,699.4693152399725,1069.3826351084724,0.0,0.0,0.0,0.0,False,NORMAL,0.7,IDLE,0.0,0.0,0.0,0.0,1069.3826351084724
2024-01-09 12:45:00,1780.3960566097549,714.5604547496081,1065.8356018601467,0.0,0.0,0.0,0.0,False,NORMAL,0.7,IDLE,0.0,0.0,0.0,0.0,1065.8356018601467
2024-01-09 13:00:00,1780.6599522304934,715.5287513300144,1065.1312009004791,0.0,0.0,0.0,0.0,False,NORMAL,0.7,IDLE,0.0,0.0,0.0,0.0,1065.1312009004791
2024-01-09 13:15:00,1867.9178509522735,251.82790913393174,1616.0899418183417,0.0,0.0,0.0,0.0,False,NORMAL,0.7,IDLE,0.0,0.0,0.0,0.0,1616.0899418183417
2024-01-09 13:30:00,1728.4975724363649,694.2735272076419,1034.2240452287228,0.0,0.0,0.0,0.0,False,NORMAL,0.7,IDLE,0.0,0.0,0.0,0.0,1034.2240452287228
2024-01-09 13:45:00,1726.3890689128486,416.16231886827677,1310.2267500445719,0.0,0.0,0.0,0.0,False,NORMAL,0.7,IDLE,0.0,0.0,0.0,0.0,1310.2267500445719
2024-01-09 14:00:00,1833.945484424189,485.6221190394364,1348.3233653847526,0.0,0.0,0.0,0.0,False,NORMAL,0.7,IDLE,0.0,0.0,0.0,0.0,1348.3233653847526
2024-01-09 14:15:00,1816.7641770471273,274.1151037664836,1542.6490732806437,0.0,0.0,0.0,0.0,False,NORMAL,0.7,IDLE,0.0,0.0,0.0,0.0,1542.6490732806437
2024-01-09 14:30:00,1778.9137888997252,531.3007050066432,1247.6130838930821,0.0,0.0,0.0,0.0,False,NORMAL,0.7,IDLE,0.0,0.0,0.0,0.0,1247.6130838930821
2024-01-09 14:45:00,1897.5687881795143,500.2588367816394,1397.309951397875,0.0,0.0,0.0,0.0,False,NORMAL,0.7,IDLE,0.0,0.0,0.0,0.0,1397.309951397875
2024-01-09 15:00:00,1900.701391377113,474.85163562124814,1425.8497557558649,0.0,0.0,0.0,0.0,False,NORMAL,0.7,IDLE,0.0,0.0,0.0,0.0,1425.8497557558649
2024-01-09 15:15:00,1816.7667305138084,445.2729181245324,1371.493812389276,0.0,0.0,0.0,0.0,False,NORMAL,0.7,IDLE,0.0,0.0,0.0,0.0,1371.493812389276
2024-01-09 15:30:00,1813.668077406824,406.2727726886537,1407.3953047181703,0.0,0.0,0.0,0.0,False,NORMAL,0.7,IDLE,0.0,0.0,0.0,0.0,1407.3953047181703
2024-01-09 15:45:00,1871.6645540439533,347.72644378292046,1523.9381102610328,0.0,0.0,0.0,0.0,False,NORMAL,0.7,IDLE,0.0,0.0,0.0,0.0,1523.9381102610328
2024-01-09 16:00:00,1801.208554051305,307.47533411205535,1493.7332199392497,0.0,0.0,0.0,0.0,False,NORMAL,0.7,IDLE,0.0,0.0,0.0,0.0,1493.7332199392497
2024-01-09 16:15:00,1921.5804290649771,268.22439466215684,1653.3560344028203,0.0,0.0,0.0,0.0,False,NORMAL,0.7,IDLE,0.0,0.0,0.0,0.0,1653.3560344028203
2024-01-09 16:30:00,1979.7776143461194,234.34514161658896,1745.4324727295304,0.0,0.0,0.0,0.0,False,WATCH,0.7,IDLE,0.0,0.0,0.0,0.0,1745.4324727295304
2024-01-09 16:45:00,2046.1876657446214,194.1340433719588,1852.0536223726626,0.0,0.0,0.0,0.0,False,WATCH,0.7,IDLE,0.0,0.0,0.0,0.0,1852.0536223726626
2024-01-09 17:00:00,2228.7190154867344,152.58234186599867,2076.1366736207356,0.0,0.0,0.0,0.0,False,WARNING,0.7,IDLE,0.0,0.0,0.0,0.0,2076.1366736207356
2024-01-09 17:15:00,2285.3559749788296,121.77094791086802,2163.5850270679616,0.0,0.0,0.0,0.0,False,WARNING,0.7,IDLE,0.0,0.0,0.0,0.0,2163.5850270679616
2024-01-09 17:30:00,2240.0857644901052,93.12796106343757,2146.957803426668,0.0,0.0,0.0,0.0,False,WARNING,0.7,IDLE,0.0,0.0,0.0,0.0,2146.957803426668
2024-01-09 17:45:00,2271.8208279366595,56.17394483942836,2215.6468830972312,0.0,0.0,0.0,0.0,False,WARNING,0.7,IDLE,0.0,0.0,0.0,0.0,2215.6468830972312
2024-01-09 18:00:00,2316.063750151679,30.795397279471842,2285.2683528722073,0.0,0.0,0.0,0.0,False,WARNING,0.7,IDLE,0.0,0.0,0.0,0.0,2285.2683528722073
2024-01-09 18:15:00,2384.3639919743505,11.249778290890337,2373.11421368346,0.0,0.0,0.0,0.0,True,CRITICAL,0.7,IDLE,0.0,0.0,0.0,73.1142136834601,2373.11421368346
2024-01-09 18:30:00,2419.1506834004044,3.312840198954092e-22,2419.1506834004044,0.0,0.0,0.0,0.0,True,CRITICAL,0.7,IDLE,0.0,0.0,0.0,119.15068340040443,2419.1506834004044
2024-01-09 18:45:00,2461.242965274349,0.0,2461.242965274349,0.0,0.0,0.0,0.0,True,CRITICAL,0.7,IDLE,0.0,0.0,0.0,161.242965274349,2461.242965274349
2024-01-09 19:00:00,2326.144845485061,0.0,2326.144845485061,0.0,0.0,0.0,0.0,True,CRITICAL,0.7,IDLE,0.0,0.0,0.0,26.14484548506107,2326.144845485061
2024-01-09 19:15:00,2334.1892775164606,0.0,2334.1892775164606,0.0,0.0,0.0,0.0,True,CRITICAL,0.7,IDLE,0.0,0.0,0.0,34.189277516460606,2334.1892775164606
2024-01-09 19:30:00,2307.3565760413094,0.0,2307.3565760413094,0.0,0.0,0.0,0.0,True,CRITICAL,0.7,IDLE,0.0,0.0,0.0,7.356576041309381,2307.3565760413094
2024-01-09 19:45:00,2289.4493130639753,0.0,2289.4493130639753,0.0,0.0,0.0,0.0,False,WARNING,0.7,IDLE,0.0,0.0,0.0,0.0,2289.4493130639753
2024-01-09 20:00:00,2285.0138297756544,0.0,2285.0138297756544,0.0,0.0,0.0,0.0,False,WARNING,0.7,IDLE,0.0,0.0,0.0,0.0,2285.0138297756544
2024-01-09 20:15:00,2296.95794398473,0.0,2296.95794398473,0.0,0.0,0.0,0.0,False,WARNING,0.7,IDLE,0.0,0.0,0.0,0.0,2296.95794398473
2024-01-09 20:30:00,2210.3245072732843,0.0,2210.3245072732843,0.0,0.0,0.0,0.0,False,WARNING,0.7,IDLE,0.0,0.0,0.0,0.0,2210.3245072732843
2024-01-09 20:45:00,2189.1431774461043,0.0,2189.1431774461043,0.0,0.0,0.0,0.0,False,WARNING,0.7,IDLE,0.0,0.0,0.0,0.0,2189.1431774461043
2024-01-09 21:00:00,2100.780971717879,0.0,2100.780971717879,0.0,0.0,0.0,0.0,False,WARNING,0.7,IDLE,0.0,0.0,0.0,0.0,2100.780971717879
2024-01-09 21:15:00,2063.257148584774,0.0,2063.257148584774,0.0,0.0,0.0,0.0,False,WARNING,0.7,IDLE,0.0,0.0,0.0,0.0,2063.257148584774
2024-01-09 21:30:00,2002.8232631244775,0.0,2002.8232631244775,0.0,0.0,0.0,0.0,False,WARNING,0.7,IDLE,0.0,0.0,0.0,0.0,2002.8232631244775
2024-01-09 21:45:00,1777.2175305542721,0.0,1777.2175305542721,0.0,0.0,0.0,0.0,False,WATCH,0.7,IDLE,0.0,0.0,0.0,0.0,1777.2175305542721
2024-01-09 22:00:00,1596.9501256205413,0.0,1596.9501256205413,0.0,0.0,0.0,0.0,False,NORMAL,0.7,IDLE,0.0,0.0,0.0,0.0,1596.9501256205413
2024-01-09 22:15:00,1522.6815017978854,0.0,1522.6815017978854,0.0,0.0,0.0,0.0,False,NORMAL,0.7,IDLE,0.0,0.0,0.0,0.0,1522.6815017978854
2024-01-09 22:30:00,1352.9420072852463,0.0,1352.9420072852463,0.0,0.0,0.0,0.0,False,NORMAL,0.7,IDLE,0.0,0.0,0.0,0.0,1352.9420072852463
2024-01-09 22:45:00,1265.9709428191618,0.0,1265.9709428191618,0.0,0.0,0.0,0.0,False,NORMAL,0.7,IDLE,0.0,0.0,0.0,0.0,1265.9709428191618
2024-01-09 23:00:00,1053.2134534569473,0.0,1053.2134534569473,0.0,0.0,0.0,0.0,False,NORMAL,0.7,IDLE,0.0,0.0,0.0,0.0,1053.2134534569473
2024-01-09 23:15:00,996.8884215632318,0.0,996.8884215632318,0.0,0.0,0.0,0.0,False,NORMAL,0.7,IDLE,0.0,0.0,0.0,0.0,996.8884215632318
2024-01-09 23:30:00,996.3310153347174,0.0,996.3310153347174,0.0,0.0,0.0,0.0,False,NORMAL,0.7,IDLE,0.0,0.0,0.0,0.0,996.3310153347174
2024-01-09 23:45:00,947.5906918788942,0.0,947.5906918788942,0.0,0.0,0.0,0.0,False,NORMAL,0.7,IDLE,0.0,0.0,0.0,0.0,947.5906918788942
2024-01-10 00:00:00,838.4287044478492,0.0,838.4287044478492,0.0,0.0,0.0,0.0,False,NORMAL,0.7,IDLE,0.0,0.0,0.0,0.0,838.4287044478492
2024-01-10 00:15:00,803.2790782742557,0.0,803.2790782742557,0.0,0.0,0.0,0.0,False,NORMAL,0.7,IDLE,0.0,0.0,0.0,0.0,803.2790782742557
2024-01-10 00:30:00,814.2294062991359,0.0,814.2294062991359,0.0,0.0,0.0,0.0,False,NORMAL,0.7,IDLE,0.0,0.0,0.0,0.0,814.2294062991359
2024-01-10 00:45:00,827.659653406648,0.0,827.659653406648,0.0,0.0,0.0,0.0,False,NORMAL,0.7,IDLE,0.0,0.0,0.0,0.0,827.659653406648
2024-01-10 01:00:00,813.5268559816484,0.0,813.5268559816484,0.0,0.0,0.0,0.0,False,NORMAL,0.7,IDLE,0.0,0.0,0.0,0.0,813.5268559816484
2024-01-10 01:15:00,839.9535981706207,0.0,839.9535981706207,0.0,0.0,0.0,0.0,False,NORMAL,0.7,IDLE,0.0,0.0,0.0,0.0,839.9535981706207
2024-01-10 01:30:00,755.5666686428791,0.0,755.5666686428791,0.0,0.0,0.0,0.0,False,NORMAL,0.7,IDLE,0.0,0.0,0.0,0.0,755.5666686428791
2024-01-10 01:45:00,798.913111930436,0.0,798.913111930436,0.0,0.0,0.0,0.0,False,NORMAL,0.7,IDLE,0.0,0.0,0.0,0.0,798.913111930436
2024-01-10 02:00:00,807.7282626824489,0.0,807.7282626824489,0.0,0.0,0.0,0.0,False,NORMAL,0.7,IDLE,0.0,0.0,0.0,0.0,807.7282626824489
2024-01-10 02:15:00,771.1190023934524,0.0,771.1190023934524,0.0,0.0,0.0,0.0,False,NORMAL,0.7,IDLE,0.0,0.0,0.0,0.0,771.1190023934524
2024-01-10 02:30:00,813.8598043511012,0.0,813.8598043511012,0.0,0.0,0.0,0.0,False,NORMAL,0.7,IDLE,0.0,0.0,0.0,0.0,813.8598043511012
2024-01-10 02:45:00,773.4784596452594,0.0,773.4784596452594,0.0,0.0,0.0,0.0,False,NORMAL,0.7,IDLE,0.0,0.0,0.0,0.0,773.4784596452594
2024-01-10 03:00:00,791.4246143763655,0.0,791.4246143763655,0.0,0.0,0.0,0.0,False,NORMAL,0.7,IDLE,0.0,0.0,0.0,0.0,791.4246143763655
2024-01-10 03:15:00,798.4583756489785,0.0,798.4583756489785,0.0,0.0,0.0,0.0,False,NORMAL,0.7,IDLE,0.0,0.0,0.0,0.0,798.4583756489785
2024-01-10 03:30:00,802.0657751861856,0.0,802.0657751861856,0.0,0.0,0.0,0.0,False,NORMAL,0.7,IDLE,0.0,0.0,0.0,0.0,802.0657751861856
2024-01-10 03:45:00,782.3046679812529,0.0,782.3046679812529,0.0,0.0,0.0,0.0,False,NORMAL,0.7,IDLE,0.0,0.0,0.0,0.0,782.3046679812529
2024-01-10 04:00:00,744.6237414934075,0.0,744.6237414934075,0.0,0.0,0.0,0.0,False,NORMAL,0.7,IDLE,0.0,0.0,0.0,0.0,744.6237414934075
2024-01-10 04:15:00,807.2195983815915,0.0,807.2195983815915,0.0,0.0,0.0,0.0,False,NORMAL,0.7,IDLE,0.0,0.0,0.0,0.0,807.2195983815915
2024-01-10 04:30:00,823.1928313277992,0.0,823.1928313277992,0.0,0.0,0.0,0.0,False,NORMAL,0.7,IDLE,0.0,0.0,0.0,0.0,823.1928313277992
2024-01-10 04:45:00,890.2649171585178,0.0,890.2649171585178,0.0,0.0,0.0,0.0,False,NORMAL,0.7,IDLE,0.0,0.0,0.0,0.0,890.2649171585178
2024-01-10 05:00:00,795.9836311717735,0.0,795.9836311717735,0.0,0.0,0.0,0.0,False,NORMAL,0.7,IDLE,0.0,0.0,0.0,0.0,795.9836311717735
2024-01-10 05:15:00,887.8695131064173,0.0,887.8695131064173,0.0,0.0,0.0,0.0,False,NORMAL,0.7,IDLE,0.0,0.0,0.0,0.0,887.8695131064173
2024-01-10 05:30:00,1002.671484202894,0.0,1002.671484202894,0.0,0.0,0.0,0.0,False,NORMAL,0.7,IDLE,0.0,0.0,0.0,0.0,1002.671484202894
2024-01-10 05:45:00,1133.2205344013653,0.0,1133.2205344013653,0.0,0.0,0.0,0.0,False,NORMAL,0.7,IDLE,0.0,0.0,0.0,0.0,1133.2205344013653
2024-01-10 06:00:00,1184.854657149573,3.7574032152750065e-22,1184.854657149573,0.0,0.0,0.0,0.0,False,NORMAL,0.7,IDLE,0.0,0.0,0.0,0.0,1184.854657149573
2024-01-10 06:15:00,1301.1858486651502,11.503662741424419,1289.6821859237257,0.0,0.0,0.0,0.0,False,NORMAL,0.7,IDLE,0.0,0.0,0.0,0.0,1289.6821859237257
2024-01-10 06:30:00,1417.1769890183493,32.83684222522067,1384.3401467931287,0.0,0.0,0.0,0.0,False,NORMAL,0.7,IDLE,0.0,0.0,0.0,0.0,1384.3401467931287
2024-01-10 06:45:00,1509.8033829414048,57.320178303357494,1452.4832046380473,0.0,0.0,0.0,0.0,False,NORMAL,0.7,IDLE,0.0,0.0,0.0,0.0,1452.4832046380473
2024-01-10 07:00:00,1585.4892193646583,92.1646537063606,1493.3245656582976,0.0,0.0,0.0,0.0,False,NORMAL,0.7,IDLE,0.0,0.0,0.0,0.0,1493.3245656582976
2024-01-10 07:15:00,1699.2955234994188,119.05264101159945,1580.2428824878193,0.0,0.0,0.0,0.0,False,NORMAL,0.7,IDLE,0.0,0.0,0.0,0.0,1580.2428824878193
2024-01-10 07:30:00,1817.5481143963602,167.99199338084244,1649.5561210155179,0.0,0.0,0.0,0.0,False,NORMAL,0.7,IDLE,0.0,0.0,0.0,0.0,1649.5561210155179
2024-01-10 07:45:00,1843.5961822417567,209.15355413914241,1634.4426281026142,0.0,0.0,0.0,0.0,False,NORMAL,0.7,IDLE,0.0,0.0,0.0,0.0,1634.4426281026142
2024-01-10 08:00:00,1982.7398025613695,256.41714381644084,1726.3226587449287,0.0,0.0,0.0,0.0,False,WATCH,0.7,IDLE,0.0,0.0,0.0,0.0,1726.3226587449287
2024-01-10 08:15:00,2044.6617900690258,280.15034956637487,1764.5114405026509,0.0,0.0,0.0,0.0,False,WATCH,0.7,IDLE,0.0,0.0,0.0,0.0,1764.5114405026509
2024-01-10 08:30:00,2171.722703183515,333.6307215290669,1838.091981654448,0.0,0.0,0.0,0.0,False,WATCH,0.7,IDLE,0.0,0.0,0.0,0.0,1838.091981654448
2024-01-10 08:45:00,2180.427322683279,191.64296828060694,1988.7843544026719,0.0,0.0,0.0,0.0,False,WARNING,0.7,IDLE,0.0,0.0,0.0,0.0,1988.7843544026719
2024-01-10 09:00:00,1806.0512529794648,422.8444353988883,1383.2068175805766,0.0,0.0,0.0,0.0,False,NORMAL,0.7,IDLE,0.0,0.0,0.0,0.0,1383.2068175805766
2024-01-10 09:15:00,1806.935609690782,212.8750969042179,1594.0605127865642,0.0,0.0,0.0,0.0,False,NORMAL,0.7,IDLE,0.0,0.0,0.0,0.0,1594.0605127865642
2024-01-10 09:30:00,1872.4282437447018,462.57460439393907,1409.8536393507627,0.0,0.0,0.0,0.0,False,NORMAL,0.7,IDLE,0.0,0.0,0.0,0.0,1409.8536393507627
2024-01-10 09:45:00,1830.6538711025669,541.7322399032846,1288.9216311992823,0.0,0.0,0.0,0.0,False,NORMAL,0.7,IDLE,0.0,0.0,0.0,0.0,1288.9216311992823
2024-01-10 10:00:00,1801.7029362533428,569.0184782862414,1232.6844579671015,0.0,0.0,0.0,0.0,False,NORMAL,0.7,IDLE,0.0,0.0,0.0,0.0,1232.6844579671015
2024-01-10 10:15:00,1889.1699897556398,594.1399302788042,1295.0300594768355,0.0,0.0,0.0,0.0,False,NORMAL,0.7,IDLE,0.0,0.0,0.0,0.0,1295.0300594768355
2024-01-10 10:30:00,1767.895071502889,648.6948210084647,1119.2002504944244,0.0,0.0,0.0,0.0,False,NORMAL,0.7,IDLE,0.0,0.0,0.0,0.0,1119.2002504944244
2024-01-10 10:45:00,1762.086508172616,484.35857274979105,1277.7279354228249,0.0,0.0,0.0,0.0,False,NORMAL,0.7,IDLE,0.0,0.0,0.0,0.0,1277.7279354228249
2024-01-10 11:00:00,1831.156065163787,351.8195530480634,1479.3365121157235,0.0,0.0,0.0,0.0,False,NORMAL,0.7,IDLE,0.0,0.0,0.0,0.0,1479.3365121157235
2024-01-10 11:15:00,1779.0765137808792,661.6577172808143,1117.418796500065,0.0,0.0,0.0,0.0,False,NORMAL,0.7,IDLE,0.0,0.0,0.0,0.0,1117.418796500065
2024-01-10 11:30:00,1799.1224640925934,693.0186400152063,1106.1038240773871,0.0,0.0,0.0,0.0,False,NORMAL,0.7,IDLE,0.0,0.0,0.0,0.0,1106.1038240773871
2024-01-10 11:45:00,1860.2207967989689,780.3757574762498,1079.845039322719,0.0,0.0,0.0,0.0,False,NORMAL,0.7,IDLE,0.0,0.0,0.0,0.0,1079.845039322719
2024-01-10 12:00:00,1782.1536650780147,324.6695520886837,1457.484112989331,0.0,0.0,0.0,0.0,False,NORMAL,0.7,IDLE,0.0,0.0,0.0,0.0,1457.484112989331
2024-01-10 12:15:00,1748.267566160899,740.9716028814778,1007.2959632794211,0.0,0.0,0.0,0.0,False,NORMAL,0.7,IDLE,0.0,0.0,0.0,0.0,1007.2959632794211
2024-01-10 12:30:00,1753.175040973726,730.6191433073462,1022.5558976663798,0.0,0.0,0.0,0.0,False,NORMAL,0.7,IDLE,0.0,0.0,0.0,0.0,1022.5558976663798
2024-01-10 12:45:00,1820.228371196666,527.1787002167255,1293.0496709799406,0.0,0.0,0.0,0.0,False,NORMAL,0.7,IDLE,0.0,0.0,0.0,0.0,1293.0496709799406
2024-01-10 13:00:00,1790.219834070242,555.2767209171711,1234.943113153071,0.0,0.0,0.0,0.0,False,NORMAL,0.7,IDLE,0.0,0.0,0.0,0.0,1234.943113153071
2024-01-10 13:15:00,1776.0521955792633,692.0174862577641,1084.0347093214991,0.0,0.0,0.0,0.0,False,NORMAL,0.7,IDLE,0.0,0.0,0.0,0.0,1084.0347093214991
2024-01-10 13:30:00,1838.9490720079548,695.2049796465483,1143.7440923614065,0.0,0.0,0.0,0.0,False,NORMAL,0.7,IDLE,0.0,0.0,0.0,0.0,1143.7440923614065
2024-01-10 13:45:00,1759.2930436495371,653.6652940822511,1105.6277495672862,0.0,0.0,0.0,0.0,False,NORMAL,0.7,IDLE,0.0,0.0,0.0,0.0,1105.6277495672862
2024-01-10 14:00:00,1785.6241260694742,671.0720366455303,1114.552089423944,0.0,0.0,0.0,0.0,False,NORMAL,0.7,IDLE,0.0,0.0,0.0,0.0,1114.552089423944
2024-01-10 14:15:00,1838.5243223698162,617.8745679773293,1220.649754392487,0.0,0.0,0.0,0.0,False,NORMAL,0.7,IDLE,0.0,0.0,0.0,0.0,1220.649754392487
2024-01-10 14:30:00,1881.5540793796208,592.9937643345758,1288.5603150450452,0.0,0.0,0.0,0.0,False,NORMAL,0.7,IDLE,0.0,0.0,0.0,0.0,1288.5603150450452
2024-01-10 14:45:00,1866.114786422191,526.7515749307178,1339.363211491473,0.0,0.0,0.0,0.0,False,NORMAL,0.7,IDLE,0.0,0.0,0.0,0.0,1339.363211491473
2024-01-10 15:00:00,1853.6515086220638,514.1540246673119,1339.497483954752,0.0,0.0,0.0,0.0,False,NORMAL,0.7,IDLE,0.0,0.0,0.0,0.0,1339.497483954752
2024-01-10 15:15:00,1872.0230577873833,346.6333166912477,1525.3897410961356,0.0,0.0,0.0,0.0,False,NORMAL,0.7,IDLE,0.0,0.0,0.0,0.0,1525.3897410961356
2024-01-10 15:30:00,1839.972453786396,418.6849636390155,1421.2874901473806,0.0,0.0,0.0,0.0,False,NORMAL,0.7,IDLE,0.0,0.0,0.0,0.0,1421.2874901473806
2024-01-10 15:45:00,1885.7950863349174,393.3602563444741,1492.4348299904432,0.0,0.0,0.0,0.0,False,NORMAL,0.7,IDLE,0.0,0.0,0.0,0.0,1492.4348299904432
2024-01-10 16:00:00,1821.5523052207304,321.64435074291174,1499.9079544778187,0.0,0.0,0.0,0.0,False,NORMAL,0.7,IDLE,0.0,0.0,0.0,0.0,1499.9079544778187
2024-01-10 16:15:00,1975.186599646793,290.75538931295847,1684.4312103338345,0.0,0.0,0.0,0.0,False,NORMAL,0.7,IDLE,0.0,0.0,0.0,0.0,1684.4312103338345
2024-01-10 16:30:00,2061.556056428113,249.6078127575572,1811.948243670556,0.0,0.0,0.0,0.0,False,WATCH,0.7,IDLE,0.0,0.0,0.0,0.0,1811.948243670556
2024-01-10 16:45:00,2129.1190319964912,207.89815855614887,1921.2208734403423,0.0,0.0,0.0,0.0,False,WATCH,0.7,IDLE,0.0,0.0,0.0,0.0,1921.2208734403423
2024-01-10 17:00:00,2216.8758630911516,162.34166537492374,2054.534197716228,0.0,0.0,0.0,0.0,False,WARNING,0.7,IDLE,0.0,0.0,0.0,0.0,2054.534197716228
2024-01-10 17:15:00,2269.3743715002497,134.48985128895703,2134.8845202112925,0.0,0.0,0.0,0.0,False,WARNING,0.7,IDLE,0.0,0.0,0.0,0.0,2134.8845202112925
2024-01-10 17:30:00,2325.0770801202375,87.82747015398434,2237.249609966253,0.0,0.0,0.0,0.0,False,WARNING,0.7,IDLE,0.0,0.0,0.0,0.0,2237.249609966253
2024-01-10 17:45:00,2378.4632346865696,62.37978785094423,2316.0834468356256,0.0,0.0,0.0,0.0,True,CRITICAL,0.7,IDLE,0.0,0.0,0.0,16.083446835625637,2316.0834468356256
2024-01-10 18:00:00,2384.1199037192237,33.88438744736561,2350.235516271858,0.0,0.0,0.0,0.0,True,CRITICAL,0.7,IDLE,0.0,0.0,0.0,50.23551627185816,2350.235516271858
2024-01-10 18:15:00,2372.4022273435367,12.254007700571831,2360.1482196429647,0.0,0.0,0.0,0.0,True,CRITICAL,0.7,IDLE,0.0,0.0,0.0,60.148219642964705,2360.1482196429647
2024-01-10 18:30:00,2430.4912941014745,2.5894610036603613e-22,2430.4912941014745,0.0,0.0,0.0,0.0,True,CRITICAL,0.7,IDLE,0.0,0.0,0.0,130.49129410147452,2430.4912941014745
2024-01-10 18:45:00,2513.155073004158,0.0,2513.155073004158,0.0,0.0,0.0,0.0,True,CRITICAL,0.7,IDLE,0.0,0.0,0.0,213.1550730041581,2513.155073004158
2024-01-10 19:00:00,2371.6825976719665,0.0,2371.6825976719665,0.0,0.0,0.0,0.0,True,CRITICAL,0.7,IDLE,0.0,0.0,0.0,71.6825976719665,2371.6825976719665
2024-01-10 19:15:00,2436.753026403112,0.0,2436.753026403112,0.0,0.0,0.0,0.0,True,CRITICAL,0.7,IDLE,0.0,0.0,0.0,136.75302640311202,2436.753026403112
2024-01-10 19:30:00,2361.5858151183397,0.0,2361.5858151183397,0.0,0.0,0.0,0.0,True,CRITICAL,0.7,IDLE,0.0,0.0,0.0,61.585815118339724,2361.5858151183397
2024-01-10 19:45:00,2311.543217702606,0.0,2311.543217702606,0.0,0.0,0.0,0.0,True,CRITICAL,0.7,IDLE,0.0,0.0,0.0,11.543217702605943,2311.543217702606
2024-01-10 20:00:00,2349.4165681317836,0.0,2349.4165681317836,0.0,0.0,0.0,0.0,True,CRITICAL,0.7,IDLE,0.0,0.0,0.0,49.416568131783606,2349.4165681317836
2024-01-10 20:15:00,2278.4725375375374,0.0,2278.4725375375374,0.0,0.0,0.0,0.0,False,WARNING,0.7,IDLE,0.0,0.0,0.0,0.0,2278.4725375375374
2024-01-10 20:30:00,2302.6652821361567,0.0,2302.6652821361567,0.0,0.0,0.0,0.0,True,CRITICAL,0.7,IDLE,0.0,0.0,0.0,2.6652821361567476,2302.6652821361567
2024-01-10 20:45:00,2159.2209512788922,0.0,2159.2209512788922,0.0,0.0,0.0,0.0,False,WARNING,0.7,IDLE,0.0,0.0,0.0,0.0,2159.2209512788922
2024-01-10 21:00:00,2120.7054725966923,0.0,2120.7054725966923,0.0,0.0,0.0,0.0,False,WARNING,0.7,IDLE,0.0,0.0,0.0,0.0,2120.7054725966923
2024-01-10 21:15:00,1998.134529733663,0.0,1998.134529733663,0.0,0.0,0.0,0.0,False,WARNING,0.7,IDLE,0.0,0.0,0.0,0.0,1998.134529733663
2024-01-10 21:30:00,1931.0446388631622,0.0,1931.0446388631622,0.0,0.0,0.0,0.0,False,WATCH,0.7,IDLE,0.0,0.0,0.0,0.0,1931.0446388631622
2024-01-10 21:45:00,1737.6537407684145,0.0,1737.6537407684145,0.0,0.0,0.0,0.0,False,WATCH,0.7,IDLE,0.0,0.0,0.0,0.0,1737.6537407684145
2024-01-10 22:00:00,1621.0177713841717,0.0,1621.0177713841717,0.0,0.0,0.0,0.0,False,NORMAL,0.7,IDLE,0.0,0.0,0.0,0.0,1621.0177713841717
2024-01-10 22:15:00,1518.4436065631942,0.0,1518.4436065631942,0.0,0.0,0.0,0.0,False,NORMAL,0.7,IDLE,0.0,0.0,0.0,0.0,1518.4436065631942
2024-01-10 22:30:00,1359.359152511134,0.0,1359.359152511134,0.0,0.0,0.0,0.0,False,NORMAL,0.7,IDLE,0.0,0.0,0.0,0.0,1359.359152511134
2024-01-10 22:45:00,1204.6123328280955,0.0,1204.6123328280955,0.0,0.0,0.0,0.0,False,NORMAL,0.7,IDLE,0.0,0.0,0.0,0.0,1204.6123328280955
2024-01-10 23:00:00,1008.2403074471424,0.0,1008.2403074471424,0.0,0.0,0.0,0.0,False,NORMAL,0.7,IDLE,0.0,0.0,0.0,0.0,1008.2403074471424
2024-01-10 23:15:00,993.6926669079936,0.0,993.6926669079936,0.0,0.0,0.0,0.0,False,NORMAL,0.7,IDLE,0.0,0.0,0.0,0.0,993.6926669079936
2024-01-10 23:30:00,954.9481324961262,0.0,954.9481324961262,0.0,0.0,0.0,0.0,False,NORMAL,0.7,IDLE,0.0,0.0,0.0,0.0,954.9481324961262
2024-01-10 23:45:00,870.6876999909841,0.0,870.6876999909841,0.0,0.0,0.0,0.0,False,NORMAL,0.7,IDLE,0.0,0.0,0.0,0.0,870.6876999909841
2024-01-11 00:00:00,784.7811646790956,0.0,784.7811646790956,0.0,0.0,0.0,0.0,False,NORMAL,0.7,IDLE,0.0,0.0,0.0,0.0,784.7811646790956
2024-01-11 00:15:00,794.9085243549146,0.0,794.9085243549146,0.0,0.0,0.0,0.0,False,NORMAL,0.7,IDLE,0.0,0.0,0.0,0.0,794.9085243549146
2024-01-11 00:30:00,730.0950864015924,0.0,730.0950864015924,0.0,0.0,0.0,0.0,False,NORMAL,0.7,IDLE,0.0,0.0,0.0,0.0,730.0950864015924
2024-01-11 00:45:00,752.2708549637953,0.0,752.2708549637953,0.0,0.0,0.0,0.0,False,NORMAL,0.7,IDLE,0.0,0.0,0.0,0.0,752.2708549637953
2024-01-11 01:00:00,736.8471101720802,0.0,736.8471101720802,0.0,0.0,0.0,0.0,False,NORMAL,0.7,IDLE,0.0,0.0,0.0,0.0,736.8471101720802
2024-01-11 01:15:00,668.4470481989937,0.0,668.4470481989937,0.0,0.0,0.0,0.0,False,NORMAL,0.7,IDLE,0.0,0.0,0.0,0.0,668.4470481989937
2024-01-11 01:30:00,715.328380765292,0.0,715.328380765292,0.0,0.0,0.0,0.0,False,NORMAL,0.7,IDLE,0.0,0.0,0.0,0.0,715.328380765292
2024-01-11 01:45:00,701.8487133160753,0.0,701.8487133160753,0.0,0.0,0.0,0.0,False,NORMAL,0.7,IDLE,0.0,0.0,0.0,0.0,701.8487133160753
2024-01-11 02:00:00,680.2188695825686,0.0,680.2188695825686,0.0,0.0,0.0,0.0,False,NORMAL,0.7,IDLE,0.0,0.0,0.0,0.0,680.2188695825686
2024-01-11 02:15:00,724.8963445981324,0.0,724.8963445981324,0.0,0.0,0.0,0.0,False,NORMAL,0.7,IDLE,0.0,0.0,0.0,0.0,724.8963445981324
2024-01-11 02:30:00,814.3073935685461,0.0,814.3073935685461,0.0,0.0,0.0,0.0,False,NORMAL,0.7,IDLE,0.0,0.0,0.0,0.0,814.3073935685461
2024-01-11 02:45:00,768.6005338839223,0.0,768.6005338839223,0.0,0.0,0.0,0.0,False,NORMAL,0.7,IDLE,0.0,0.0,0.0,0.0,768.6005338839223
2024-01-11 03:00:00,720.033103377887,0.0,720.033103377887,0.0,0.0,0.0,0.0,False,NORMAL,0.7,IDLE,0.0,0.0,0.0,0.0,720.033103377887
2024-01-11 03:15:00,757.6524447737863,0.0,757.6524447737863,0.0,0.0,0.0,0.0,False,NORMAL,0.7,IDLE,0.0,0.0,0.0,0.0,757.6524447737863
2024-01-11 03:30:00,797.1164627560895,0.0,797.1164627560895,0.0,0.0,0.0,0.0,False,NORMAL,0.7,IDLE,0.0,0.0,0.0,0.0,797.1164627560895
2024-01-11 03:45:00,770.8160210321773,0.0,770.8160210321773,0.0,0.0,0.0,0.0,False,NORMAL,0.7,IDLE,0.0,0.0,0.0,0.0,770.8160210321773
2024-01-11 04:00:00,720.7134239140876,0.0,720.7134239140876,0.0,0.0,0.0,0.0,False,NORMAL,0.7,IDLE,0.0,0.0,0.0,0.0,720.7134239140876
2024-01-11 04:15:00,722.3341293291969,0.0,722.3341293291969,0.0,0.0,0.0,0.0,False,NORMAL,0.7,IDLE,0.0,0.0,0.0,0.0,722.3341293291969
2024-01-11 04:30:00,742.9407384667822,0.0,742.9407384667822,0.0,0.0,0.0,0.0,False,NORMAL,0.7,IDLE,0.0,0.0,0.0,0.0,742.9407384667822
2024-01-11 04:45:00,763.6190826538416,0.0,763.6190826538416,0.0,0.0,0.0,0.0,False,NORMAL,0.7,IDLE,0.0,0.0,0.0,0.0,763.6190826538416
2024-01-11 05:00:00,760.0012195999857,0.0,760.0012195999857,0.0,0.0,0.0,0.0,False,NORMAL,0.7,IDLE,0.0,0.0,0.0,0.0,760.0012195999857
2024-01-11 05:15:00,844.4090976572816,0.0,844.4090976572816,0.0,0.0,0.0,0.0,False,NORMAL,0.7,IDLE,0.0,0.0,0.0,0.0,844.4090976572816
2024-01-11 05:30:00,957.393948961053,0.0,957.393948961053,0.0,0.0,0.0,0.0,False,NORMAL,0.7,IDLE,0.0,0.0,0.0,0.0,957.393948961053
2024-01-11 05:45:00,977.3891406214573,0.0,977.3891406214573,0.0,0.0,0.0,0.0,False,NORMAL,0.7,IDLE,0.0,0.0,0.0,0.0,977.3891406214573
2024-01-11 06:00:00,1124.4572936703512,3.737759249462404e-22,1124.4572936703512,0.0,0.0,0.0,0.0,False,NORMAL,0.7,IDLE,0.0,0.0,0.0,0.0,1124.4572936703512
2024-01-11 06:15:00,1184.209444157902,12.318194225520541,1171.8912499323815,0.0,0.0,0.0,0.0,False,NORMAL,0.7,IDLE,0.0,0.0,0.0,0.0,1171.8912499323815
2024-01-11 06:30:00,1304.5892728938945,24.93470817287125,1279.6545647210232,0.0,0.0,0.0,0.0,False,NORMAL,0.7,IDLE,0.0,0.0,0.0,0.0,1279.6545647210232
2024-01-11 06:45:00,1306.4447198175721,62.81598676481744,1243.6287330527548,0.0,0.0,0.0,0.0,False,NORMAL,0.7,IDLE,0.0,0.0,0.0,0.0,1243.6287330527548
2024-01-11 07:00:00,1503.2962455515587,91.25177116604667,1412.044474385512,0.0,0.0,0.0,0.0,False,NORMAL,0.7,IDLE,0.0,0.0,0.0,0.0,1412.044474385512
2024-01-11 07:15:00,1577.8186709139757,137.54524762222417,1440.2734232917514,0.0,0.0,0.0,0.0,False,NORMAL,0.7,IDLE,0.0,0.0,0.0,0.0,1440.2734232917514
2024-01-11 07:30:00,1645.005487075959,179.36784554777475,1465.6376415281843,0.0,0.0,0.0,0.0,False,NORMAL,0.7,IDLE,0.0,0.0,0.0,0.0,1465.6376415281843
2024-01-11 07:45:00,1726.088357646265,210.17263421433478,1515.9157234319302,0.0,0.0,0.0,0.0,False,NORMAL,0.7,IDLE,0.0,0.0,0.0,0.0,1515.9157234319302
2024-01-11 08:00:00,1821.696347016215,251.90571410073224,1569.7906329154828,0.0,0.0,0.0,0.0,False,NORMAL,0.7,IDLE,0.0,0.0,0.0,0.0,1569.7906329154828
2024-01-11 08:15:00,1911.854433508344,304.2989993507743,1607.5554341575698,0.0,0.0,0.0,0.0,False,NORMAL,0.7,IDLE,0.0,0.0,0.0,0.0,1607.5554341575698
2024-01-11 08:30:00,1990.5636872436398,348.98206904290066,1641.5816182007393,0.0,0.0,0.0,0.0,False,NORMAL,0.7,IDLE,0.0,0.0,0.0,0.0,1641.5816182007393
2024-01-11 08:45:00,2024.8603366260477,385.35479387657637,1639.5055427494713,0.0,0.0,0.0,0.0,False,NORMAL,0.7,IDLE,0.0,0.0,0.0,0.0,1639.5055427494713
2024-01-11 09:00:00,1737.5378499130125,183.67937636100686,1553.8584735520055,0.0,0.0,0.0,0.0,False,NORMAL,0.7,IDLE,0.0,0.0,0.0,0.0,1553.8584735520055
2024-01-11 09:15:00,1771.5242177693153,281.23464654017323,1490.289571229142,0.0,0.0,0.0,0.0,False,NORMAL,0.7,IDLE,0.0,0.0,0.0,0.0,1490.289571229142
2024-01-11 09:30:00,1799.7584050576127,523.7852208024452,1275.9731842551673,0.0,0.0,0.0,0.0,False,NORMAL,0.7,IDLE,0.0,0.0,0.0,0.0,1275.9731842551673
2024-01-11 09:45:00,1722.4061934577917,365.409250402138,1356.9969430556537,0.0,0.0,0.0,0.0,False,NORMAL,0.7,IDLE,0.0,0.0,0.0,0.0,1356.9969430556537
2024-01-11 10:00:00,1743.3767783664825,597.2431994551068,1146.1335789113757,0.0,0.0,0.0,0.0,False,NORMAL,0.7,IDLE,0.0,0.0,0.0,0.0,1146.1335789113757
2024-01-11 10:15:00,1691.5626518111387,619.8615668718143,1071.7010849393246,0.0,0.0,0.0,0.0,False,NORMAL,0.7,IDLE,0.0,0.0,0.0,0.0,1071.7010849393246
2024-01-11 10:30:00,1733.904110848235,675.253737494053,1058.650373354182,0.0,0.0,0.0,0.0,False,NORMAL,0.7,IDLE,0.0,0.0,0.0,0.0,1058.650373354182
2024-01-11 10:45:00,1679.2790769641952,684.356197935463,994.9228790287322,0.0,0.0,0.0,0.0,False,NORMAL,0.7,IDLE,0.0,0.0,0.0,0.0,994.9228790287322
2024-01-11 11:00:00,1688.5039806173588,696.7335551467398,991.770425470619,0.0,0.0,0.0,0.0,False,NORMAL,0.7,IDLE,0.0,0.0,0.0,0.0,991.770425470619
2024-01-11 11:15:00,1660.3087854075306,722.2749478277465,938.0338375797842,0.0,0.0,0.0,0.0,False,NORMAL,0.7,IDLE,0.0,0.0,0.0,0.0,938.0338375797842
2024-01-11 11:30:00,1750.303813770583,279.10497808063593,1471.1988356899471,0.0,0.0,0.0,0.0,False,NORMAL,0.7,IDLE,0.0,0.0,0.0,0.0,1471.1988356899471
2024-01-11 11:45:00,1720.829280617153,748.7195937656155,972.1096868515375,0.0,0.0,0.0,0.0,False,NORMAL,0.7,IDLE,0.0,0.0,0.0,0.0,972.1096868515375
2024-01-11 12:00:00,1640.0263487255115,775.2623613701286,864.7639873553829,0.0,0.0,0.0,0.0,False,NORMAL,0.7,IDLE,0.0,0.0,0.0,0.0,864.7639873553829
2024-01-11 12:15:00,1739.984001591234,515.0092961099331,1224.9747054813008,0.0,0.0,0.0,0.0,False,NORMAL,0.7,IDLE,0.0,0.0,0.0,0.0,1224.9747054813008
2024-01-11 12:30:00,1649.7486494753794,794.2265357305063,855.5221137448731,0.0,0.0,0.0,0.0,False,NORMAL,0.7,IDLE,0.0,0.0,0.0,0.0,855.5221137448731
2024-01-11 12:45:00,1650.5102452851438,450.7625766925193,1199.7476685926244,0.0,0.0,0.0,0.0,False,NORMAL,0.7,IDLE,0.0,0.0,0.0,0.0,1199.7476685926244
2024-01-11 13:00:00,1694.2607367196078,752.5202735938291,941.7404631257788,0.0,0.0,0.0,0.0,False,NORMAL,0.7,IDLE,0.0,0.0,0.0,0.0,941.7404631257788
2024-01-11 13:15:00,1721.659608101099,743.48161294825,978.1779951528489,0.0,0.0,0.0,0.0,False,NORMAL,0.7,IDLE,0.0,0.0,0.0,0.0,978.1779951528489
2024-01-11 13:30:00,1747.760967970443,756.2519358127931,991.5090321576499,0.0,0.0,0.0,0.0,False,NORMAL,0.7,IDLE,0.0,0.0,0.0,0.0,991.5090321576499
2024-01-11 13:45:00,1656.8629752280094,685.9732235839653,970.8897516440442,0.0,0.0,0.0,0.0,False,NORMAL,0.7,IDLE,0.0,0.0,0.0,0.0,970.8897516440442
2024-01-11 14:00:00,1751.7307808188582,635.1604744290271,1116.570306389831,0.0,0.0,0.0,0.0,False,NORMAL,0.7,IDLE,0.0,0.0,0.0,0.0,1116.570306389831
2024-01-11 14:15:00,1734.9617760134406,256.4219925913259,1478.5397834221149,0.0,0.0,0.0,0.0,False,NORMAL,0.7,IDLE,0.0,0.0,0.0,0.0,1478.5397834221149
2024-01-11 14:30:00,1725.280259703504,624.1318464281887,1101.1484132753153,0.0,0.0,0.0,0.0,False,NORMAL,0.7,IDLE,0.0,0.0,0.0,0.0,1101.1484132753153
2024-01-11 14:45:00,1765.4994212651095,548.9981141770782,1216.5013070880314,0.0,0.0,0.0,0.0,False,NORMAL,0.7,IDLE,0.0,0.0,0.0,0.0,1216.5013070880314
2024-01-11 15:00:00,1767.737566215787,528.2625057620392,1239.4750604537478,0.0,0.0,0.0,0.0,False,NORMAL,0.7,IDLE,0.0,0.0,0.0,0.0,1239.4750604537478
2024-01-11 15:15:00,1702.8363156318192,491.63346019515905,1211.2028554366602,0.0,0.0,0.0,0.0,False,NORMAL,0.7,IDLE,0.0,0.0,0.0,0.0,1211.2028554366602
2024-01-11 15:30:00,1771.6859327257202,444.6469638915236,1327.0389688341966,0.0,0.0,0.0,0.0,False,NORMAL,0.7,IDLE,0.0,0.0,0.0,0.0,1327.0389688341966
2024-01-11 15:45:00,1777.7405071074322,389.1640356459568,1388.5764714614754,0.0,0.0,0.0,0.0,False,NORMAL,0.7,IDLE,0.0,0.0,0.0,0.0,1388.5764714614754
2024-01-11 16:00:00,1734.3645327881543,336.11532546250004,1398.2492073256542,0.0,0.0,0.0,0.0,False,NORMAL,0.7,IDLE,0.0,0.0,0.0,0.0,1398.2492073256542
2024-01-11 16:15:00,1835.9307342912532,298.0805605335785,1537.8501737576748,0.0,0.0,0.0,0.0,False,NORMAL,0.7,IDLE,0.0,0.0,0.0,0.0,1537.8501737576748
2024-01-11 16:30:00,1910.0943649208252,258.2433444272907,1651.8510204935346,0.0,0.0,0.0,0.0,False,NORMAL,0.7,IDLE,0.0,0.0,0.0,0.0,1651.8510204935346
2024-01-11 16:45:00,1963.303270879429,217.4246757318907,1745.8785951475384,0.0,0.0,0.0,0.0,False,WATCH,0.7,IDLE,0.0,0.0,0.0,0.0,1745.8785951475384
2024-01-11 17:00:00,2007.7323071337826,171.86155039473948,1835.8707567390431,0.0,0.0,0.0,0.0,False,WATCH,0.7,IDLE,0.0,0.0,0.0,0.0,1835.8707567390431
2024-01-11 17:15:00,2067.1160816924603,129.37568109675885,1937.7404005957014,0.0,0.0,0.0,0.0,False,WATCH,0.7,IDLE,0.0,0.0,0.0,0.0,1937.7404005957014
2024-01-11 17:30:00,2124.8120249526155,96.05518268960476,2028.7568422630106,0.0,0.0,0.0,0.0,False,WARNING,0.7,IDLE,0.0,0.0,0.0,0.0,2028.7568422630106
2024-01-11 17:45:00,2154.8010959365565,63.3885009353205,2091.4125950012362,0.0,0.0,0.0,0.0,False,WARNING,0.7,IDLE,0.0,0.0,0.0,0.0,2091.4125950012362
2024-01-11 18:00:00,2180.3453392396523,19.442478863655264,2160.902860375997,0.0,0.0,0.0,0.0,False,WARNING,0.7,IDLE,0.0,0.0,0.0,0.0,2160.902860375997
2024-01-11 18:15:00,2160.10307221337,11.685972980575006,2148.417099232795,0.0,0.0,0.0,0.0,False,WARNING,0.7,IDLE,0.0,0.0,0.0,0.0,2148.417099232795
2024-01-11 18:30:00,2255.2742557643533,3.630434487103721e-22,2255.2742557643533,0.0,0.0,0.0,0.0,False,WARNING,0.7,IDLE,0.0,0.0,0.0,0.0,2255.2742557643533
2024-01-11 18:45:00,2166.557372149979,0.0,2166.557372149979,0.0,0.0,0.0,0.0,False,WARNING,0.7,IDLE,0.0,0.0,0.0,0.0,2166.557372149979
2024-01-11 19:00:00,2195.312243663024,0.0,2195.312243663024,0.0,0.0,0.0,0.0,False,WARNING,0.7,IDLE,0.0,0.0,0.0,0.0,2195.312243663024
2024-01-11 19:15:00,2084.4575203362356,0.0,2084.4575203362356,0.0,0.0,0.0,0.0,False,WARNING,0.7,IDLE,0.0,0.0,0.0,0.0,2084.4575203362356
2024-01-11 19:30:00,2141.786095057008,0.0,2141.786095057008,0.0,0.0,0.0,0.0,False,WARNING,0.7,IDLE,0.0,0.0,0.0,0.0,2141.786095057008
2024-01-11 19:45:00,2106.6838005943505,0.0,2106.6838005943505,0.0,0.0,0.0,0.0,False,WARNING,0.7,IDLE,0.0,0.0,0.0,0.0,2106.6838005943505
2024-01-11 20:00:00,2063.299360288518,0.0,2063.299360288518,0.0,0.0,0.0,0.0,False,WARNING,0.7,IDLE,0.0,0.0,0.0,0.0,2063.299360288518
2024-01-11 20:15:00,2121.5889284796613,0.0,2121.5889284796613,0.0,0.0,0.0,0.0,False,WARNING,0.7,IDLE,0.0,0.0,0.0,0.0,2121.5889284796613
2024-01-11 20:30:00,2014.5138872336993,0.0,2014.5138872336993,0.0,0.0,0.0,0.0,False,WARNING,0.7,IDLE,0.0,0.0,0.0,0.0,2014.5138872336993
2024-01-11 20:45:00,1973.3747760027522,0.0,1973.3747760027522,0.0,0.0,0.0,0.0,False,WARNING,0.7,IDLE,0.0,0.0,0.0,0.0,1973.3747760027522
2024-01-11 21:00:00,1930.08994821824,0.0,1930.08994821824,0.0,0.0,0.0,0.0,False,WATCH,0.7,IDLE,0.0,0.0,0.0,0.0,1930.08994821824
2024-01-11 21:15:00,1848.0538276887098,0.0,1848.0538276887098,0.0,0.0,0.0,0.0,False,WATCH,0.7,IDLE,0.0,0.0,0.0,0.0,1848.0538276887098
2024-01-11 21:30:00,1779.3807495219642,0.0,1779.3807495219642,0.0,0.0,0.0,0.0,False,WATCH,0.7,IDLE,0.0,0.0,0.0,0.0,1779.3807495219642
2024-01-11 21:45:00,1594.7108056716165,0.0,1594.7108056716165,0.0,0.0,0.0,0.0,False,NORMAL,0.7,IDLE,0.0,0.0,0.0,0.0,1594.7108056716165
2024-01-11 22:00:00,1526.1924557389316,0.0,1526.1924557389316,0.0,0.0,0.0,0.0,False,NORMAL,0.7,IDLE,0.0,0.0,0.0,0.0,1526.1924557389316
2024-01-11 22:15:00,1332.42849174483,0.0,1332.42849174483,0.0,0.0,0.0,0.0,False,NORMAL,0.7,IDLE,0.0,0.0,0.0,0.0,1332.42849174483
2024-01-11 22:30:00,1192.779374334392,0.0,1192.779374334392,0.0,0.0,0.0,0.0,False,NORMAL,0.7,IDLE,0.0,0.0,0.0,0.0,1192.779374334392
2024-01-11 22:45:00,1072.910757500036,0.0,1072.910757500036,0.0,0.0,0.0,0.0,False,NORMAL,0.7,IDLE,0.0,0.0,0.0,0.0,1072.910757500036
2024-01-11 23:00:00,1033.771558479345,0.0,1033.771558479345,0.0,0.0,0.0,0.0,False,NORMAL,0.7,IDLE,0.0,0.0,0.0,0.0,1033.771558479345
2024-01-11 23:15:00,966.3287014792917,0.0,966.3287014792917,0.0,0.0,0.0,0.0,False,NORMAL,0.7,IDLE,0.0,0.0,0.0,0.0,966.3287014792917
2024-01-11 23:30:00,874.831188075603,0.0,874.831188075603,0.0,0.0,0.0,0.0,False,NORMAL,0.7,IDLE,0.0,0.0,0.0,0.0,874.831188075603
2024-01-11 23:45:00,872.5830183634018,0.0,872.5830183634018,0.0,0.0,0.0,0.0,False,NORMAL,0.7,IDLE,0.0,0.0,0.0,0.0,872.5830183634018
2024-01-12 00:00:00,824.6283428899706,0.0,824.6283428899706,0.0,0.0,0.0,0.0,False,NORMAL,0.7,IDLE,0.0,0.0,0.0,0.0,824.6283428899706
2024-01-12 00:15:00,887.9117484629281,0.0,887.9117484629281,0.0,0.0,0.0,0.0,False,NORMAL,0.7,IDLE,0.0,0.0,0.0,0.0,887.9117484629281
2024-01-12 00:30:00,844.2184706076803,0.0,844.2184706076803,0.0,0.0,0.0,0.0,False,NORMAL,0.7,IDLE,0.0,0.0,0.0,0.0,844.2184706076803
2024-01-12 00:45:00,840.3821364556494,0.0,840.3821364556494,0.0,0.0,0.0,0.0,False,NORMAL,0.7,IDLE,0.0,0.0,0.0,0.0,840.3821364556494
2024-01-12 01:00:00,856.2283254817537,0.0,856.2283254817537,0.0,0.0,0.0,0.0,False,NORMAL,0.7,IDLE,0.0,0.0,0.0,0.0,856.2283254817537
2024-01-12 01:15:00,805.1942582976491,0.0,805.1942582976491,0.0,0.0,0.0,0.0,False,NORMAL,0.7,IDLE,0.0,0.0,0.0,0.0,805.1942582976491
2024-01-12 01:30:00,858.1623784251619,0.0,858.1623784251619,0.0,0.0,0.0,0.0,False,NORMAL,0.7,IDLE,0.0,0.0,0.0,0.0,858.1623784251619
2024-01-12 01:45:00,819.0805313057743,0.0,819.0805313057743,0.0,0.0,0.0,0.0,False,NORMAL,0.7,IDLE,0.0,0.0,0.0,0.0,819.0805313057743
2024-01-12 02:00:00,800.0764688510778,0.0,800.0764688510778,0.0,0.0,0.0,0.0,False,NORMAL,0.7,IDLE,0.0,0.0,0.0,0.0,800.0764688510778
2024-01-12 02:15:00,795.3246608852978,0.0,795.3246608852978,0.0,0.0,0.0,0.0,False,NORMAL,0.7,IDLE,0.0,0.0,0.0,0.0,795.3246608852978
2024-01-12 02:30:00,846.2662057932996,0.0,846.2662057932996,0.0,0.0,0.0,0.0,False,NORMAL,0.7,IDLE,0.0,0.0,0.0,0.0,846.2662057932996
2024-01-12 02:45:00,804.9588908492158,0.0,804.9588908492158,0.0,0.0,0.0,0.0,False,NORMAL,0.7,IDLE,0.0,0.0,0.0,0.0,804.9588908492158
2024-01-12 03:00:00,846.4472104243819,0.0,846.4472104243819,0.0,0.0,0.0,0.0,False,NORMAL,0.7,IDLE,0.0,0.0,0.0,0.0,846.4472104243819
2024-01-12 03:15:00,832.7581285959386,0.0,832.7581285959386,0.0,0.0,0.0,0.0,False,NORMAL,0.7,IDLE,0.0,0.0,0.0,0.0,832.7581285959386
2024-01-12 03:30:00,828.1803005141793,0.0,828.1803005141793,0.0,0.0,0.0,0.0,False,NORMAL,0.7,IDLE,0.0,0.0,0.0,0.0,828.1803005141793
2024-01-12 03:45:00,768.5047729913592,0.0,768.5047729913592,0.0,0.0,0.0,0.0,False,NORMAL,0.7,IDLE,0.0,0.0,0.0,0.0,768.5047729913592
2024-01-12 04:00:00,849.450943005534,0.0,849.450943005534,0.0,0.0,0.0,0.0,False,NORMAL,0.7,IDLE,0.0,0.0,0.0,0.0,849.450943005534
2024-01-12 04:15:00,823.4363874312423,0.0,823.4363874312423,0.0,0.0,0.0,0.0,False,NORMAL,0.7,IDLE,0.0,0.0,0.0,0.0,823.4363874312423
2024-01-12 04:30:00,860.5808831327731,0.0,860.5808831327731,0.0,0.0,0.0,0.0,False,NORMAL,0.7,IDLE,0.0,0.0,0.0,0.0,860.5808831327731
2024-01-12 04:45:00,760.9031321580504,0.0,760.9031321580504,0.0,0.0,0.0,0.0,False,NORMAL,0.7,IDLE,0.0,0.0,0.0,0.0,760.9031321580504
2024-01-12 05:00:00,944.3319585386591,0.0,944.3319585386591,0.0,0.0,0.0,0.0,False,NORMAL,0.7,IDLE,0.0,0.0,0.0,0.0,944.3319585386591
2024-01-12 05:15:00,901.4180386726148,0.0,901.4180386726148,0.0,0.0,0.0,0.0,False,NORMAL,0.7,IDLE,0.0,0.0,0.0,0.0,901.4180386726148
2024-01-12 05:30:00,1058.180847586233,0.0,1058.180847586233,0.0,0.0,0.0,0.0,False,NORMAL,0.7,IDLE,0.0,0.0,0.0,0.0,1058.180847586233
2024-01-12 05:45:00,1067.7053247595695,0.0,1067.7053247595695,0.0,0.0,0.0,0.0,False,NORMAL,0.7,IDLE,0.0,0.0,0.0,0.0,1067.7053247595695
2024-01-12 06:00:00,1257.1955800355836,3.7122996950608186e-22,1257.1955800355836,0.0,0.0,0.0,0.0,False,NORMAL,0.7,IDLE,0.0,0.0,0.0,0.0,1257.1955800355836
2024-01-12 06:15:00,1285.9611837587852,12.105002777511183,1273.856180981274,0.0,0.0,0.0,0.0,False,NORMAL,0.7,IDLE,0.0,0.0,0.0,0.0,1273.856180981274
2024-01-12 06:30:00,1449.3316105932124,34.12245260821317,1415.2091579849991,0.0,0.0,0.0,0.0,False,NORMAL,0.7,IDLE,0.0,0.0,0.0,0.0,1415.2091579849991
2024-01-12 06:45:00,1604.7554145657286,63.87968342314637,1540.8757311425823,0.0,0.0,0.0,0.0,False,NORMAL,0.7,IDLE,0.0,0.0,0.0,0.0,1540.8757311425823
2024-01-12 07:00:00,1654.2992556063512,90.6170525298286,1563.6822030765225,0.0,0.0,0.0,0.0,False,NORMAL,0.7,IDLE,0.0,0.0,0.0,0.0,1563.6822030765225
2024-01-12 07:15:00,1779.0913989555488,128.03301014094689,1651.058388814602,0.0,0.0,0.0,0.0,False,NORMAL,0.7,IDLE,0.0,0.0,0.0,0.0,1651.058388814602
2024-01-12 07:30:00,1856.0244212282528,177.80193609889724,1678.2224851293556,0.0,0.0,0.0,0.0,False,NORMAL,0.7,IDLE,0.0,0.0,0.0,0.0,1678.2224851293556
2024-01-12 07:45:00,1980.5759352239706,208.4341484202528,1772.1417868037179,0.0,0.0,0.0,0.0,False,WATCH,0.7,IDLE,0.0,0.0,0.0,0.0,1772.1417868037179
2024-01-12 08:00:00,2017.94272458136,160.1600035188333,1857.7827210625267,0.0,0.0,0.0,0.0,False,WATCH,0.7,IDLE,0.0,0.0,0.0,0.0,1857.7827210625267
2024-01-12 08:15:00,2135.4436228072736,294.741797073371,1840.7018257339028,0.0,0.0,0.0,0.0,False,WATCH,0.7,IDLE,0.0,0.0,0.0,0.0,1840.7018257339028
2024-01-12 08:30:00,2267.0011938053512,342.0898546311214,1924.9113391742299,0.0,0.0,0.0,0.0,False,WATCH,0.7,IDLE,0.0,0.0,0.0,0.0,1924.9113391742299
2024-01-12 08:45:00,2277.0458160827866,354.55959651268046,1922.4862195701062,0.0,0.0,0.0,0.0,False,WATCH,0.7,IDLE,0.0,0.0,0.0,0.0,1922.4862195701062
2024-01-12 09:00:00,1896.562682077234,445.35209905320863,1451.2105830240255,0.0,0.0,0.0,0.0,False,NORMAL,0.7,IDLE,0.0,0.0,0.0,0.0,1451.2105830240255
2024-01-12 09:15:00,1895.7292766150745,460.4908779574776,1435.238398657597,0.0,0.0,0.0,0.0,False,NORMAL,0.7,IDLE,0.0,0.0,0.0,0.0,1435.238398657597
2024-01-12 09:30:00,1897.9384538591903,311.98637703543864,1585.9520768237517,0.0,0.0,0.0,0.0,False,NORMAL,0.7,IDLE,0.0,0.0,0.0,0.0,1585.9520768237517
2024-01-12 09:45:00,1909.3420465855006,546.4365942402463,1362.9054523452542,0.0,0.0,0.0,0.0,False,NORMAL,0.7,IDLE,0.0,0.0,0.0,0.0,1362.9054523452542
2024-01-12 10:00:00,1885.8903251751199,563.9045859173123,1321.9857392578076,0.0,0.0,0.0,0.0,False,NORMAL,0.7,IDLE,0.0,0.0,0.0,0.0,1321.9857392578076
2024-01-12 10:15:00,1838.3970659990214,600.2959924704757,1238.1010735285458,0.0,0.0,0.0,0.0,False,NORMAL,0.7,IDLE,0.0,0.0,0.0,0.0,1238.1010735285458
2024-01-12 10:30:00,1908.5969671366122,467.26114597831383,1441.3358211582984,0.0,0.0,0.0,0.0,False,NORMAL,0.7,IDLE,0.0,0.0,0.0,0.0,1441.3358211582984
2024-01-12 10:45:00,1834.2143276966062,699.9145436463216,1134.2997840502846,0.0,0.0,0.0,0.0,False,NORMAL,0.7,IDLE,0.0,0.0,0.0,0.0,1134.2997840502846
2024-01-12 11:00:00,1832.7829864349505,343.7822399365527,1489.0007464983978,0.0,0.0,0.0,0.0,False,NORMAL,0.7,IDLE,0.0,0.0,0.0,0.0,1489.0007464983978
2024-01-12 11:15:00,1854.727111246305,709.4305659582488,1145.2965452880562,0.0,0.0,0.0,0.0,False,NORMAL,0.7,IDLE,0.0,0.0,0.0,0.0,1145.2965452880562
2024-01-12 11:30:00,1857.1859226006327,715.4257018428166,1141.7602207578161,0.0,0.0,0.0,0.0,False,NORMAL,0.7,IDLE,0.0,0.0,0.0,0.0,1141.7602207578161
2024-01-12 11:45:00,1889.4431994556544,773.9479887120556,1115.4952107435988,0.0,0.0,0.0,0.0,False,NORMAL,0.7,IDLE,0.0,0.0,0.0,0.0,1115.4952107435988
2024-01-12 12:00:00,1852.230400473692,786.9381490606279,1065.2922514130642,0.0,0.0,0.0,0.0,False,NORMAL,0.7,IDLE,0.0,0.0,0.0,0.0,1065.2922514130642
2024-01-12 12:15:00,1859.6162464799827,782.9345557248389,1076.6816907551438,0.0,0.0,0.0,0.0,False,NORMAL,0.7,IDLE,0.0,0.0,0.0,0.0,1076.6816907551438
2024-01-12 12:30:00,1861.0933306420832,764.9619337996509,1096.1313968424324,0.0,0.0,0.0,0.0,False,NORMAL,0.7,IDLE,0.0,0.0,0.0,0.0,1096.1313968424324
2024-01-12 12:45:00,1853.7921175356482,753.6336194264849,1100.1584981091632,0.0,0.0,0.0,0.0,False,NORMAL,0.7,IDLE,0.0,0.0,0.0,0.0,1100.1584981091632
2024-01-12 13:00:00,1816.9504928425956,286.6975667882517,1530.2529260543438,0.0,0.0,0.0,0.0,False,NORMAL,0.7,IDLE,0.0,0.0,0.0,0.0,1530.2529260543438
2024-01-12 13:15:00,1851.4781850650606,715.3990812245867,1136.079103840474,0.0,0.0,0.0,0.0,False,NORMAL,0.7,IDLE,0.0,0.0,0.0,0.0,1136.079103840474
2024-01-12 13:30:00,1858.493198363605,686.8541571930368,1171.6390411705681,0.0,0.0,0.0,0.0,False,NORMAL,0.7,IDLE,0.0,0.0,0.0,0.0,1171.6390411705681
2024-01-12 13:45:00,1791.1067745263722,640.715272220842,1150.3915023055301,0.0,0.0,0.0,0.0,False,NORMAL,0.7,IDLE,0.0,0.0,0.0,0.0,1150.3915023055301
2024-01-12 14:00:00,1909.763617409215,671.3734519865068,1238.3901654227082,0.0,0.0,0.0,0.0,False,NORMAL,0.7,IDLE,0.0,0.0,0.0,0.0,1238.3901654227082
2024-01-12 14:15:00,1905.8428991462404,607.2674158806467,1298.5754832655937,0.0,0.0,0.0,0.0,False,NORMAL,0.7,IDLE,0.0,0.0,0.0,0.0,1298.5754832655937
2024-01-12 14:30:00,1924.3303780122683,607.6213963499004,1316.708981662368,0.0,0.0,0.0,0.0,False,NORMAL,0.7,IDLE,0.0,0.0,0.0,0.0,1316.708981662368
2024-01-12 14:45:00,1924.3030257685855,564.7196357257162,1359.5833900428693,0.0,0.0,0.0,0.0,False,NORMAL,0.7,IDLE,0.0,0.0,0.0,0.0,1359.5833900428693
2024-01-12 15:00:00,1872.1514023781651,519.9017183043978,1352.2496840737672,0.0,0.0,0.0,0.0,False,NORMAL,0.7,IDLE,0.0,0.0,0.0,0.0,1352.2496840737672
2024-01-12 15:15:00,1907.4275789918715,479.2184286494859,1428.2091503423858,0.0,0.0,0.0,0.0,False,NORMAL,0.7,IDLE,0.0,0.0,0.0,0.0,1428.2091503423858
2024-01-12 15:30:00,1879.5436169696745,420.3111197117251,1459.2324972579495,0.0,0.0,0.0,0.0,False,NORMAL,0.7,IDLE,0.0,0.0,0.0,0.0,1459.2324972579495
2024-01-12 15:45:00,1896.290682970252,406.21442773262567,1490.0762552376264,0.0,0.0,0.0,0.0,False,NORMAL,0.7,IDLE,0.0,0.0,0.0,0.0,1490.0762552376264
2024-01-12 16:00:00,1840.8505768796563,341.1513935405235,1499.6991833391328,0.0,0.0,0.0,0.0,False,NORMAL,0.7,IDLE,0.0,0.0,0.0,0.0,1499.6991833391328
2024-01-12 16:15:00,1933.0743073108038,299.23360215060984,1633.840705160194,0.0,0.0,0.0,0.0,False,NORMAL,0.7,IDLE,0.0,0.0,0.0,0.0,1633.840705160194
2024-01-12 16:30:00,2141.381102393986,247.88773282366975,1893.4933695703164,0.0,0.0,0.0,0.0,False,WATCH,0.7,IDLE,0.0,0.0,0.0,0.0,1893.4933695703164
2024-01-12 16:45:00,2140.346253653739,204.18777579310137,1936.1584778606377,0.0,0.0,0.0,0.0,False,WATCH,0.7,IDLE,0.0,0.0,0.0,0.0,1936.1584778606377
2024-01-12 17:00:00,2214.8641968215593,171.2869581008683,2043.577238720691,0.0,0.0,0.0,0.0,False,WARNING,0.7,IDLE,0.0,0.0,0.0,0.0,2043.577238720691
2024-01-12 17:15:00,2238.4725221079034,130.72417145544796,2107.7483506524554,0.0,0.0,0.0,0.0,False,WARNING,0.7,IDLE,0.0,0.0,0.0,0.0,2107.7483506524554
2024-01-12 17:30:00,2333.3905208225597,70.4542194976333,2262.9363013249263,0.0,0.0,0.0,0.0,False,WARNING,0.7,IDLE,0.0,0.0,0.0,0.0,2262.9363013249263
2024-01-12 17:45:00,2336.09776039288,58.679934789336954,2277.417825603543,0.0,0.0,0.0,0.0,False,WARNING,0.7,IDLE,0.0,0.0,0.0,0.0,2277.417825603543
2024-01-12 18:00:00,2488.9635280576417,32.26918107093426,2456.6943469867074,0.0,0.0,0.0,0.0,True,CRITICAL,0.7,IDLE,0.0,0.0,0.0,156.6943469867074,2456.6943469867074
2024-01-12 18:15:00,2500.4286323771444,12.322812922424914,2488.1058194547195,0.0,0.0,0.0,0.0,True,CRITICAL,0.7,IDLE,0.0,0.0,0.0,188.1058194547195,2488.1058194547195
2024-01-12 18:30:00,2471.3385741762027,3.556022498249775e-22,2471.3385741762027,0.0,0.0,0.0,0.0,True,CRITICAL,0.7,IDLE,0.0,0.0,0.0,171.33857417620266,2471.3385741762027
2024-01-12 18:45:00,2621.1080093189894,0.0,2621.1080093189894,0.0,0.0,0.0,0.0,True,CRITICAL,0.7,IDLE,0.0,0.0,0.0,321.1080093189894,2621.1080093189894
2024-01-12 19:00:00,2515.7996567877585,0.0,2515.7996567877585,0.0,0.0,0.0,0.0,True,CRITICAL,0.7,IDLE,0.0,0.0,0.0,215.79965678775852,2515.7996567877585
2024-01-12 19:15:00,2449.243279571205,0.0,2449.243279571205,0.0,0.0,0.0,0.0,True,CRITICAL,0.7,IDLE,0.0,0.0,0.0,149.24327957120522,2449.243279571205
2024-01-12 19:30:00,2382.049921688874,0.0,2382.049921688874,0.0,0.0,0.0,0.0,True,CRITICAL,0.7,IDLE,0.0,0.0,0.0,82.04992168887384,2382.049921688874
2024-01-12 19:45:00,2525.4510796572345,0.0,2525.4510796572345,0.0,0.0,0.0,0.0,True,CRITICAL,0.7,IDLE,0.0,0.0,0.0,225.45107965723446,2525.4510796572345
2024-01-12 20:00:00,2359.98114818527,0.0,2359.98114818527,0.0,0.0,0.0,0.0,True,CRITICAL,0.7,IDLE,0.0,0.0,0.0,59.98114818526983,2359.98114818527
2024-01-12 20:15:00,2331.2697013366874,0.0,2331.2697013366874,0.0,0.0,0.0,0.0,True,CRITICAL,0.7,IDLE,0.0,0.0,0.0,31.269701336687376,2331.2697013366874
2024-01-12 20:30:00,2368.8207877067007,0.0,2368.8207877067007,0.0,0.0,0.0,0.0,True,CRITICAL,0.7,IDLE,0.0,0.0,0.0,68.82078770670068,2368.8207877067007
2024-01-12 20:45:00,2346.7815423375414,0.0,2346.7815423375414,0.0,0.0,0.0,0.0,True,CRITICAL,0.7,IDLE,0.0,0.0,0.0,46.781542337541396,2346.7815423375414
2024-01-12 21:00:00,2270.4171594276404,0.0,2270.4171594276404,0.0,0.0,0.0,0.0,False,WARNING,0.7,IDLE,0.0,0.0,0.0,0.0,2270.4171594276404
2024-01-12 21:15:00,2181.0846492868536,0.0,2181.0846492868536,0.0,0.0,0.0,0.0,False,WARNING,0.7,IDLE,0.0,0.0,0.0,0.0,2181.0846492868536
2024-01-12 21:30:00,2049.507772537539,0.0,2049.507772537539,0.0,0.0,0.0,0.0,False,WARNING,0.7,IDLE,0.0,0.0,0.0,0.0,2049.507772537539
2024-01-12 21:45:00,1897.3706440457258,0.0,1897.3706440457258,0.0,0.0,0.0,0.0,False,WATCH,0.7,IDLE,0.0,0.0,0.0,0.0,1897.3706440457258
2024-01-12 22:00:00,1724.2056043946482,0.0,1724.2056043946482,0.0,0.0,0.0,0.0,False,NORMAL,0.7,IDLE,0.0,0.0,0.0,0.0,1724.2056043946482
2024-01-12 22:15:00,1577.255933254382,0.0,1577.255933254382,0.0,0.0,0.0,0.0,False,NORMAL,0.7,IDLE,0.0,0.0,0.0,0.0,1577.255933254382
2024-01-12 22:30:00,1411.646106892096,0.0,1411.646106892096,0.0,0.0,0.0,0.0,False,NORMAL,0.7,IDLE,0.0,0.0,0.0,0.0,1411.646106892096
2024-01-12 22:45:00,1242.4287040090167,0.0,1242.4287040090167,0.0,0.0,0.0,0.0,False,NORMAL,0.7,IDLE,0.0,0.0,0.0,0.0,1242.4287040090167
2024-01-12 23:00:00,1054.0311771254205,0.0,1054.0311771254205,0.0,0.0,0.0,0.0,False,NORMAL,0.7,IDLE,0.0,0.0,0.0,0.0,1054.0311771254205
2024-01-12 23:15:00,1037.1447748923292,0.0,1037.1447748923292,0.0,0.0,0.0,0.0,False,NORMAL,0.7,IDLE,0.0,0.0,0.0,0.0,1037.1447748923292
2024-01-12 23:30:00,971.266085497494,0.0,971.266085497494,0.0,0.0,0.0,0.0,False,NORMAL,0.7,IDLE,0.0,0.0,0.0,0.0,971.266085497494
2024-01-12 23:45:00,948.3594692373315,0.0,948.3594692373315,0.0,0.0,0.0,0.0,False,NORMAL,0.7,IDLE,0.0,0.0,0.0,0.0,948.3594692373315
2024-01-13 00:00:00,889.4248125098727,0.0,889.4248125098727,0.0,0.0,0.0,0.0,False,NORMAL,0.7,IDLE,0.0,0.0,0.0,0.0,889.4248125098727
2024-01-13 00:15:00,862.2341133818793,0.0,862.2341133818793,0.0,0.0,0.0,0.0,False,NORMAL,0.7,IDLE,0.0,0.0,0.0,0.0,862.2341133818793
2024-01-13 00:30:00,924.8830384613966,0.0,924.8830384613966,0.0,0.0,0.0,0.0,False,NORMAL,0.7,IDLE,0.0,0.0,0.0,0.0,924.8830384613966
2024-01-13 00:45:00,970.9445087715266,0.0,970.9445087715266,0.0,0.0,0.0,0.0,False,NORMAL,0.7,IDLE,0.0,0.0,0.0,0.0,970.9445087715266
2024-01-13 01:00:00,942.4796229432221,0.0,942.4796229432221,0.0,0.0,0.0,0.0,False,NORMAL,0.7,IDLE,0.0,0.0,0.0,0.0,942.4796229432221
2024-01-13 01:15:00,874.540772899209,0.0,874.540772899209,0.0,0.0,0.0,0.0,False,NORMAL,0.7,IDLE,0.0,0.0,0.0,0.0,874.540772899209
2024-01-13 01:30:00,851.7119995730025,0.0,851.7119995730025,0.0,0.0,0.0,0.0,False,NORMAL,0.7,IDLE,0.0,0.0,0.0,0.0,851.7119995730025
2024-01-13 01:45:00,945.3967042501804,0.0,945.3967042501804,0.0,0.0,0.0,0.0,False,NORMAL,0.7,IDLE,0.0,0.0,0.0,0.0,945.3967042501804
2024-01-13 02:00:00,866.8998856791709,0.0,866.8998856791709,0.0,0.0,0.0,0.0,False,NORMAL,0.7,IDLE,0.0,0.0,0.0,0.0,866.8998856791709
2024-01-13 02:15:00,917.7143505286613,0.0,917.7143505286613,0.0,0.0,0.0,0.0,False,NORMAL,0.7,IDLE,0.0,0.0,0.0,0.0,917.7143505286613
2024-01-13 02:30:00,912.329243915482,0.0,912.329243915482,0.0,0.0,0.0,0.0,False,NORMAL,0.7,IDLE,0.0,0.0,0.0,0.0,912.329243915482
2024-01-13 02:45:00,901.4723742392625,0.0,901.4723742392625,0.0,0.0,0.0,0.0,False,NORMAL,0.7,IDLE,0.0,0.0,0.0,0.0,901.4723742392625
2024-01-13 03:00:00,912.0024486003492,0.0,912.0024486003492,0.0,0.0,0.0,0.0,False,NORMAL,0.7,IDLE,0.0,0.0,0.0,0.0,912.0024486003492
2024-01-13 03:15:00,870.8690284101099,0.0,870.8690284101099,0.0,0.0,0.0,0.0,False,NORMAL,0.7,IDLE,0.0,0.0,0.0,0.0,870.8690284101099
2024-01-13 03:30:00,860.2745260365334,0.0,860.2745260365334,0.0,0.0,0.0,0.0,False,NORMAL,0.7,IDLE,0.0,0.0,0.0,0.0,860.2745260365334
2024-01-13 03:45:00,915.6696385832452,0.0,915.6696385832452,0.0,0.0,0.0,0.0,False,NORMAL,0.7,IDLE,0.0,0.0,0.0,0.0,915.6696385832452
2024-01-13 04:00:00,846.2416080459193,0.0,846.2416080459193,0.0,0.0,0.0,0.0,False,NORMAL,0.7,IDLE,0.0,0.0,0.0,0.0,846.2416080459193
2024-01-13 04:15:00,913.1984092601133,0.0,913.1984092601133,0.0,0.0,0.0,0.0,False,NORMAL,0.7,IDLE,0.0,0.0,0.0,0.0,913.1984092601133
2024-01-13 04:30:00,908.6006985508928,0.0,908.6006985508928,0.0,0.0,0.0,0.0,False,NORMAL,0.7,IDLE,0.0,0.0,0.0,0.0,908.6006985508928
2024-01-13 04:45:00,921.3369074428097,0.0,921.3369074428097,0.0,0.0,0.0,0.0,False,NORMAL,0.7,IDLE,0.0,0.0,0.0,0.0,921.3369074428097
2024-01-13 05:00:00,939.3882520494008,0.0,939.3882520494008,0.0,0.0,0.0,0.0,False,NORMAL,0.7,IDLE,0.0,0.0,0.0,0.0,939.3882520494008
2024-01-13 05:15:00,1052.7049855867772,0.0,1052.7049855867772,0.0,0.0,0.0,0.0,False,NORMAL,0.7,IDLE,0.0,0.0,0.0,0.0,1052.7049855867772
2024-01-13 05:30:00,1131.662422745224,0.0,1131.662422745224,0.0,0.0,0.0,0.0,False,NORMAL,0.7,IDLE,0.0,0.0,0.0,0.0,1131.662422745224
2024-01-13 05:45:00,1186.3341683118072,0.0,1186.3341683118072,0.0,0.0,0.0,0.0,False,NORMAL,0.7,IDLE,0.0,0.0,0.0,0.0,1186.3341683118072
2024-01-13 06:00:00,1335.7589382153253,3.4136370959140226e-22,1335.7589382153253,0.0,0.0,0.0,0.0,False,NORMAL,0.7,IDLE,0.0,0.0,0.0,0.0,1335.7589382153253
2024-01-13 06:15:00,1407.4283877145072,11.327947749032452,1396.1004399654746,0.0,0.0,0.0,0.0,False,NORMAL,0.7,IDLE,0.0,0.0,0.0,0.0,1396.1004399654746
2024-01-13 06:30:00,1550.1379181077461,32.014514271489425,1518.1234038362568,0.0,0.0,0.0,0.0,False,NORMAL,0.7,IDLE,0.0,0.0,0.0,0.0,1518.1234038362568
2024-01-13 06:45:00,1645.1339508544904,57.8099764981445,1587.3239743563458,0.0,0.0,0.0,0.0,False,NORMAL,0.7,IDLE,0.0,0.0,0.0,0.0,1587.3239743563458
2024-01-13 07:00:00,1737.0448952456022,85.9522398748789,1651.0926553707234,0.0,0.0,0.0,0.0,False,NORMAL,0.7,IDLE,0.0,0.0,0.0,0.0,1651.0926553707234
2024-01-13 07:15:00,1768.5535275403859,129.9139549701191,1638.6395725702669,0.0,0.0,0.0,0.0,False,NORMAL,0.7,IDLE,0.0,0.0,0.0,0.0,1638.6395725702669
2024-01-13 07:30:00,1794.172434754351,168.08746774871884,1626.084967005632,0.0,0.0,0.0,0.0,False,NORMAL,0.7,IDLE,0.0,0.0,0.0,0.0,1626.084967005632
2024-01-13 07:45:00,1921.2212193581195,195.40703162814867,1725.8141877299709,0.0,0.0,0.0,0.0,False,WATCH,0.7,IDLE,0.0,0.0,0.0,0.0,1725.8141877299709
2024-01-13 08:00:00,1832.9163119641346,245.52033408560445,1587.3959778785302,0.0,0.0,0.0,0.0,False,NORMAL,0.7,IDLE,0.0,0.0,0.0,0.0,1587.3959778785302
2024-01-13 08:15:00,1914.6080300167912,279.05966423166655,1635.5483657851246,0.0,0.0,0.0,0.0,False,NORMAL,0.7,IDLE,0.0,0.0,0.0,0.0,1635.5483657851246
2024-01-13 08:30:00,1933.3005966628275,326.952172746652,1606.3484239161755,0.0,0.0,0.0,0.0,False,NORMAL,0.7,IDLE,0.0,0.0,0.0,0.0,1606.3484239161755
2024-01-13 08:45:00,2005.476901372677,368.3026686805691,1637.174232692108,0.0,0.0,0.0,0.0,False,NORMAL,0.7,IDLE,0.0,0.0,0.0,0.0,1637.174232692108
2024-01-13 09:00:00,1772.5893407903873,139.82722629958818,1632.7621144907991,0.0,0.0,0.0,0.0,False,NORMAL,0.7,IDLE,0.0,0.0,0.0,0.0,1632.7621144907991
2024-01-13 09:15:00,1781.6454431387617,482.4839841283801,1299.1614590103816,0.0,0.0,0.0,0.0,False,NORMAL,0.7,IDLE,0.0,0.0,0.0,0.0,1299.1614590103816
2024-01-13 09:30:00,1742.647025277666,488.05926210196594,1254.5877631757,0.0,0.0,0.0,0.0,False,NORMAL,0.7,IDLE,0.0,0.0,0.0,0.0,1254.5877631757
2024-01-13 09:45:00,1764.514411718983,519.2225098921217,1245.2919018268612,0.0,0.0,0.0,0.0,False,NORMAL,0.7,IDLE,0.0,0.0,0.0,0.0,1245.2919018268612
2024-01-13 10:00:00,1739.0480584487634,205.1247545201382,1533.9233039286253,0.0,0.0,0.0,0.0,False,NORMAL,0.7,IDLE,0.0,0.0,0.0,0.0,1533.9233039286253
2024-01-13 10:15:00,1807.5613857601954,618.6604639141023,1188.9009218460933,0.0,0.0,0.0,0.0,False,NORMAL,0.7,IDLE,0.0,0.0,0.0,0.0,1188.9009218460933
2024-01-13 10:30:00,1683.863484683432,598.203879261032,1085.6596054224,0.0,0.0,0.0,0.0,False,NORMAL,0.7,IDLE,0.0,0.0,0.0,0.0,1085.6596054224
2024-01-13 10:45:00,1765.831061528338,332.5987215111444,1433.2323400171936,0.0,0.0,0.0,0.0,False,NORMAL,0.7,IDLE,0.0,0.0,0.0,0.0,1433.2323400171936
2024-01-13 11:00:00,1789.8362563538872,707.6847354022528,1082.1515209516342,0.0,0.0,0.0,0.0,False,NORMAL,0.7,IDLE,0.0,0.0,0.0,0.0,1082.1515209516342
2024-01-13 11:15:00,1773.0460377828995,702.1828323855825,1070.863205397317,0.0,0.0,0.0,0.0,False,NORMAL,0.7,IDLE,0.0,0.0,0.0,0.0,1070.863205397317
2024-01-13 11:30:00,1735.8791391144402,716.0257933934975,1019.8533457209428,0.0,0.0,0.0,0.0,False,NORMAL,0.7,IDLE,0.0,0.0,0.0,0.0,1019.8533457209428
2024-01-13 11:45:00,1747.9601267134435,768.8603752009171,979.0997515125264,0.0,0.0,0.0,0.0,False,NORMAL,0.7,IDLE,0.0,0.0,0.0,0.0,979.0997515125264
2024-01-13 12:00:00,1739.0259679575845,257.07977315643035,1481.9461948011542,0.0,0.0,0.0,0.0,False,NORMAL,0.7,IDLE,0.0,0.0,0.0,0.0,1481.9461948011542
2024-01-13 12:15:00,1785.6882759650605,715.7334118694055,1069.954864095655,0.0,0.0,0.0,0.0,False,NORMAL,0.7,IDLE,0.0,0.0,0.0,0.0,1069.954864095655
2024-01-13 12:30:00,1782.7521480880002,722.9363169433518,1059.8158311446484,0.0,0.0,0.0,0.0,False,NORMAL,0.7,IDLE,0.0,0.0,0.0,0.0,1059.8158311446484
2024-01-13 12:45:00,1828.8163034218817,698.0221445299773,1130.7941588919043,0.0,0.0,0.0,0.0,False,NORMAL,0.7,IDLE,0.0,0.0,0.0,0.0,1130.7941588919043
2024-01-13 13:00:00,1756.0009095285573,738.7508167203719,1017.2500928081854,0.0,0.0,0.0,0.0,False,NORMAL,0.7,IDLE,0.0,0.0,0.0,0.0,1017.2500928081854
2024-01-13 13:15:00,1707.8025287361224,709.0959649690707,998.7065637670518,0.0,0.0,0.0,0.0,False,NORMAL,0.7,IDLE,0.0,0.0,0.0,0.0,998.7065637670518
2024-01-13 13:30:00,1779.9302387743214,701.1245662231456,1078.8056725511758,0.0,0.0,0.0,0.0,False,NORMAL,0.7,IDLE,0.0,0.0,0.0,0.0,1078.8056725511758
2024-01-13 13:45:00,1828.1629034577563,679.4670595645689,1148.6958438931874,0.0,0.0,0.0,0.0,False,NORMAL,0.7,IDLE,0.0,0.0,0.0,0.0,1148.6958438931874
2024-01-13 14:00:00,1743.2673883226944,621.5777035841453,1121.6896847385492,0.0,0.0,0.0,0.0,False,NORMAL,0.7,IDLE,0.0,0.0,0.0,0.0,1121.6896847385492
2024-01-13 14:15:00,1800.1133446499896,582.8743037799361,1217.2390408700535,0.0,0.0,0.0,0.0,False,NORMAL,0.7,IDLE,0.0,0.0,0.0,0.0,1217.2390408700535
2024-01-13 14:30:00,1812.6668267455075,566.4609843689603,1246.205842376547,0.0,0.0,0.0,0.0,False,NORMAL,0.7,IDLE,0.0,0.0,0.0,0.0,1246.205842376547
2024-01-13 14:45:00,1706.6208396639697,518.1928911300098,1188.4279485339598,0.0,0.0,0.0,0.0,False,NORMAL,0.7,IDLE,0.0,0.0,0.0,0.0,1188.4279485339598
2024-01-13 15:00:00,1766.6872646231595,497.0403125061676,1269.646952116992,0.0,0.0,0.0,0.0,False,NORMAL,0.7,IDLE,0.0,0.0,0.0,0.0,1269.646952116992
2024-01-13 15:15:00,1797.359767500733,470.59333602745534,1326.7664314732776,0.0,0.0,0.0,0.0,False,NORMAL,0.7,IDLE,0.0,0.0,0.0,0.0,1326.7664314732776
2024-01-13 15:30:00,1740.8095950686034,412.0845745605701,1328.7250205080331,0.0,0.0,0.0,0.0,False,NORMAL,0.7,IDLE,0.0,0.0,0.0,0.0,1328.7250205080331
2024-01-13 15:45:00,1729.5985599560213,373.8264625665897,1355.7720973894316,0.0,0.0,0.0,0.0,False,NORMAL,0.7,IDLE,0.0,0.0,0.0,0.0,1355.7720973894316
2024-01-13 16:00:00,1753.9028448989839,328.6102923536811,1425.292552545303,0.0,0.0,0.0,0.0,False,NORMAL,0.7,IDLE,0.0,0.0,0.0,0.0,1425.292552545303
2024-01-13 16:15:00,1808.6380280789288,293.7303737721327,1514.907654306796,0.0,0.0,0.0,0.0,False,NORMAL,0.7,IDLE,0.0,0.0,0.0,0.0,1514.907654306796
2024-01-13 16:30:00,1917.5462234704655,117.86064627914145,1799.685577191324,0.0,0.0,0.0,0.0,False,WATCH,0.7,IDLE,0.0,0.0,0.0,0.0,1799.685577191324
2024-01-13 16:45:00,1968.3239069322922,189.7801589660447,1778.5437479662476,0.0,0.0,0.0,0.0,False,WATCH,0.7,IDLE,0.0,0.0,0.0,0.0,1778.5437479662476
2024-01-13 17:00:00,2106.9175194536174,69.97728095423949,2036.940238499378,0.0,0.0,0.0,0.0,False,WARNING,0.7,IDLE,0.0,0.0,0.0,0.0,2036.940238499378
2024-01-13 17:15:00,2200.3533782449304,45.27842879816327,2155.0749494467673,0.0,0.0,0.0,0.0,False,WARNING,0.7,IDLE,0.0,0.0,0.0,0.0,2155.0749494467673
2024-01-13 17:30:00,2287.3587628376054,91.90558114884625,2195.4531816887593,0.0,0.0,0.0,0.0,False,WARNING,0.7,IDLE,0.0,0.0,0.0,0.0,2195.4531816887593
2024-01-13 17:45:00,2318.9220093135846,58.17606932215916,2260.7459399914255,0.0,0.0,0.0,0.0,False,WARNING,0.7,IDLE,0.0,0.0,0.0,0.0,2260.7459399914255
2024-01-13 18:00:00,2403.6820804512317,31.342339287978337,2372.3397411632536,0.0,0.0,0.0,0.0,True,CRITICAL,0.7,IDLE,0.0,0.0,0.0,72.33974116325362,2372.3397411632536
2024-01-13 18:15:00,2479.0991123624603,11.676537464879276,2467.422574897581,0.0,0.0,0.0,0.0,True,CRITICAL,0.7,IDLE,0.0,0.0,0.0,167.42257489758094,2467.422574897581
2024-01-13 18:30:00,2466.2218764688837,3.5187486566395234e-22,2466.2218764688837,0.0,0.0,0.0,0.0,True,CRITICAL,0.7,IDLE,0.0,0.0,0.0,166.2218764688837,2466.2218764688837
2024-01-13 18:45:00,2603.1255358162157,0.0,2603.1255358162157,0.0,0.0,0.0,0.0,True,CRITICAL,0.7,IDLE,0.0,0.0,0.0,303.1255358162157,2603.1255358162157
2024-01-13 19:00:00,2282.1313601813426,0.0,2282.1313601813426,0.0,0.0,0.0,0.0,False,WARNING,0.7,IDLE,0.0,0.0,0.0,0.0,2282.1313601813426
2024-01-13 19:15:00,2234.393361979006,0.0,2234.393361979006,0.0,0.0,0.0,0.0,False,WARNING,0.7,IDLE,0.0,0.0,0.0,0.0,2234.393361979006
2024-01-13 19:30:00,2347.248104442296,0.0,2347.248104442296,0.0,0.0,0.0,0.0,True,CRITICAL,0.7,IDLE,0.0,0.0,0.0,47.24810444229615,2347.248104442296
2024-01-13 19:45:00,2311.355064192404,0.0,2311.355064192404,0.0,0.0,0.0,0.0,True,CRITICAL,0.7,IDLE,0.0,0.0,0.0,11.355064192403916,2311.355064192404
2024-01-13 20:00:00,2297.541387637219,0.0,2297.541387637219,0.0,0.0,0.0,0.0,False,WARNING,0.7,IDLE,0.0,0.0,0.0,0.0,2297.541387637219
2024-01-13 20:15:00,2281.673223405545,0.0,2281.673223405545,0.0,0.0,0.0,0.0,False,WARNING,0.7,IDLE,0.0,0.0,0.0,0.0,2281.673223405545
2024-01-13 20:30:00,2302.3390076576043,0.0,2302.3390076576043,0.0,0.0,0.0,0.0,True,CRITICAL,0.7,IDLE,0.0,0.0,0.0,2.33900765760427,2302.3390076576043
2024-01-13 20:45:00,2230.5069946936233,0.0,2230.5069946936233,0.0,0.0,0.0,0.0,False,WARNING,0.7,IDLE,0.0,0.0,0.0,0.0,2230.5069946936233
2024-01-13 21:00:00,2191.7720804985865,0.0,2191.7720804985865,0.0,0.0,0.0,0.0,False,WARNING,0.7,IDLE,0.0,0.0,0.0,0.0,2191.7720804985865
2024-01-13 21:15:00,2090.4061452942115,0.0,2090.4061452942115,0.0,0.0,0.0,0.0,False,WARNING,0.7,IDLE,0.0,0.0,0.0,0.0,2090.4061452942115
2024-01-13 21:30:00,2030.1778195922855,0.0,2030.1778195922855,0.0,0.0,0.0,0.0,False,WARNING,0.7,IDLE,0.0,0.0,0.0,0.0,2030.1778195922855
2024-01-13 21:45:00,1803.2887943401452,0.0,1803.2887943401452,0.0,0.0,0.0,0.0,False,WATCH,0.7,IDLE,0.0,0.0,0.0,0.0,1803.2887943401452
2024-01-13 22:00:00,1730.2999671962925,0.0,1730.2999671962925,0.0,0.0,0.0,0.0,False,WATCH,0.7,IDLE,0.0,0.0,0.0,0.0,1730.2999671962925
2024-01-13 22:15:00,1531.1304454397186,0.0,1531.1304454397186,0.0,0.0,0.0,0.0,False,NORMAL,0.7,IDLE,0.0,0.0,0.0,0.0,1531.1304454397186
2024-01-13 22:30:00,1376.8822323040933,0.0,1376.8822323040933,0.0,0.0,0.0,0.0,False,NORMAL,0.7,IDLE,0.0,0.0,0.0,0.0,1376.8822323040933
2024-01-13 22:45:00,1310.4997845226283,0.0,1310.4997845226283,0.0,0.0,0.0,0.0,False,NORMAL,0.7,IDLE,0.0,0.0,0.0,0.0,1310.4997845226283
2024-01-13 23:00:00,1132.6071359362027,0.0,1132.6071359362027,0.0,0.0,0.0,0.0,False,NORMAL,0.7,IDLE,0.0,0.0,0.0,0.0,1132.6071359362027
2024-01-13 23:15:00,1096.183838887453,0.0,1096.183838887453,0.0,0.0,0.0,0.0,False,NORMAL,0.7,IDLE,0.0,0.0,0.0,0.0,1096.183838887453
2024-01-13 23:30:00,992.7071300839543,0.0,992.7071300839543,0.0,0.0,0.0,0.0,False,NORMAL,0.7,IDLE,0.0,0.0,0.0,0.0,992.7071300839543
2024-01-13 23:45:00,950.3078641896416,0.0,950.3078641896416,0.0,0.0,0.0,0.0,False,NORMAL,0.7,IDLE,0.0,0.0,0.0,0.0,950.3078641896416
2024-01-14 00:00:00,832.2691263145853,0.0,832.2691263145853,0.0,0.0,0.0,0.0,False,NORMAL,0.7,IDLE,0.0,0.0,0.0,0.0,832.2691263145853
2024-01-14 00:15:00,778.1073329574042,0.0,778.1073329574042,0.0,0.0,0.0,0.0,False,NORMAL,0.7,IDLE,0.0,0.0,0.0,0.0,778.1073329574042
2024-01-14 00:30:00,833.8247396176356,0.0,833.8247396176356,0.0,0.0,0.0,0.0,False,NORMAL,0.7,IDLE,0.0,0.0,0.0,0.0,833.8247396176356
2024-01-14 00:45:00,763.5442797365906,0.0,763.5442797365906,0.0,0.0,0.0,0.0,False,NORMAL,0.7,IDLE,0.0,0.0,0.0,0.0,763.5442797365906
2024-01-14 01:00:00,742.5407281548418,0.0,742.5407281548418,0.0,0.0,0.0,0.0,False,NORMAL,0.7,IDLE,0.0,0.0,0.0,0.0,742.5407281548418
2024-01-14 01:15:00,749.223223107598,0.0,749.223223107598,0.0,0.0,0.0,0.0,False,NORMAL,0.7,IDLE,0.0,0.0,0.0,0.0,749.223223107598
2024-01-14 01:30:00,776.7115229991391,0.0,776.7115229991391,0.0,0.0,0.0,0.0,False,NORMAL,0.7,IDLE,0.0,0.0,0.0,0.0,776.7115229991391
2024-01-14 01:45:00,762.8074000871902,0.0,762.8074000871902,0.0,0.0,0.0,0.0,False,NORMAL,0.7,IDLE,0.0,0.0,0.0,0.0,762.8074000871902
2024-01-14 02:00:00,789.090400884773,0.0,789.090400884773,0.0,0.0,0.0,0.0,False,NORMAL,0.7,IDLE,0.0,0.0,0.0,0.0,789.090400884773
2024-01-14 02:15:00,758.990946463171,0.0,758.990946463171,0.0,0.0,0.0,0.0,False,NORMAL,0.7,IDLE,0.0,0.0,0.0,0.0,758.990946463171
2024-01-14 02:30:00,741.134328203517,0.0,741.134328203517,0.0,0.0,0.0,0.0,False,NORMAL,0.7,IDLE,0.0,0.0,0.0,0.0,741.134328203517
2024-01-14 02:45:00,727.072806197714,0.0,727.072806197714,0.0,0.0,0.0,0.0,False,NORMAL,0.7,IDLE,0.0,0.0,0.0,0.0,727.072806197714
2024-01-14 03:00:00,701.4801891674468,0.0,701.4801891674468,0.0,0.0,0.0,0.0,False,NORMAL,0.7,IDLE,0.0,0.0,0.0,0.0,701.4801891674468
2024-01-14 03:15:00,777.8529284023525,0.0,777.8529284023525,0.0,0.0,0.0,0.0,False,NORMAL,0.7,IDLE,0.0,0.0,0.0,0.0,777.8529284023525
2024-01-14 03:30:00,730.5793366243998,0.0,730.5793366243998,0.0,0.0,0.0,0.0,False,NORMAL,0.7,IDLE,0.0,0.0,0.0,0.0,730.5793366243998
2024-01-14 03:45:00,675.2475334279687,0.0,675.2475334279687,0.0,0.0,0.0,0.0,False,NORMAL,0.7,IDLE,0.0,0.0,0.0,0.0,675.2475334279687
2024-01-14 04:00:00,766.6406955095746,0.0,766.6406955095746,0.0,0.0,0.0,0.0,False,NORMAL,0.7,IDLE,0.0,0.0,0.0,0.0,766.6406955095746
2024-01-14 04:15:00,848.3042758412751,0.0,848.3042758412751,0.0,0.0,0.0,0.0,False,NORMAL,0.7,IDLE,0.0,0.0,0.0,0.0,848.3042758412751
2024-01-14 04:30:00,768.2381279579317,0.0,768.2381279579317,0.0,0.0,0.0,0.0,False,NORMAL,0.7,IDLE,0.0,0.0,0.0,0.0,768.2381279579317
2024-01-14 04:45:00,783.0598370448379,0.0,783.0598370448379,0.0,0.0,0.0,0.0,False,NORMAL,0.7,IDLE,0.0,0.0,0.0,0.0,783.0598370448379
2024-01-14 05:00:00,766.9632825686442,0.0,766.9632825686442,0.0,0.0,0.0,0.0,False,NORMAL,0.7,IDLE,0.0,0.0,0.0,0.0,766.9632825686442
2024-01-14 05:15:00,839.5798404614344,0.0,839.5798404614344,0.0,0.0,0.0,0.0,False,NORMAL,0.7,IDLE,0.0,0.0,0.0,0.0,839.5798404614344
2024-01-14 05:30:00,966.1353912140839,0.0,966.1353912140839,0.0,0.0,0.0,0.0,False,NORMAL,0.7,IDLE,0.0,0.0,0.0,0.0,966.1353912140839
2024-01-14 05:45:00,1019.565546774973,0.0,1019.565546774973,0.0,0.0,0.0,0.0,False,NORMAL,0.7,IDLE,0.0,0.0,0.0,0.0,1019.565546774973
2024-01-14 06:00:00,1161.886810360998,3.776787304331874e-22,1161.886810360998,0.0,0.0,0.0,0.0,False,NORMAL,0.7,IDLE,0.0,0.0,0.0,0.0,1161.886810360998
2024-01-14 06:15:00,1224.9756070939811,11.962669869975414,1213.0129372240058,0.0,0.0,0.0,0.0,False,NORMAL,0.7,IDLE,0.0,0.0,0.0,0.0,1213.0129372240058
2024-01-14 06:30:00,1309.067516911409,34.131757299055494,1274.9357596123536,0.0,0.0,0.0,0.0,False,NORMAL,0.7,IDLE,0.0,0.0,0.0,0.0,1274.9357596123536
2024-01-14 06:45:00,1445.408929845917,63.36944169956735,1382.0394881463496,0.0,0.0,0.0,0.0,False,NORMAL,0.7,IDLE,0.0,0.0,0.0,0.0,1382.0394881463496
2024-01-14 07:00:00,1491.8255774488316,94.95082040304574,1396.8747570457858,0.0,0.0,0.0,0.0,False,NORMAL,0.7,IDLE,0.0,0.0,0.0,0.0,1396.8747570457858
2024-01-14 07:15:00,1517.012804744246,133.29925647471399,1383.713548269532,0.0,0.0,0.0,0.0,False,NORMAL,0.7,IDLE,0.0,0.0,0.0,0.0,1383.713548269532
2024-01-14 07:30:00,1595.0455623949906,175.11988501616065,1419.92567737883,0.0,0.0,0.0,0.0,False,NORMAL,0.7,IDLE,0.0,0.0,0.0,0.0,1419.92567737883
2024-01-14 07:45:00,1581.7646074741492,112.79700074410779,1468.9676067300413,0.0,0.0,0.0,0.0,False,NORMAL,0.7,IDLE,0.0,0.0,0.0,0.0,1468.9676067300413
2024-01-14 08:00:00,1676.2479340371813,270.96722325189563,1405.2807107852857,0.0,0.0,0.0,0.0,False,NORMAL,0.7,IDLE,0.0,0.0,0.0,0.0,1405.2807107852857
2024-01-14 08:15:00,1656.0509386633887,304.74455928850267,1351.306379374886,0.0,0.0,0.0,0.0,False,NORMAL,0.7,IDLE,0.0,0.0,0.0,0.0,1351.306379374886
2024-01-14 08:30:00,1731.3145181060097,241.91133137048803,1489.4031867355216,0.0,0.0,0.0,0.0,False,NORMAL,0.7,IDLE,0.0,0.0,0.0,0.0,1489.4031867355216
2024-01-14 08:45:00,1702.0083380143392,412.2749294402226,1289.7334085741165,0.0,0.0,0.0,0.0,False,NORMAL,0.7,IDLE,0.0,0.0,0.0,0.0,1289.7334085741165
2024-01-14 09:00:00,1278.193558324193,453.01013338899025,825.1834249352028,0.0,0.0,0.0,0.0,False,NORMAL,0.7,IDLE,0.0,0.0,0.0,0.0,825.1834249352028
2024-01-14 09:15:00,1284.7501504801153,175.79272106833005,1108.9574294117851,0.0,0.0,0.0,0.0,False,NORMAL,0.7,IDLE,0.0,0.0,0.0,0.0,1108.9574294117851
2024-01-14 09:30:00,1312.8185085442533,538.0126378734557,774.8058706707976,0.0,0.0,0.0,0.0,False,NORMAL,0.7,IDLE,0.0,0.0,0.0,0.0,774.8058706707976
2024-01-14 09:45:00,1260.3309683265825,430.7219462714875,829.609022055095,0.0,0.0,0.0,0.0,False,NORMAL,0.7,IDLE,0.0,0.0,0.0,0.0,829.609022055095
2024-01-14 10:00:00,1388.4097140349322,633.7343455214293,754.6753685135029,0.0,0.0,0.0,0.0,False,NORMAL,0.7,IDLE,0.0,0.0,0.0,0.0,754.6753685135029
2024-01-14 10:15:00,1374.4613963429367,672.2364460855882,702.2249502573485,0.0,0.0,0.0,0.0,False,NORMAL,0.7,IDLE,0.0,0.0,0.0,0.0,702.2249502573485
2024-01-14 10:30:00,1399.1561922389017,679.0015911117722,720.1546011271295,0.0,0.0,0.0,0.0,False,NORMAL,0.7,IDLE,0.0,0.0,0.0,0.0,720.1546011271295
2024-01-14 10:45:00,1400.7185218278541,718.1632908483232,682.555230979531,0.0,0.0,0.0,0.0,False,NORMAL,0.7,IDLE,0.0,0.0,0.0,0.0,682.555230979531
2024-01-14 11:00:00,1358.512434161361,760.2476330562735,598.2648011050875,0.0,0.0,0.0,0.0,False,NORMAL,0.7,IDLE,0.0,0.0,0.0,0.0,598.2648011050875
2024-01-14 11:15:00,1412.417263343605,737.0321108981872,675.3851524454179,0.0,0.0,0.0,0.0,False,NORMAL,0.7,IDLE,0.0,0.0,0.0,0.0,675.3851524454179
2024-01-14 11:30:00,1420.6205229036507,759.7549507032047,660.865572200446,0.0,0.0,0.0,0.0,False,NORMAL,0.7,IDLE,0.0,0.0,0.0,0.0,660.865572200446
2024-01-14 11:45:00,1426.8536549896744,778.9974509379156,647.8562040517588,0.0,0.0,0.0,0.0,False,NORMAL,0.7,IDLE,0.0,0.0,0.0,0.0,647.8562040517588
2024-01-14 12:00:00,1390.3824862762426,806.794505215646,583.5879810605966,0.0,0.0,0.0,0.0,False,NORMAL,0.7,IDLE,0.0,0.0,0.0,0.0,583.5879810605966
2024-01-14 12:15:00,1409.9491272105715,809.5565660671759,600.3925611433956,0.0,0.0,0.0,0.0,False,NORMAL,0.7,IDLE,0.0,0.0,0.0,0.0,600.3925611433956
2024-01-14 12:30:00,1413.278821415559,780.1519957990774,633.1268256164815,0.0,0.0,0.0,0.0,False,NORMAL,0.7,IDLE,0.0,0.0,0.0,0.0,633.1268256164815
2024-01-14 12:45:00,1320.8330885564494,743.383721528281,577.4493670281685,0.0,0.0,0.0,0.0,False,NORMAL,0.7,IDLE,0.0,0.0,0.0,0.0,577.4493670281685
2024-01-14 13:00:00,1389.4634583000543,772.7478126335744,616.7156456664799,0.0,0.0,0.0,0.0,False,NORMAL,0.7,IDLE,0.0,0.0,0.0,0.0,616.7156456664799
2024-01-14 13:15:00,1353.717221030075,730.3940101411338,623.3232108889413,0.0,0.0,0.0,0.0,False,NORMAL,0.7,IDLE,0.0,0.0,0.0,0.0,623.3232108889413
2024-01-14 13:30:00,1362.295630534316,698.1270347070251,664.1685958272908,0.0,0.0,0.0,0.0,False,NORMAL,0.7,IDLE,0.0,0.0,0.0,0.0,664.1685958272908
2024-01-14 13:45:00,1425.2807648397375,679.6183303284354,745.6624345113021,0.0,0.0,0.0,0.0,False,NORMAL,0.7,IDLE,0.0,0.0,0.0,0.0,745.6624345113021
2024-01-14 14:00:00,1454.9454243084901,404.69807502246135,1050.2473492860288,0.0,0.0,0.0,0.0,False,NORMAL,0.7,IDLE,0.0,0.0,0.0,0.0,1050.2473492860288
2024-01-14 14:15:00,1460.4671235773003,466.2492869711583,994.217836606142,0.0,0.0,0.0,0.0,False,NORMAL,0.7,IDLE,0.0,0.0,0.0,0.0,994.217836606142
2024-01-14 14:30:00,1402.762068219949,612.0085720349609,790.7534961849881,0.0,0.0,0.0,0.0,False,NORMAL,0.7,IDLE,0.0,0.0,0.0,0.0,790.7534961849881
2024-01-14 14:45:00,1447.8109018335872,576.9871418184817,870.8237600151054,0.0,0.0,0.0,0.0,False,NORMAL,0.7,IDLE,0.0,0.0,0.0,0.0,870.8237600151054
2024-01-14 15:00:00,1424.0432376059591,551.8220729309805,872.2211646749786,0.0,0.0,0.0,0.0,False,NORMAL,0.7,IDLE,0.0,0.0,0.0,0.0,872.2211646749786
2024-01-14 15:15:00,1393.305552066884,467.6748732697087,925.6306787971753,0.0,0.0,0.0,0.0,False,NORMAL,0.7,IDLE,0.0,0.0,0.0,0.0,925.6306787971753
2024-01-14 15:30:00,1440.9894873243693,453.22544456054794,987.7640427638214,0.0,0.0,0.0,0.0,False,NORMAL,0.7,IDLE,0.0,0.0,0.0,0.0,987.7640427638214
2024-01-14 15:45:00,1395.7867651135753,400.84447224131003,994.9422928722652,0.0,0.0,0.0,0.0,False,NORMAL,0.7,IDLE,0.0,0.0,0.0,0.0,994.9422928722652
2024-01-14 16:00:00,1396.1414127463718,361.0983436181213,1035.0430691282504,0.0,0.0,0.0,0.0,False,NORMAL,0.7,IDLE,0.0,0.0,0.0,0.0,1035.0430691282504
2024-01-14 16:15:00,1459.0195429303894,304.56191830562716,1154.4576246247623,0.0,0.0,0.0,0.0,False,NORMAL,0.7,IDLE,0.0,0.0,0.0,0.0,1154.4576246247623
2024-01-14 16:30:00,1538.782854249992,144.39492773301495,1394.387926516977,0.0,0.0,0.0,0.0,False,NORMAL,0.7,IDLE,0.0,0.0,0.0,0.0,1394.387926516977
2024-01-14 16:45:00,1653.5894323269267,219.83049727828492,1433.758935048642,0.0,0.0,0.0,0.0,False,NORMAL,0.7,IDLE,0.0,0.0,0.0,0.0,1433.758935048642
2024-01-14 17:00:00,1735.8405709839851,184.6923470652784,1551.1482239187067,0.0,0.0,0.0,0.0,False,NORMAL,0.7,IDLE,0.0,0.0,0.0,0.0,1551.1482239187067
2024-01-14 17:15:00,1849.3225441003144,138.8455995517403,1710.476944548574,0.0,0.0,0.0,0.0,False,NORMAL,0.7,IDLE,0.0,0.0,0.0,0.0,1710.476944548574
2024-01-14 17:30:00,1893.6898662763874,96.22899994920127,1797.460866327186,0.0,0.0,0.0,0.0,False,WATCH,0.7,IDLE,0.0,0.0,0.0,0.0,1797.460866327186
2024-01-14 17:45:00,1880.873047871013,61.33964987614623,1819.5333979948666,0.0,0.0,0.0,0.0,False,WATCH,0.7,IDLE,0.0,0.0,0.0,0.0,1819.5333979948666
2024-01-14 18:00:00,1900.8903821864253,33.19678517417498,1867.6935970122504,0.0,0.0,0.0,0.0,False,WATCH,0.7,IDLE,0.0,0.0,0.0,0.0,1867.6935970122504
2024-01-14 18:15:00,2063.552325277529,12.886732659995385,2050.6655926175335,0.0,0.0,0.0,0.0,False,WARNING,0.7,IDLE,0.0,0.0,0.0,0.0,2050.6655926175335
2024-01-14 18:30:00,2017.8439682927399,3.6671632601118613e-22,2017.8439682927399,0.0,0.0,0.0,0.0,False,WARNING,0.7,IDLE,0.0,0.0,0.0,0.0,2017.8439682927399
2024-01-14 18:45:00,2127.562473431841,0.0,2127.562473431841,0.0,0.0,0.0,0.0,False,WARNING,0.7,IDLE,0.0,0.0,0.0,0.0,2127.562473431841
2024-01-14 19:00:00,2038.4370322244747,0.0,2038.4370322244747,0.0,0.0,0.0,0.0,False,WARNING,0.7,IDLE,0.0,0.0,0.0,0.0,2038.4370322244747
2024-01-14 19:15:00,2090.810770942477,0.0,2090.810770942477,0.0,0.0,0.0,0.0,False,WARNING,0.7,IDLE,0.0,0.0,0.0,0.0,2090.810770942477
2024-01-14 19:30:00,2167.311304265041,0.0,2167.311304265041,0.0,0.0,0.0,0.0,False,WARNING,0.7,IDLE,0.0,0.0,0.0,0.0,2167.311304265041
2024-01-14 19:45:00,2174.010129940126,0.0,2174.010129940126,0.0,0.0,0.0,0.0,False,WARNING,0.7,IDLE,0.0,0.0,0.0,0.0,2174.010129940126
2024-01-14 20:00:00,1967.8616038888053,0.0,1967.8616038888053,0.0,0.0,0.0,0.0,False,WARNING,0.7,IDLE,0.0,0.0,0.0,0.0,1967.8616038888053
2024-01-14 20:15:00,1879.705647430747,0.0,1879.705647430747,0.0,0.0,0.0,0.0,False,WATCH,0.7,IDLE,0.0,0.0,0.0,0.0,1879.705647430747
2024-01-14 20:30:00,1976.7926434871122,0.0,1976.7926434871122,0.0,0.0,0.0,0.0,False,WARNING,0.7,IDLE,0.0,0.0,0.0,0.0,1976.7926434871122
2024-01-14 20:45:00,1932.1535275942945,0.0,1932.1535275942945,0.0,0.0,0.0,0.0,False,WATCH,0.7,IDLE,0.0,0.0,0.0,0.0,1932.1535275942945
2024-01-14 21:00:00,1847.4026252118751,0.0,1847.4026252118751,0.0,0.0,0.0,0.0,False,WATCH,0.7,IDLE,0.0,0.0,0.0,0.0,1847.4026252118751
2024-01-14 21:15:00,1843.2601122958527,0.0,1843.2601122958527,0.0,0.0,0.0,0.0,False,WATCH,0.7,IDLE,0.0,0.0,0.0,0.0,1843.2601122958527
2024-01-14 21:30:00,1730.2020362653489,0.0,1730.2020362653489,0.0,0.0,0.0,0.0,False,WATCH,0.7,IDLE,0.0,0.0,0.0,0.0,1730.2020362653489
2024-01-14 21:45:00,1645.4201969427356,0.0,1645.4201969427356,0.0,0.0,0.0,0.0,False,NORMAL,0.7,IDLE,0.0,0.0,0.0,0.0,1645.4201969427356
2024-01-14 22:00:00,1478.2787357844727,0.0,1478.2787357844727,0.0,0.0,0.0,0.0,False,NORMAL,0.7,IDLE,0.0,0.0,0.0,0.0,1478.2787357844727
2024-01-14 22:15:00,1327.0838427317924,0.0,1327.0838427317924,0.0,0.0,0.0,0.0,False,NORMAL,0.7,IDLE,0.0,0.0,0.0,0.0,1327.0838427317924
2024-01-14 22:30:00,1265.6410366642563,0.0,1265.6410366642563,0.0,0.0,0.0,0.0,False,NORMAL,0.7,IDLE,0.0,0.0,0.0,0.0,1265.6410366642563
2024-01-14 22:45:00,1035.338627178285,0.0,1035.338627178285,0.0,0.0,0.0,0.0,False,NORMAL,0.7,IDLE,0.0,0.0,0.0,0.0,1035.338627178285
2024-01-14 23:00:00,943.3246551151149,0.0,943.3246551151149,0.0,0.0,0.0,0.0,False,NORMAL,0.7,IDLE,0.0,0.0,0.0,0.0,943.3246551151149
2024-01-14 23:15:00,907.0077543851028,0.0,907.0077543851028,0.0,0.0,0.0,0.0,False,NORMAL,0.7,IDLE,0.0,0.0,0.0,0.0,907.0077543851028
2024-01-14 23:30:00,858.4817427387804,0.0,858.4817427387804,0.0,0.0,0.0,0.0,False,NORMAL,0.7,IDLE,0.0,0.0,0.0,0.0,858.4817427387804
2024-01-14 23:45:00,808.4118459744848,0.0,808.4118459744848,0.0,0.0,0.0,0.0,False,NORMAL,0.7,IDLE,0.0,0.0,0.0,0.0,808.4118459744848
2024-01-15 00:00:00,760.8942111672975,0.0,760.8942111672975,0.0,0.0,0.0,0.0,False,NORMAL,0.7,IDLE,0.0,0.0,0.0,0.0,760.8942111672975
2024-01-15 00:15:00,810.289785437802,0.0,810.289785437802,0.0,0.0,0.0,0.0,False,NORMAL,0.7,IDLE,0.0,0.0,0.0,0.0,810.289785437802
2024-01-15 00:30:00,716.4329346118615,0.0,716.4329346118615,0.0,0.0,0.0,0.0,False,NORMAL,0.7,IDLE,0.0,0.0,0.0,0.0,716.4329346118615
2024-01-15 00:45:00,687.1784304551048,0.0,687.1784304551048,0.0,0.0,0.0,0.0,False,NORMAL,0.7,IDLE,0.0,0.0,0.0,0.0,687.1784304551048
2024-01-15 01:00:00,800.872806468962,0.0,800.872806468962,0.0,0.0,0.0,0.0,False,NORMAL,0.7,IDLE,0.0,0.0,0.0,0.0,800.872806468962
2024-01-15 01:15:00,764.5003675960122,0.0,764.5003675960122,0.0,0.0,0.0,0.0,False,NORMAL,0.7,IDLE,0.0,0.0,0.0,0.0,764.5003675960122
2024-01-15 01:30:00,714.6189498987511,0.0,714.6189498987511,0.0,0.0,0.0,0.0,False,NORMAL,0.7,IDLE,0.0,0.0,0.0,0.0,714.6189498987511
2024-01-15 01:45:00,800.2619256550686,0.0,800.2619256550686,0.0,0.0,0.0,0.0,False,NORMAL,0.7,IDLE,0.0,0.0,0.0,0.0,800.2619256550686
2024-01-15 02:00:00,727.4914384100078,0.0,727.4914384100078,0.0,0.0,0.0,0.0,False,NORMAL,0.7,IDLE,0.0,0.0,0.0,0.0,727.4914384100078
2024-01-15 02:15:00,813.5863274936619,0.0,813.5863274936619,0.0,0.0,0.0,0.0,False,NORMAL,0.7,IDLE,0.0,0.0,0.0,0.0,813.5863274936619
2024-01-15 02:30:00,759.3874368580664,0.0,759.3874368580664,0.0,0.0,0.0,0.0,False,NORMAL,0.7,IDLE,0.0,0.0,0.0,0.0,759.3874368580664
2024-01-15 02:45:00,737.116552471085,0.0,737.116552471085,0.0,0.0,0.0,0.0,False,NORMAL,0.7,IDLE,0.0,0.0,0.0,0.0,737.116552471085
2024-01-15 03:00:00,833.9653095080838,0.0,833.9653095080838,0.0,0.0,0.0,0.0,False,NORMAL,0.7,IDLE,0.0,0.0,0.0,0.0,833.9653095080838
2024-01-15 03:15:00,714.5116167344672,0.0,714.5116167344672,0.0,0.0,0.0,0.0,False,NORMAL,0.7,IDLE,0.0,0.0,0.0,0.0,714.5116167344672
2024-01-15 03:30:00,779.5155108802201,0.0,779.5155108802201,0.0,0.0,0.0,0.0,False,NORMAL,0.7,IDLE,0.0,0.0,0.0,0.0,779.5155108802201
2024-01-15 03:45:00,773.7241090313023,0.0,773.7241090313023,0.0,0.0,0.0,0.0,False,NORMAL,0.7,IDLE,0.0,0.0,0.0,0.0,773.7241090313023
2024-01-15 04:00:00,804.8945460634078,0.0,804.8945460634078,0.0,0.0,0.0,0.0,False,NORMAL,0.7,IDLE,0.0,0.0,0.0,0.0,804.8945460634078
2024-01-15 04:15:00,754.4922414888714,0.0,754.4922414888714,0.0,0.0,0.0,0.0,False,NORMAL,0.7,IDLE,0.0,0.0,0.0,0.0,754.4922414888714
2024-01-15 04:30:00,752.0070628290939,0.0,752.0070628290939,0.0,0.0,0.0,0.0,False,NORMAL,0.7,IDLE,0.0,0.0,0.0,0.0,752.0070628290939
2024-01-15 04:45:00,734.0451261689773,0.0,734.0451261689773,0.0,0.0,0.0,0.0,False,NORMAL,0.7,IDLE,0.0,0.0,0.0,0.0,734.0451261689773
2024-01-15 05:00:00,772.741614208348,0.0,772.741614208348,0.0,0.0,0.0,0.0,False,NORMAL,0.7,IDLE,0.0,0.0,0.0,0.0,772.741614208348
2024-01-15 05:15:00,817.0553735589643,0.0,817.0553735589643,0.0,0.0,0.0,0.0,False,NORMAL,0.7,IDLE,0.0,0.0,0.0,0.0,817.0553735589643
2024-01-15 05:30:00,965.7578540755114,0.0,965.7578540755114,0.0,0.0,0.0,0.0,False,NORMAL,0.7,IDLE,0.0,0.0,0.0,0.0,965.7578540755114
2024-01-15 05:45:00,1007.9604177618608,0.0,1007.9604177618608,0.0,0.0,0.0,0.0,False,NORMAL,0.7,IDLE,0.0,0.0,0.0,0.0,1007.9604177618608
2024-01-15 06:00:00,1056.0056268158203,3.3291660603246396e-22,1056.0056268158203,0.0,0.0,0.0,0.0,False,NORMAL,0.7,IDLE,0.0,0.0,0.0,0.0,1056.0056268158203
2024-01-15 06:15:00,1183.9632830666276,12.415310891477542,1171.54797217515,0.0,0.0,0.0,0.0,False,NORMAL,0.7,IDLE,0.0,0.0,0.0,0.0,1171.54797217515
2024-01-15 06:30:00,1256.7410581271495,32.36847011759727,1224.3725880095521,0.0,0.0,0.0,0.0,False,NORMAL,0.7,IDLE,0.0,0.0,0.0,0.0,1224.3725880095521
2024-01-15 06:45:00,1346.9280906938861,58.52482080563233,1288.4032698882538,0.0,0.0,0.0,0.0,False,NORMAL,0.7,IDLE,0.0,0.0,0.0,0.0,1288.4032698882538
2024-01-15 07:00:00,1529.0972240916622,91.35569134190088,1437.7415327497613,0.0,0.0,0.0,0.0,False,NORMAL,0.7,IDLE,0.0,0.0,0.0,0.0,1437.7415327497613
2024-01-15 07:15:00,1568.1177770135548,133.29737799157547,1434.8203990219793,0.0,0.0,0.0,0.0,False,NORMAL,0.7,IDLE,0.0,0.0,0.0,0.0,1434.8203990219793
2024-01-15 07:30:00,1673.9963686135998,91.80721736340617,1582.1891512501936,0.0,0.0,0.0,0.0,False,NORMAL,0.7,IDLE,0.0,0.0,0.0,0.0,1582.1891512501936
2024-01-15 07:45:00,1766.0217405100038,207.01123603973136,1559.0105044702725,0.0,0.0,0.0,0.0,False,NORMAL,0.7,IDLE,0.0,0.0,0.0,0.0,1559.0105044702725
2024-01-15 08:00:00,1917.494654950293,255.64470167571042,1661.8499532745825,0.0,0.0,0.0,0.0,False,NORMAL,0.7,IDLE,0.0,0.0,0.0,0.0,1661.8499532745825
2024-01-15 08:15:00,1958.8342220141858,291.531460351662,1667.3027616625238,0.0,0.0,0.0,0.0,False,NORMAL,0.7,IDLE,0.0,0.0,0.0,0.0,1667.3027616625238
2024-01-15 08:30:00,2026.502568694536,324.0992734438829,1702.4032952506532,0.0,0.0,0.0,0.0,False,NORMAL,0.7,IDLE,0.0,0.0,0.0,0.0,1702.4032952506532
2024-01-15 08:45:00,2063.6043462304215,306.6539892341723,1756.9503569962492,0.0,0.0,0.0,0.0,False,WATCH,0.7,IDLE,0.0,0.0,0.0,0.0,1756.9503569962492
2024-01-15 09:00:00,1707.116926728442,412.58085340621903,1294.5360733222228,0.0,0.0,0.0,0.0,False,NORMAL,0.7,IDLE,0.0,0.0,0.0,0.0,1294.5360733222228
2024-01-15 09:15:00,1792.9616312570251,483.2908408964738,1309.6707903605513,0.0,0.0,0.0,0.0,False,NORMAL,0.7,IDLE,0.0,0.0,0.0,0.0,1309.6707903605513
2024-01-15 09:30:00,1761.312454955437,521.619321277043,1239.6931336783941,0.0,0.0,0.0,0.0,False,NORMAL,0.7,IDLE,0.0,0.0,0.0,0.0,1239.6931336783941
2024-01-15 09:45:00,1742.4960200435469,550.1107138804522,1192.3853061630948,0.0,0.0,0.0,0.0,False,NORMAL,0.7,IDLE,0.0,0.0,0.0,0.0,1192.3853061630948
2024-01-15 10:00:00,1788.1693116919218,607.5074564359203,1180.6618552560017,0.0,0.0,0.0,0.0,False,NORMAL,0.7,IDLE,0.0,0.0,0.0,0.0,1180.6618552560017
2024-01-15 10:15:00,1752.8525624693223,649.7148602530539,1103.1377022162683,0.0,0.0,0.0,0.0,False,NORMAL,0.7,IDLE,0.0,0.0,0.0,0.0,1103.1377022162683
2024-01-15 10:30:00,1736.5773982331532,201.20918622235857,1535.3682120107947,0.0,0.0,0.0,0.0,False,NORMAL,0.7,IDLE,0.0,0.0,0.0,0.0,1535.3682120107947
2024-01-15 10:45:00,1815.9966837302477,649.3614431609277,1166.63524056932,0.0,0.0,0.0,0.0,False,NORMAL,0.7,IDLE,0.0,0.0,0.0,0.0,1166.63524056932
2024-01-15 11:00:00,1749.4927434263502,649.9812290134461,1099.511514412904,0.0,0.0,0.0,0.0,False,NORMAL,0.7,IDLE,0.0,0.0,0.0,0.0,1099.511514412904
2024-01-15 11:15:00,1756.202699820129,755.2567241899143,1000.9459756302148,0.0,0.0,0.0,0.0,False,NORMAL,0.7,IDLE,0.0,0.0,0.0,0.0,1000.9459756302148
2024-01-15 11:30:00,1741.3102486448743,713.1441979393878,1028.1660507054864,0.0,0.0,0.0,0.0,False,NORMAL,0.7,IDLE,0.0,0.0,0.0,0.0,1028.1660507054864
2024-01-15 11:45:00,1744.219722589565,758.527069430246,985.692653159319,0.0,0.0,0.0,0.0,False,NORMAL,0.7,IDLE,0.0,0.0,0.0,0.0,985.692653159319
2024-01-15 12:00:00,1736.9271128997102,500.4046597664342,1236.522453133276,0.0,0.0,0.0,0.0,False,NORMAL,0.7,IDLE,0.0,0.0,0.0,0.0,1236.522453133276
2024-01-15 12:15:00,1703.263083748665,776.5677830618683,926.6953006867966,0.0,0.0,0.0,0.0,False,NORMAL,0.7,IDLE,0.0,0.0,0.0,0.0,926.6953006867966
2024-01-15 12:30:00,1718.4038836786913,724.5704835306999,993.8334001479914,0.0,0.0,0.0,0.0,False,NORMAL,0.7,IDLE,0.0,0.0,0.0,0.0,993.8334001479914
2024-01-15 12:45:00,1717.5657203473052,707.3233892687402,1010.2423310785649,0.0,0.0,0.0,0.0,False,NORMAL,0.7,IDLE,0.0,0.0,0.0,0.0,1010.2423310785649
2024-01-15 13:00:00,1685.4488003148035,718.1561536053873,967.2926467094162,0.0,0.0,0.0,0.0,False,NORMAL,0.7,IDLE,0.0,0.0,0.0,0.0,967.2926467094162
2024-01-15 13:15:00,1676.8017735299186,696.3175589134273,980.4842146164913,0.0,0.0,0.0,0.0,False,NORMAL,0.7,IDLE,0.0,0.0,0.0,0.0,980.4842146164913
2024-01-15 13:30:00,1652.704593084762,700.8033345917253,951.9012584930368,0.0,0.0,0.0,0.0,False,NORMAL,0.7,IDLE,0.0,0.0,0.0,0.0,951.9012584930368
2024-01-15 13:45:00,1624.5879051164432,664.4831280097789,960.1047771066643,0.0,0.0,0.0,0.0,False,NORMAL,0.7,IDLE,0.0,0.0,0.0,0.0,960.1047771066643
2024-01-15 14:00:00,1808.9383055781034,650.9337644142842,1158.0045411638193,0.0,0.0,0.0,0.0,False,NORMAL,0.7,IDLE,0.0,0.0,0.0,0.0,1158.0045411638193
2024-01-15 14:15:00,1761.013571877862,603.6179095999096,1157.3956622779524,0.0,0.0,0.0,0.0,False,NORMAL,0.7,IDLE,0.0,0.0,0.0,0.0,1157.3956622779524
2024-01-15 14:30:00,1756.1350381792279,564.4166136669645,1191.7184245122635,0.0,0.0,0.0,0.0,False,NORMAL,0.7,IDLE,0.0,0.0,0.0,0.0,1191.7184245122635
2024-01-15 14:45:00,1735.1616739934047,530.7038836922851,1204.4577903011195,0.0,0.0,0.0,0.0,False,NORMAL,0.7,IDLE,0.0,0.0,0.0,0.0,1204.4577903011195
2024-01-15 15:00:00,1780.5300906116124,532.8614311710392,1247.6686594405733,0.0,0.0,0.0,0.0,False,NORMAL,0.7,IDLE,0.0,0.0,0.0,0.0,1247.6686594405733
2024-01-15 15:15:00,1772.759783572979,465.1289384161997,1307.6308451567793,0.0,0.0,0.0,0.0,False,NORMAL,0.7,IDLE,0.0,0.0,0.0,0.0,1307.6308451567793
2024-01-15 15:30:00,1802.3099892906475,395.40678709135346,1406.9032021992941,0.0,0.0,0.0,0.0,False,NORMAL,0.7,IDLE,0.0,0.0,0.0,0.0,1406.9032021992941
2024-01-15 15:45:00,1763.3171253217442,371.87561226687757,1391.4415130548666,0.0,0.0,0.0,0.0,False,NORMAL,0.7,IDLE,0.0,0.0,0.0,0.0,1391.4415130548666
2024-01-15 16:00:00,1764.4194966771445,335.48607774873557,1428.9334189284089,0.0,0.0,0.0,0.0,False,NORMAL,0.7,IDLE,0.0,0.0,0.0,0.0,1428.9334189284089
2024-01-15 16:15:00,1870.0244891057325,307.27295919522015,1562.7515299105123,0.0,0.0,0.0,0.0,False,NORMAL,0.7,IDLE,0.0,0.0,0.0,0.0,1562.7515299105123
2024-01-15 16:30:00,1902.8358101589615,255.87266912808832,1646.9631410308732,0.0,0.0,0.0,0.0,False,NORMAL,0.7,IDLE,0.0,0.0,0.0,0.0,1646.9631410308732
2024-01-15 16:45:00,2064.405687983077,200.53260171823155,1863.8730862648454,0.0,0.0,0.0,0.0,False,WATCH,0.7,IDLE,0.0,0.0,0.0,0.0,1863.8730862648454
2024-01-15 17:00:00,2108.712451208175,177.82640517043328,1930.8860460377418,0.0,0.0,0.0,0.0,False,WATCH,0.7,IDLE,0.0,0.0,0.0,0.0,1930.8860460377418
2024-01-15 17:15:00,2128.310128977734,127.39536457238069,2000.9147644053535,0.0,0.0,0.0,0.0,False,WARNING,0.7,IDLE,0.0,0.0,0.0,0.0,2000.9147644053535
2024-01-15 17:30:00,2191.940136714957,95.50265690474527,2096.4374798102117,0.0,0.0,0.0,0.0,False,WARNING,0.7,IDLE,0.0,0.0,0.0,0.0,2096.4374798102117
2024-01-15 17:45:00,2228.6106784288613,58.124651416168035,2170.4860270126933,0.0,0.0,0.0,0.0,False,WARNING,0.7,IDLE,0.0,0.0,0.0,0.0,2170.4860270126933
2024-01-15 18:00:00,2241.9318019841153,30.56746226419149,2211.364339719924,0.0,0.0,0.0,0.0,False,WARNING,0.7,IDLE,0.0,0.0,0.0,0.0,2211.364339719924
2024-01-15 18:15:00,2170.613169596946,11.1860870060196,2159.4270825909266,0.0,0.0,0.0,0.0,False,WARNING,0.7,IDLE,0.0,0.0,0.0,0.0,2159.4270825909266
2024-01-15 18:30:00,2243.856972483444,3.209962312033073e-22,2243.856972483444,0.0,0.0,0.0,0.0,False,WARNING,0.7,IDLE,0.0,0.0,0.0,0.0,2243.856972483444
2024-01-15 18:45:00,2271.7588464489977,0.0,2271.7588464489977,0.0,0.0,0.0,0.0,False,WARNING,0.7,IDLE,0.0,0.0,0.0,0.0,2271.7588464489977
2024-01-15 19:00:00,2200.9122808422458,0.0,2200.9122808422458,0.0,0.0,0.0,0.0,False,WARNING,0.7,IDLE,0.0,0.0,0.0,0.0,2200.9122808422458
2024-01-15 19:15:00,2262.9360333850705,0.0,2262.9360333850705,0.0,0.0,0.0,0.0,False,WARNING,0.7,IDLE,0.0,0.0,0.0,0.0,2262.9360333850705
2024-01-15 19:30:00,2255.4710705213306,0.0,2255.4710705213306,0.0,0.0,0.0,0.0,False,WARNING,0.7,IDLE,0.0,0.0,0.0,0.0,2255.4710705213306
2024-01-15 19:45:00,2195.2245134978357,0.0,2195.2245134978357,0.0,0.0,0.0,0.0,False,WARNING,0.7,IDLE,0.0,0.0,0.0,0.0,2195.2245134978357
2024-01-15 20:00:00,2205.0950433104313,0.0,2205.0950433104313,0.0,0.0,0.0,0.0,False,WARNING,0.7,IDLE,0.0,0.0,0.0,0.0,2205.0950433104313
2024-01-15 20:15:00,2167.999569432809,0.0,2167.999569432809,0.0,0.0,0.0,0.0,False,WARNING,0.7,IDLE,0.0,0.0,0.0,0.0,2167.999569432809
2024-01-15 20:30:00,2093.1354865919816,0.0,2093.1354865919816,0.0,0.0,0.0,0.0,False,WARNING,0.7,IDLE,0.0,0.0,0.0,0.0,2093.1354865919816
2024-01-15 20:45:00,2117.8408856356054,0.0,2117.8408856356054,0.0,0.0,0.0,0.0,False,WARNING,0.7,IDLE,0.0,0.0,0.0,0.0,2117.8408856356054
2024-01-15 21:00:00,1995.8016338494626,0.0,1995.8016338494626,0.0,0.0,0.0,0.0,False,WARNING,0.7,IDLE,0.0,0.0,0.0,0.0,1995.8016338494626
2024-01-15 21:15:00,1837.76797878181,0.0,1837.76797878181,0.0,0.0,0.0,0.0,False,WATCH,0.7,IDLE,0.0,0.0,0.0,0.0,1837.76797878181
2024-01-15 21:30:00,1802.9595866027178,0.0,1802.9595866027178,0.0,0.0,0.0,0.0,False,WATCH,0.7,IDLE,0.0,0.0,0.0,0.0,1802.9595866027178
2024-01-15 21:45:00,1703.0103812204748,0.0,1703.0103812204748,0.0,0.0,0.0,0.0,False,NORMAL,0.7,IDLE,0.0,0.0,0.0,0.0,1703.0103812204748
2024-01-15 22:00:00,1540.0928074491615,0.0,1540.0928074491615,0.0,0.0,0.0,0.0,False,NORMAL,0.7,IDLE,0.0,0.0,0.0,0.0,1540.0928074491615
2024-01-15 22:15:00,1401.7730374480034,0.0,1401.7730374480034,0.0,0.0,0.0,0.0,False,NORMAL,0.7,IDLE,0.0,0.0,0.0,0.0,1401.7730374480034
2024-01-15 22:30:00,1281.9721432581828,0.0,1281.9721432581828,0.0,0.0,0.0,0.0,False,NORMAL,0.7,IDLE,0.0,0.0,0.0,0.0,1281.9721432581828
2024-01-15 22:45:00,1071.057910633461,0.0,1071.057910633461,0.0,0.0,0.0,0.0,False,NORMAL,0.7,IDLE,0.0,0.0,0.0,0.0,1071.057910633461
2024-01-15 23:00:00,1010.4910934460129,0.0,1010.4910934460129,0.0,0.0,0.0,0.0,False,NORMAL,0.7,IDLE,0.0,0.0,0.0,0.0,1010.4910934460129
2024-01-15 23:15:00,969.1344786837259,0.0,969.1344786837259,0.0,0.0,0.0,0.0,False,NORMAL,0.7,IDLE,0.0,0.0,0.0,0.0,969.1344786837259
2024-01-15 23:30:00,889.6948414495303,0.0,889.6948414495303,0.0,0.0,0.0,0.0,False,NORMAL,0.7,IDLE,0.0,0.0,0.0,0.0,889.6948414495303
2024-01-15 23:45:00,888.5277890824548,0.0,888.5277890824548,0.0,0.0,0.0,0.0,False,NORMAL,0.7,IDLE,0.0,0.0,0.0,0.0,888.5277890824548
2024-01-16 00:00:00,806.8417996656503,0.0,806.8417996656503,0.0,0.0,0.0,0.0,False,NORMAL,0.7,IDLE,0.0,0.0,0.0,0.0,806.8417996656503
2024-01-16 00:15:00,745.2485726846542,0.0,745.2485726846542,0.0,0.0,0.0,0.0,False,NORMAL,0.7,IDLE,0.0,0.0,0.0,0.0,745.2485726846542
2024-01-16 00:30:00,703.4836061008491,0.0,703.4836061008491,0.0,0.0,0.0,0.0,False,NORMAL,0.7,IDLE,0.0,0.0,0.0,0.0,703.4836061008491
2024-01-16 00:45:00,766.5773009800153,0.0,766.5773009800153,0.0,0.0,0.0,0.0,False,NORMAL,0.7,IDLE,0.0,0.0,0.0,0.0,766.5773009800153
2024-01-16 01:00:00,756.6753012413942,0.0,756.6753012413942,0.0,0.0,0.0,0.0,False,NORMAL,0.7,IDLE,0.0,0.0,0.0,0.0,756.6753012413942
2024-01-16 01:15:00,749.2337652936769,0.0,749.2337652936769,0.0,0.0,0.0,0.0,False,NORMAL,0.7,IDLE,0.0,0.0,0.0,0.0,749.2337652936769
2024-01-16 01:30:00,747.9540519091779,0.0,747.9540519091779,0.0,0.0,0.0,0.0,False,NORMAL,0.7,IDLE,0.0,0.0,0.0,0.0,747.9540519091779
2024-01-16 01:45:00,738.6421483487287,0.0,738.6421483487287,0.0,0.0,0.0,0.0,False,NORMAL,0.7,IDLE,0.0,0.0,0.0,0.0,738.6421483487287
2024-01-16 02:00:00,727.3035664935335,0.0,727.3035664935335,0.0,0.0,0.0,0.0,False,NORMAL,0.7,IDLE,0.0,0.0,0.0,0.0,727.3035664935335
2024-01-16 02:15:00,795.4508737811548,0.0,795.4508737811548,0.0,0.0,0.0,0.0,False,NORMAL,0.7,IDLE,0.0,0.0,0.0,0.0,795.4508737811548
2024-01-16 02:30:00,750.0512907669697,0.0,750.0512907669697,0.0,0.0,0.0,0.0,False,NORMAL,0.7,IDLE,0.0,0.0,0.0,0.0,750.0512907669697
2024-01-16 02:45:00,765.3721159400031,0.0,765.3721159400031,0.0,0.0,0.0,0.0,False,NORMAL,0.7,IDLE,0.0,0.0,0.0,0.0,765.3721159400031
2024-01-16 03:00:00,723.6381177444796,0.0,723.6381177444796,0.0,0.0,0.0,0.0,False,NORMAL,0.7,IDLE,0.0,0.0,0.0,0.0,723.6381177444796
2024-01-16 03:15:00,738.9339123085206,0.0,738.9339123085206,0.0,0.0,0.0,0.0,False,NORMAL,0.7,IDLE,0.0,0.0,0.0,0.0,738.9339123085206
2024-01-16 03:30:00,787.1802832459182,0.0,787.1802832459182,0.0,0.0,0.0,0.0,False,NORMAL,0.7,IDLE,0.0,0.0,0.0,0.0,787.1802832459182
2024-01-16 03:45:00,726.464253879599,0.0,726.464253879599,0.0,0.0,0.0,0.0,False,NORMAL,0.7,IDLE,0.0,0.0,0.0,0.0,726.464253879599
2024-01-16 04:00:00,805.7514387799565,0.0,805.7514387799565,0.0,0.0,0.0,0.0,False,NORMAL,0.7,IDLE,0.0,0.0,0.0,0.0,805.7514387799565
2024-01-16 04:15:00,750.0528137934086,0.0,750.0528137934086,0.0,0.0,0.0,0.0,False,NORMAL,0.7,IDLE,0.0,0.0,0.0,0.0,750.0528137934086
2024-01-16 04:30:00,759.2499090961091,0.0,759.2499090961091,0.0,0.0,0.0,0.0,False,NORMAL,0.7,IDLE,0.0,0.0,0.0,0.0,759.2499090961091
2024-01-16 04:45:00,805.4759095406573,0.0,805.4759095406573,0.0,0.0,0.0,0.0,False,NORMAL,0.7,IDLE,0.0,0.0,0.0,0.0,805.4759095406573
2024-01-16 05:00:00,699.0956626873785,0.0,699.0956626873785,0.0,0.0,0.0,0.0,False,NORMAL,0.7,IDLE,0.0,0.0,0.0,0.0,699.0956626873785
2024-01-16 05:15:00,782.4917831578691,0.0,782.4917831578691,0.0,0.0,0.0,0.0,False,NORMAL,0.7,IDLE,0.0,0.0,0.0,0.0,782.4917831578691
2024-01-16 05:30:00,849.7716478781343,0.0,849.7716478781343,0.0,0.0,0.0,0.0,False,NORMAL,0.7,IDLE,0.0,0.0,0.0,0.0,849.7716478781343
2024-01-16 05:45:00,1042.7533171905386,0.0,1042.7533171905386,0.0,0.0,0.0,0.0,False,NORMAL,0.7,IDLE,0.0,0.0,0.0,0.0,1042.7533171905386
2024-01-16 06:00:00,1060.2816631212709,3.5111268978066707e-22,1060.2816631212709,0.0,0.0,0.0,0.0,False,NORMAL,0.7,IDLE,0.0,0.0,0.0,0.0,1060.2816631212709
2024-01-16 06:15:00,1268.0789862024612,11.780864943334821,1256.2981212591264,0.0,0.0,0.0,0.0,False,NORMAL,0.7,IDLE,0.0,0.0,0.0,0.0,1256.2981212591264
2024-01-16 06:30:00,1275.2276010201135,32.91937001271317,1242.3082310074003,0.0,0.0,0.0,0.0,False,NORMAL,0.7,IDLE,0.0,0.0,0.0,0.0,1242.3082310074003
2024-01-16 06:45:00,1415.0689106777324,61.4557549011006,1353.6131557766319,0.0,0.0,0.0,0.0,False,NORMAL,0.7,IDLE,0.0,0.0,0.0,0.0,1353.6131557766319
2024-01-16 07:00:00,1568.608621633235,52.00398887598634,1516.6046327572487,0.0,0.0,0.0,0.0,False,NORMAL,0.7,IDLE,0.0,0.0,0.0,0.0,1516.6046327572487
2024-01-16 07:15:00,1679.2374722005827,133.54403310078797,1545.6934390997947,0.0,0.0,0.0,0.0,False,NORMAL,0.7,IDLE,0.0,0.0,0.0,0.0,1545.6934390997947
2024-01-16 07:30:00,1714.7749154886587,168.04500097395774,1546.729914514701,0.0,0.0,0.0,0.0,False,NORMAL,0.7,IDLE,0.0,0.0,0.0,0.0,1546.729914514701
2024-01-16 07:45:00,1840.9244586691211,153.64834432027055,1687.2761143488506,0.0,0.0,0.0,0.0,False,NORMAL,0.7,IDLE,0.0,0.0,0.0,0.0,1687.2761143488506
2024-01-16 08:00:00,1891.1708310742965,254.17089090501352,1636.999940169283,0.0,0.0,0.0,0.0,False,NORMAL,0.7,IDLE,0.0,0.0,0.0,0.0,1636.999940169283
2024-01-16 08:15:00,1966.4758436038687,290.4223819522183,1676.0534616516504,0.0,0.0,0.0,0.0,False,NORMAL,0.7,IDLE,0.0,0.0,0.0,0.0,1676.0534616516504
2024-01-16 08:30:00,2056.4895609190617,320.9300111701374,1735.5595497489244,0.0,0.0,0.0,0.0,False,WATCH,0.7,IDLE,0.0,0.0,0.0,0.0,1735.5595497489244
2024-01-16 08:45:00,2071.5338225228847,370.5801249330722,1700.9536975898125,0.0,0.0,0.0,0.0,False,NORMAL,0.7,IDLE,0.0,0.0,0.0,0.0,1700.9536975898125
2024-01-16 09:00:00,1710.7917766219034,439.5226455280328,1271.2691310938706,0.0,0.0,0.0,0.0,False,NORMAL,0.7,IDLE,0.0,0.0,0.0,0.0,1271.2691310938706
2024-01-16 09:15:00,1757.4328876734285,480.16841688891395,1277.2644707845145,0.0,0.0,0.0,0.0,False,NORMAL,0.7,IDLE,0.0,0.0,0.0,0.0,1277.2644707845145
2024-01-16 09:30:00,1727.9502049220803,491.66156541533763,1236.2886395067426,0.0,0.0,0.0,0.0,False,NORMAL,0.7,IDLE,0.0,0.0,0.0,0.0,1236.2886395067426
2024-01-16 09:45:00,1716.7497576058668,493.41942598222784,1223.3303316236388,0.0,0.0,0.0,0.0,False,NORMAL,0.7,IDLE,0.0,0.0,0.0,0.0,1223.3303316236388
2024-01-16 10:00:00,1764.4527858871168,570.9939237784097,1193.458862108707,0.0,0.0,0.0,0.0,False,NORMAL,0.7,IDLE,0.0,0.0,0.0,0.0,1193.458862108707
2024-01-16 10:15:00,1756.0563441294296,602.3712204724206,1153.685123657009,0.0,0.0,0.0,0.0,False,NORMAL,0.7,IDLE,0.0,0.0,0.0,0.0,1153.685123657009
2024-01-16 10:30:00,1749.1703667023871,632.7419080007757,1116.4284587016114,0.0,0.0,0.0,0.0,False,NORMAL,0.7,IDLE,0.0,0.0,0.0,0.0,1116.4284587016114
2024-01-16 10:45:00,1791.1523215986442,392.68933194534674,1398.4629896532974,0.0,0.0,0.0,0.0,False,NORMAL,0.7,IDLE,0.0,0.0,0.0,0.0,1398.4629896532974
2024-01-16 11:00:00,1696.6378407425932,705.0546593789093,991.5831813636839,0.0,0.0,0.0,0.0,False,NORMAL,0.7,IDLE,0.0,0.0,0.0,0.0,991.5831813636839
2024-01-16 11:15:00,1749.1882830157597,727.0505530606092,1022.1377299551505,0.0,0.0,0.0,0.0,False,NORMAL,0.7,IDLE,0.0,0.0,0.0,0.0,1022.1377299551505
2024-01-16 11:30:00,1731.6576285809656,730.7538037808059,1000.9038248001597,0.0,0.0,0.0,0.0,False,NORMAL,0.7,IDLE,0.0,0.0,0.0,0.0,1000.9038248001597
2024-01-16 11:45:00,1672.7431977642432,692.4175769275834,980.3256208366598,0.0,0.0,0.0,0.0,False,NORMAL,0.7,IDLE,0.0,0.0,0.0,0.0,980.3256208366598
2024-01-16 12:00:00,1724.8764748476156,730.9533317855133,993.9231430621022,0.0,0.0,0.0,0.0,False,NORMAL,0.7,IDLE,0.0,0.0,0.0,0.0,993.9231430621022
2024-01-16 12:15:00,1675.772518890218,791.9035366355838,883.8689822546341,0.0,0.0,0.0,0.0,False,NORMAL,0.7,IDLE,0.0,0.0,0.0,0.0,883.8689822546341
2024-01-16 12:30:00,1732.0253758976987,746.803657104277,985.2217187934217,0.0,0.0,0.0,0.0,False,NORMAL,0.7,IDLE,0.0,0.0,0.0,0.0,985.2217187934217
2024-01-16 12:45:00,1711.2245057527102,740.0372403817721,971.1872653709381,0.0,0.0,0.0,0.0,False,NORMAL,0.7,IDLE,0.0,0.0,0.0,0.0,971.1872653709381
2024-01-16 13:00:00,1683.5431237961207,728.8885072233971,954.6546165727235,0.0,0.0,0.0,0.0,False,NORMAL,0.7,IDLE,0.0,0.0,0.0,0.0,954.6546165727235
2024-01-16 13:15:00,1783.5514335460025,714.8724759148306,1068.678957631172,0.0,0.0,0.0,0.0,False,NORMAL,0.7,IDLE,0.0,0.0,0.0,0.0,1068.678957631172
2024-01-16 13:30:00,1743.0247418697247,637.8803649693385,1105.1443769003863,0.0,0.0,0.0,0.0,False,NORMAL,0.7,IDLE,0.0,0.0,0.0,0.0,1105.1443769003863
2024-01-16 13:45:00,1749.0191686435476,302.97804003156796,1446.0411286119797,0.0,0.0,0.0,0.0,False,NORMAL,0.7,IDLE,0.0,0.0,0.0,0.0,1446.0411286119797
2024-01-16 14:00:00,1767.6021838198653,636.7942292593262,1130.8079545605392,0.0,0.0,0.0,0.0,False,NORMAL,0.7,IDLE,0.0,0.0,0.0,0.0,1130.8079545605392
2024-01-16 14:15:00,1741.5424146356563,630.9753013992841,1110.5671132363723,0.0,0.0,0.0,0.0,False,NORMAL,0.7,IDLE,0.0,0.0,0.0,0.0,1110.5671132363723
2024-01-16 14:30:00,1766.1856019961906,575.4825285560321,1190.7030734401585,0.0,0.0,0.0,0.0,False,NORMAL,0.7,IDLE,0.0,0.0,0.0,0.0,1190.7030734401585
2024-01-16 14:45:00,1805.83971094024,174.82075208822417,1631.0189588520157,0.0,0.0,0.0,0.0,False,NORMAL,0.7,IDLE,0.0,0.0,0.0,0.0,1631.0189588520157
2024-01-16 15:00:00,1838.5416884125568,507.4375637817762,1331.1041246307807,0.0,0.0,0.0,0.0,False,NORMAL,0.7,IDLE,0.0,0.0,0.0,0.0,1331.1041246307807
2024-01-16 15:15:00,1823.621930863241,449.89042485868384,1373.731506004557,0.0,0.0,0.0,0.0,False,NORMAL,0.7,IDLE,0.0,0.0,0.0,0.0,1373.731506004557
2024-01-16 15:30:00,1767.5540075316271,404.20329796381185,1363.3507095678153,0.0,0.0,0.0,0.0,False,NORMAL,0.7,IDLE,0.0,0.0,0.0,0.0,1363.3507095678153
2024-01-16 15:45:00,1743.3752786661391,193.18094546954003,1550.194333196599,0.0,0.0,0.0,0.0,False,NORMAL,0.7,IDLE,0.0,0.0,0.0,0.0,1550.194333196599
2024-01-16 16:00:00,1738.066889630846,339.222037847897,1398.8448517829488,0.0,0.0,0.0,0.0,False,NORMAL,0.7,IDLE,0.0,0.0,0.0,0.0,1398.8448517829488
2024-01-16 16:15:00,1780.9128058227848,301.4945666718247,1479.41823915096,0.0,0.0,0.0,0.0,False,NORMAL,0.7,IDLE,0.0,0.0,0.0,0.0,1479.41823915096
2024-01-16 16:30:00,1913.058576690583,251.26335733613868,1661.7952193544445,0.0,0.0,0.0,0.0,False,NORMAL,0.7,IDLE,0.0,0.0,0.0,0.0,1661.7952193544445
2024-01-16 16:45:00,1952.3519363274286,209.69060354774027,1742.6613327796883,0.0,0.0,0.0,0.0,False,WATCH,0.7,IDLE,0.0,0.0,0.0,0.0,1742.6613327796883
2024-01-16 17:00:00,2063.4980609436616,167.78642345122347,1895.711637492438,0.0,0.0,0.0,0.0,False,WATCH,0.7,IDLE,0.0,0.0,0.0,0.0,1895.711637492438
2024-01-16 17:15:00,2074.35326436355,69.3979646202435,2004.9552997433063,0.0,0.0,0.0,0.0,False,WARNING,0.7,IDLE,0.0,0.0,0.0,0.0,2004.9552997433063
2024-01-16 17:30:00,2182.45870369273,30.03453223229216,2152.4241714604377,0.0,0.0,0.0,0.0,False,WARNING,0.7,IDLE,0.0,0.0,0.0,0.0,2152.4241714604377
2024-01-16 17:45:00,2139.184907813079,55.7209421466697,2083.4639656664094,0.0,0.0,0.0,0.0,False,WARNING,0.7,IDLE,0.0,0.0,0.0,0.0,2083.4639656664094
2024-01-16 18:00:00,2164.0198981043754,32.97532210785144,2131.044575996524,0.0,0.0,0.0,0.0,False,WARNING,0.7,IDLE,0.0,0.0,0.0,0.0,2131.044575996524
2024-01-16 18:15:00,2122.407944901541,11.288954956592313,2111.1189899449487,0.0,0.0,0.0,0.0,False,WARNING,0.7,IDLE,0.0,0.0,0.0,0.0,2111.1189899449487
2024-01-16 18:30:00,2267.832207919969,3.6728989695891713e-22,2267.832207919969,0.0,0.0,0.0,0.0,False,WARNING,0.7,IDLE,0.0,0.0,0.0,0.0,2267.832207919969
2024-01-16 18:45:00,2317.873634850336,0.0,2317.873634850336,0.0,0.0,0.0,0.0,True,CRITICAL,0.7,IDLE,0.0,0.0,0.0,17.873634850336202,2317.873634850336
2024-01-16 19:00:00,2290.4327556894536,0.0,2290.4327556894536,0.0,0.0,0.0,0.0,False,WARNING,0.7,IDLE,0.0,0.0,0.0,0.0,2290.4327556894536
2024-01-16 19:15:00,2219.5507882723223,0.0,2219.5507882723223,0.0,0.0,0.0,0.0,False,WARNING,0.7,IDLE,0.0,0.0,0.0,0.0,2219.5507882723223
2024-01-16 19:30:00,2177.536095228005,0.0,2177.536095228005,0.0,0.0,0.0,0.0,False,WARNING,0.7,IDLE,0.0,0.0,0.0,0.0,2177.536095228005
2024-01-16 19:45:00,2163.0757256925503,0.0,2163.0757256925503,0.0,0.0,0.0,0.0,False,WARNING,0.7,IDLE,0.0,0.0,0.0,0.0,2163.0757256925503
2024-01-16 20:00:00,2146.4506005980866,0.0,2146.4506005980866,0.0,0.0,0.0,0.0,False,WARNING,0.7,IDLE,0.0,0.0,0.0,0.0,2146.4506005980866
2024-01-16 20:15:00,2143.069615687477,0.0,2143.069615687477,0.0,0.0,0.0,0.0,False,WARNING,0.7,IDLE,0.0,0.0,0.0,0.0,2143.069615687477
2024-01-16 20:30:00,2104.511305403028,0.0,2104.511305403028,0.0,0.0,0.0,0.0,False,WARNING,0.7,IDLE,0.0,0.0,0.0,0.0,2104.511305403028
2024-01-16 20:45:00,2059.431362408428,0.0,2059.431362408428,0.0,0.0,0.0,0.0,False,WARNING,0.7,IDLE,0.0,0.0,0.0,0.0,2059.431362408428
2024-01-16 21:00:00,1941.0422328070167,0.0,1941.0422328070167,0.0,0.0,0.0,0.0,False,WATCH,0.7,IDLE,0.0,0.0,0.0,0.0,1941.0422328070167
2024-01-16 21:15:00,1856.6791730798968,0.0,1856.6791730798968,0.0,0.0,0.0,0.0,False,WATCH,0.7,IDLE,0.0,0.0,0.0,0.0,1856.6791730798968
2024-01-16 21:30:00,1781.9486882644337,0.0,1781.9486882644337,0.0,0.0,0.0,0.0,False,WATCH,0.7,IDLE,0.0,0.0,0.0,0.0,1781.9486882644337
2024-01-16 21:45:00,1618.5583766316763,0.0,1618.5583766316763,0.0,0.0,0.0,0.0,False,NORMAL,0.7,IDLE,0.0,0.0,0.0,0.0,1618.5583766316763
2024-01-16 22:00:00,1510.4788273637969,0.0,1510.4788273637969,0.0,0.0,0.0,0.0,False,NORMAL,0.7,IDLE,0.0,0.0,0.0,0.0,1510.4788273637969
2024-01-16 22:15:00,1434.7679207367573,0.0,1434.7679207367573,0.0,0.0,0.0,0.0,False,NORMAL,0.7,IDLE,0.0,0.0,0.0,0.0,1434.7679207367573
2024-01-16 22:30:00,1301.3509118548752,0.0,1301.3509118548752,0.0,0.0,0.0,0.0,False,NORMAL,0.7,IDLE,0.0,0.0,0.0,0.0,1301.3509118548752
2024-01-16 22:45:00,1110.6796068578174,0.0,1110.6796068578174,0.0,0.0,0.0,0.0,False,NORMAL,0.7,IDLE,0.0,0.0,0.0,0.0,1110.6796068578174
2024-01-16 23:00:00,1041.5968229281848,0.0,1041.5968229281848,0.0,0.0,0.0,0.0,False,NORMAL,0.7,IDLE,0.0,0.0,0.0,0.0,1041.5968229281848
2024-01-16 23:15:00,937.0815225297679,0.0,937.0815225297679,0.0,0.0,0.0,0.0,False,NORMAL,0.7,IDLE,0.0,0.0,0.0,0.0,937.0815225297679
2024-01-16 23:30:00,904.8210722422793,0.0,904.8210722422793,0.0,0.0,0.0,0.0,False,NORMAL,0.7,IDLE,0.0,0.0,0.0,0.0,904.8210722422793
2024-01-16 23:45:00,856.5633126324205,0.0,856.5633126324205,0.0,0.0,0.0,0.0,False,NORMAL,0.7,IDLE,0.0,0.0,0.0,0.0,856.5633126324205
2024-01-17 00:00:00,687.0494609784573,0.0,687.0494609784573,0.0,0.0,0.0,0.0,False,NORMAL,0.7,IDLE,0.0,0.0,0.0,0.0,687.0494609784573
2024-01-17 00:15:00,803.2026943709257,0.0,803.2026943709257,0.0,0.0,0.0,0.0,False,NORMAL,0.7,IDLE,0.0,0.0,0.0,0.0,803.2026943709257
2024-01-17 00:30:00,766.4355150344338,0.0,766.4355150344338,0.0,0.0,0.0,0.0,False,NORMAL,0.7,IDLE,0.0,0.0,0.0,0.0,766.4355150344338
2024-01-17 00:45:00,750.518100134432,0.0,750.518100134432,0.0,0.0,0.0,0.0,False,NORMAL,0.7,IDLE,0.0,0.0,0.0,0.0,750.518100134432
2024-01-17 01:00:00,764.6242531564225,0.0,764.6242531564225,0.0,0.0,0.0,0.0,False,NORMAL,0.7,IDLE,0.0,0.0,0.0,0.0,764.6242531564225
2024-01-17 01:15:00,785.0897694031912,0.0,785.0897694031912,0.0,0.0,0.0,0.0,False,NORMAL,0.7,IDLE,0.0,0.0,0.0,0.0,785.0897694031912
2024-01-17 01:30:00,706.0205265796587,0.0,706.0205265796587,0.0,0.0,0.0,0.0,False,NORMAL,0.7,IDLE,0.0,0.0,0.0,0.0,706.0205265796587
2024-01-17 01:45:00,761.1412069906554,0.0,761.1412069906554,0.0,0.0,0.0,0.0,False,NORMAL,0.7,IDLE,0.0,0.0,0.0,0.0,761.1412069906554
2024-01-17 02:00:00,809.2721421582087,0.0,809.2721421582087,0.0,0.0,0.0,0.0,False,NORMAL,0.7,IDLE,0.0,0.0,0.0,0.0,809.2721421582087
2024-01-17 02:15:00,722.2835162897236,0.0,722.2835162897236,0.0,0.0,0.0,0.0,False,NORMAL,0.7,IDLE,0.0,0.0,0.0,0.0,722.2835162897236
2024-01-17 02:30:00,809.1154696965182,0.0,809.1154696965182,0.0,0.0,0.0,0.0,False,NORMAL,0.7,IDLE,0.0,0.0,0.0,0.0,809.1154696965182
2024-01-17 02:45:00,735.3009852914436,0.0,735.3009852914436,0.0,0.0,0.0,0.0,False,NORMAL,0.7,IDLE,0.0,0.0,0.0,0.0,735.3009852914436
2024-01-17 03:00:00,797.1547520769639,0.0,797.1547520769639,0.0,0.0,0.0,0.0,False,NORMAL,0.7,IDLE,0.0,0.0,0.0,0.0,797.1547520769639
2024-01-17 03:15:00,768.5474545579725,0.0,768.5474545579725,0.0,0.0,0.0,0.0,False,NORMAL,0.7,IDLE,0.0,0.0,0.0,0.0,768.5474545579725
2024-01-17 03:30:00,695.0602565796679,0.0,695.0602565796679,0.0,0.0,0.0,0.0,False,NORMAL,0.7,IDLE,0.0,0.0,0.0,0.0,695.0602565796679
2024-01-17 03:45:00,768.3628700979618,0.0,768.3628700979618,0.0,0.0,0.0,0.0,False,NORMAL,0.7,IDLE,0.0,0.0,0.0,0.0,768.3628700979618
2024-01-17 04:00:00,719.2184248350939,0.0,719.2184248350939,0.0,0.0,0.0,0.0,False,NORMAL,0.7,IDLE,0.0,0.0,0.0,0.0,719.2184248350939
2024-01-17 04:15:00,756.2542934963119,0.0,756.2542934963119,0.0,0.0,0.0,0.0,False,NORMAL,0.7,IDLE,0.0,0.0,0.0,0.0,756.2542934963119
2024-01-17 04:30:00,779.8604148581344,0.0,779.8604148581344,0.0,0.0,0.0,0.0,False,NORMAL,0.7,IDLE,0.0,0.0,0.0,0.0,779.8604148581344
2024-01-17 04:45:00,828.5565295178404,0.0,828.5565295178404,0.0,0.0,0.0,0.0,False,NORMAL,0.7,IDLE,0.0,0.0,0.0,0.0,828.5565295178404
2024-01-17 05:00:00,748.6541186145895,0.0,748.6541186145895,0.0,0.0,0.0,0.0,False,NORMAL,0.7,IDLE,0.0,0.0,0.0,0.0,748.6541186145895
2024-01-17 05:15:00,860.5615427625505,0.0,860.5615427625505,0.0,0.0,0.0,0.0,False,NORMAL,0.7,IDLE,0.0,0.0,0.0,0.0,860.5615427625505
2024-01-17 05:30:00,942.403226332035,0.0,942.403226332035,0.0,0.0,0.0,0.0,False,NORMAL,0.7,IDLE,0.0,0.0,0.0,0.0,942.403226332035
2024-01-17 05:45:00,1026.8208399567934,0.0,1026.8208399567934,0.0,0.0,0.0,0.0,False,NORMAL,0.7,IDLE,0.0,0.0,0.0,0.0,1026.8208399567934
2024-01-17 06:00:00,1126.140106106479,3.393016436364889e-22,1126.140106106479,0.0,0.0,0.0,0.0,False,NORMAL,0.7,IDLE,0.0,0.0,0.0,0.0,1126.140106106479
2024-01-17 06:15:00,1200.989049032337,6.301828181581589,1194.6872208507555,0.0,0.0,0.0,0.0,False,NORMAL,0.7,IDLE,0.0,0.0,0.0,0.0,1194.6872208507555
2024-01-17 06:30:00,1287.8105283993805,28.912915958870403,1258.89761244051,0.0,0.0,0.0,0.0,False,NORMAL,0.7,IDLE,0.0,0.0,0.0,0.0,1258.89761244051
2024-01-17 06:45:00,1444.6383540080271,55.162989023656124,1389.475364984371,0.0,0.0,0.0,0.0,False,NORMAL,0.7,IDLE,0.0,0.0,0.0,0.0,1389.475364984371
2024-01-17 07:00:00,1487.3442217316529,84.74777143730475,1402.5964502943482,0.0,0.0,0.0,0.0,False,NORMAL,0.7,IDLE,0.0,0.0,0.0,0.0,1402.5964502943482
2024-01-17 07:15:00,1539.315480920904,120.72583617919814,1418.589644741706,0.0,0.0,0.0,0.0,False,NORMAL,0.7,IDLE,0.0,0.0,0.0,0.0,1418.589644741706
2024-01-17 07:30:00,1734.1752291651699,144.0120087882547,1590.1632203769152,0.0,0.0,0.0,0.0,False,NORMAL,0.7,IDLE,0.0,0.0,0.0,0.0,1590.1632203769152
2024-01-17 07:45:00,1845.408897235005,150.99055211425744,1694.4183451207475,0.0,0.0,0.0,0.0,False,NORMAL,0.7,IDLE,0.0,0.0,0.0,0.0,1694.4183451207475
2024-01-17 08:00:00,1834.2684174563592,233.41722136188483,1600.8511960944743,0.0,0.0,0.0,0.0,False,NORMAL,0.7,IDLE,0.0,0.0,0.0,0.0,1600.8511960944743
2024-01-17 08:15:00,1946.6939992306811,264.2928156540131,1682.401183576668,0.0,0.0,0.0,0.0,False,NORMAL,0.7,IDLE,0.0,0.0,0.0,0.0,1682.401183576668
2024-01-17 08:30:00,2058.7714392183652,310.4938860611059,1748.2775531572593,0.0,0.0,0.0,0.0,False,WATCH,0.7,IDLE,0.0,0.0,0.0,0.0,1748.2775531572593
2024-01-17 08:45:00,2193.313337391993,343.2804183749129,1850.0329190170803,0.0,0.0,0.0,0.0,False,WATCH,0.7,IDLE,0.0,0.0,0.0,0.0,1850.0329190170803
2024-01-17 09:00:00,1734.3182527319786,380.84455562212986,1353.4736971098487,0.0,0.0,0.0,0.0,False,NORMAL,0.7,IDLE,0.0,0.0,0.0,0.0,1353.4736971098487
2024-01-17 09:15:00,1769.880260655638,422.63255757699886,1347.2477030786392,0.0,0.0,0.0,0.0,False,NORMAL,0.7,IDLE,0.0,0.0,0.0,0.0,1347.2477030786392
2024-01-17 09:30:00,1734.1470377230248,455.05546342751234,1279.0915742955126,0.0,0.0,0.0,0.0,False,NORMAL,0.7,IDLE,0.0,0.0,0.0,0.0,1279.0915742955126
2024-01-17 09:45:00,1817.140325481657,510.51312267094386,1306.6272028107132,0.0,0.0,0.0,0.0,False,NORMAL,0.7,IDLE,0.0,0.0,0.0,0.0,1306.6272028107132
2024-01-17 10:00:00,1739.9196667605827,521.6002827339877,1218.319384026595,0.0,0.0,0.0,0.0,False,NORMAL,0.7,IDLE,0.0,0.0,0.0,0.0,1218.319384026595
2024-01-17 10:15:00,1738.556560414241,548.6708048233703,1189.8857555908708,0.0,0.0,0.0,0.0,False,NORMAL,0.7,IDLE,0.0,0.0,0.0,0.0,1189.8857555908708
2024-01-17 10:30:00,1755.608978357313,623.0833502983007,1132.5256280590122,0.0,0.0,0.0,0.0,False,NORMAL,0.7,IDLE,0.0,0.0,0.0,0.0,1132.5256280590122
2024-01-17 10:45:00,1717.465852607751,634.1061434655461,1083.3597091422048,0.0,0.0,0.0,0.0,False,NORMAL,0.7,IDLE,0.0,0.0,0.0,0.0,1083.3597091422048
2024-01-17 11:00:00,1787.5256957785905,602.0137312241651,1185.5119645544255,0.0,0.0,0.0,0.0,False,NORMAL,0.7,IDLE,0.0,0.0,0.0,0.0,1185.5119645544255
2024-01-17 11:15:00,1803.8835040191734,640.293431313729,1163.5900727054445,0.0,0.0,0.0,0.0,False,NORMAL,0.7,IDLE,0.0,0.0,0.0,0.0,1163.5900727054445
2024-01-17 11:30:00,1772.9404301698348,674.1540267459218,1098.786403423913,0.0,0.0,0.0,0.0,False,NORMAL,0.7,IDLE,0.0,0.0,0.0,0.0,1098.786403423913
2024-01-17 11:45:00,1749.7094733589015,312.59422978638645,1437.115243572515,0.0,0.0,0.0,0.0,False,NORMAL,0.7,IDLE,0.0,0.0,0.0,0.0,1437.115243572515
2024-01-17 12:00:00,1720.9715329231994,654.7870930313867,1066.1844398918129,0.0,0.0,0.0,0.0,False,NORMAL,0.7,IDLE,0.0,0.0,0.0,0.0,1066.1844398918129
2024-01-17 12:15:00,1660.4527854080716,341.0683032632751,1319.3844821447965,0.0,0.0,0.0,0.0,False,NORMAL,0.7,IDLE,0.0,0.0,0.0,0.0,1319.3844821447965
2024-01-17 12:30:00,1741.1690363615699,702.4053886045261,1038.7636477570436,0.0,0.0,0.0,0.0,False,NORMAL,0.7,IDLE,0.0,0.0,0.0,0.0,1038.7636477570436
2024-01-17 12:45:00,1697.8032509814566,689.176226249349,1008.6270247321075,0.0,0.0,0.0,0.0,False,NORMAL,0.7,IDLE,0.0,0.0,0.0,0.0,1008.6270247321075
2024-01-17 13:00:00,1732.963392757786,553.2710020654853,1179.6923906923007,0.0,0.0,0.0,0.0,False,NORMAL,0.7,IDLE,0.0,0.0,0.0,0.0,1179.6923906923007
2024-01-17 13:15:00,1867.4652266456224,365.6102652516726,1501.8549613939497,0.0,0.0,0.0,0.0,False,NORMAL,0.7,IDLE,0.0,0.0,0.0,0.0,1501.8549613939497
2024-01-17 13:30:00,1726.973855197892,646.2027375814652,1080.7711176164266,0.0,0.0,0.0,0.0,False,NORMAL,0.7,IDLE,0.0,0.0,0.0,0.0,1080.7711176164266
2024-01-17 13:45:00,1718.3912849378034,645.1437022947626,1073.247582643041,0.0,0.0,0.0,0.0,False,NORMAL,0.7,IDLE,0.0,0.0,0.0,0.0,1073.247582643041
2024-01-17 14:00:00,1751.497914652925,448.1720836815806,1303.3258309713442,0.0,0.0,0.0,0.0,False,NORMAL,0.7,IDLE,0.0,0.0,0.0,0.0,1303.3258309713442
2024-01-17 14:15:00,1814.0967392293603,549.7096375627781,1264.387101666582,0.0,0.0,0.0,0.0,False,NORMAL,0.7,IDLE,0.0,0.0,0.0,0.0,1264.387101666582
2024-01-17 14:30:00,1788.118422919854,543.4917343671493,1244.6266885527048,0.0,0.0,0.0,0.0,False,NORMAL,0.7,IDLE,0.0,0.0,0.0,0.0,1244.6266885527048
2024-01-17 14:45:00,1727.4376670008483,281.4154507848131,1446.022216216035,0.0,0.0,0.0,0.0,False,NORMAL,0.7,IDLE,0.0,0.0,0.0,0.0,1446.022216216035
2024-01-17 15:00:00,1795.1516492903756,472.00144125413135,1323.1502080362443,0.0,0.0,0.0,0.0,False,NORMAL,0.7,IDLE,0.0,0.0,0.0,0.0,1323.1502080362443
2024-01-17 15:15:00,1764.850380794472,433.9930706870659,1330.857310107406,0.0,0.0,0.0,0.0,False,NORMAL,0.7,IDLE,0.0,0.0,0.0,0.0,1330.857310107406
2024-01-17 15:30:00,1844.72680103821,373.2064147688151,1471.5203862693947,0.0,0.0,0.0,0.0,False,NORMAL,0.7,IDLE,0.0,0.0,0.0,0.0,1471.5203862693947
2024-01-17 15:45:00,1831.570614109676,348.5828267674483,1482.9877873422276,0.0,0.0,0.0,0.0,False,NORMAL,0.7,IDLE,0.0,0.0,0.0,0.0,1482.9877873422276
2024-01-17 16:00:00,1779.997579005316,312.26559378883826,1467.7319852164778,0.0,0.0,0.0,0.0,False,NORMAL,0.7,IDLE,0.0,0.0,0.0,0.0,1467.7319852164778
2024-01-17 16:15:00,1915.214271484437,266.1145105073581,1649.0997609770789,0.0,0.0,0.0,0.0,False,NORMAL,0.7,IDLE,0.0,0.0,0.0,0.0,1649.0997609770789
2024-01-17 16:30:00,1960.314475756166,232.04510833754702,1728.2693674186191,0.0,0.0,0.0,0.0,False,WATCH,0.7,IDLE,0.0,0.0,0.0,0.0,1728.2693674186191
2024-01-17 16:45:00,2058.6220830778284,195.61654707021862,1863.0055360076099,0.0,0.0,0.0,0.0,False,WATCH,0.7,IDLE,0.0,0.0,0.0,0.0,1863.0055360076099
2024-01-17 17:00:00,2114.6560532105436,153.4077136628217,1961.248339547722,0.0,0.0,0.0,0.0,False,WARNING,0.7,IDLE,0.0,0.0,0.0,0.0,1961.248339547722
2024-01-17 17:15:00,2138.768198584605,118.88958108503788,2019.8786174995673,0.0,0.0,0.0,0.0,False,WARNING,0.7,IDLE,0.0,0.0,0.0,0.0,2019.8786174995673
2024-01-17 17:30:00,2160.8172444289503,88.79763378850753,2072.019610640443,0.0,0.0,0.0,0.0,False,WARNING,0.7,IDLE,0.0,0.0,0.0,0.0,2072.019610640443
2024-01-17 17:45:00,2242.817041186094,56.55422657156357,2186.2628146145303,0.0,0.0,0.0,0.0,False,WARNING,0.7,IDLE,0.0,0.0,0.0,0.0,2186.2628146145303
2024-01-17 18:00:00,2234.6587290160514,30.68752184304991,2203.9712071730014,0.0,0.0,0.0,0.0,False,WARNING,0.7,IDLE,0.0,0.0,0.0,0.0,2203.9712071730014
2024-01-17 18:15:00,2229.05072659853,10.505805322978027,2218.544921275552,0.0,0.0,0.0,0.0,False,WARNING,0.7,IDLE,0.0,0.0,0.0,0.0,2218.544921275552
2024-01-17 18:30:00,2269.593609921587,1.8625895454012837e-22,2269.593609921587,0.0,0.0,0.0,0.0,False,WARNING,0.7,IDLE,0.0,0.0,0.0,0.0,2269.593609921587
2024-01-17 18:45:00,2336.4767646373352,0.0,2336.4767646373352,0.0,0.0,0.0,0.0,True,CRITICAL,0.7,IDLE,0.0,0.0,0.0,36.476764637335236,2336.4767646373352
2024-01-17 19:00:00,2336.8430357560537,0.0,2336.8430357560537,0.0,0.0,0.0,0.0,True,CRITICAL,0.7,IDLE,0.0,0.0,0.0,36.84303575605372,2336.8430357560537
2024-01-17 19:15:00,2223.262819072639,0.0,2223.262819072639,0.0,0.0,0.0,0.0,False,WARNING,0.7,IDLE,0.0,0.0,0.0,0.0,2223.262819072639
2024-01-17 19:30:00,2232.630394193256,0.0,2232.630394193256,0.0,0.0,0.0,0.0,False,WARNING,0.7,IDLE,0.0,0.0,0.0,0.0,2232.630394193256
2024-01-17 19:45:00,2294.5776970077986,0.0,2294.5776970077986,0.0,0.0,0.0,0.0,False,WARNING,0.7,IDLE,0.0,0.0,0.0,0.0,2294.5776970077986
2024-01-17 20:00:00,2207.722364376658,0.0,2207.722364376658,0.0,0.0,0.0,0.0,False,WARNING,0.7,IDLE,0.0,0.0,0.0,0.0,2207.722364376658
2024-01-17 20:15:00,2210.7519998514986,0.0,2210.7519998514986,0.0,0.0,0.0,0.0,False,WARNING,0.7,IDLE,0.0,0.0,0.0,0.0,2210.7519998514986
2024-01-17 20:30:00,2100.2515396776694,0.0,2100.2515396776694,0.0,0.0,0.0,0.0,False,WARNING,0.7,IDLE,0.0,0.0,0.0,0.0,2100.2515396776694
2024-01-17 20:45:00,2116.6125789626985,0.0,2116.6125789626985,0.0,0.0,0.0,0.0,False,WARNING,0.7,IDLE,0.0,0.0,0.0,0.0,2116.6125789626985
2024-01-17 21:00:00,1981.5214437931259,0.0,1981.5214437931259,0.0,0.0,0.0,0.0,False,WARNING,0.7,IDLE,0.0,0.0,0.0,0.0,1981.5214437931259
2024-01-17 21:15:00,1984.025071049189,0.0,1984.025071049189,0.0,0.0,0.0,0.0,False,WARNING,0.7,IDLE,0.0,0.0,0.0,0.0,1984.025071049189
2024-01-17 21:30:00,1861.7308168108966,0.0,1861.7308168108966,0.0,0.0,0.0,0.0,False,WATCH,0.7,IDLE,0.0,0.0,0.0,0.0,1861.7308168108966
2024-01-17 21:45:00,1789.8340750613697,0.0,1789.8340750613697,0.0,0.0,0.0,0.0,False,WATCH,0.7,IDLE,0.0,0.0,0.0,0.0,1789.8340750613697
2024-01-17 22:00:00,1593.5357780528846,0.0,1593.5357780528846,0.0,0.0,0.0,0.0,False,NORMAL,0.7,IDLE,0.0,0.0,0.0,0.0,1593.5357780528846
2024-01-17 22:15:00,1447.9753327652397,0.0,1447.9753327652397,0.0,0.0,0.0,0.0,False,NORMAL,0.7,IDLE,0.0,0.0,0.0,0.0,1447.9753327652397
2024-01-17 22:30:00,1296.211294231884,0.0,1296.211294231884,0.0,0.0,0.0,0.0,False,NORMAL,0.7,IDLE,0.0,0.0,0.0,0.0,1296.211294231884
2024-01-17 22:45:00,1127.247364752771,0.0,1127.247364752771,0.0,0.0,0.0,0.0,False,NORMAL,0.7,IDLE,0.0,0.0,0.0,0.0,1127.247364752771
2024-01-17 23:00:00,1049.165028212543,0.0,1049.165028212543,0.0,0.0,0.0,0.0,False,NORMAL,0.7,IDLE,0.0,0.0,0.0,0.0,1049.165028212543
2024-01-17 23:15:00,934.7534499218596,0.0,934.7534499218596,0.0,0.0,0.0,0.0,False,NORMAL,0.7,IDLE,0.0,0.0,0.0,0.0,934.7534499218596
2024-01-17 23:30:00,944.6599649930499,0.0,944.6599649930499,0.0,0.0,0.0,0.0,False,NORMAL,0.7,IDLE,0.0,0.0,0.0,0.0,944.6599649930499
2024-01-17 23:45:00,920.9588165159289,0.0,920.9588165159289,0.0,0.0,0.0,0.0,False,NORMAL,0.7,IDLE,0.0,0.0,0.0,0.0,920.9588165159289
2024-01-18 00:00:00,745.3353695620305,0.0,745.3353695620305,0.0,0.0,0.0,0.0,False,NORMAL,0.7,IDLE,0.0,0.0,0.0,0.0,745.3353695620305
2024-01-18 00:15:00,826.2781048386739,0.0,826.2781048386739,0.0,0.0,0.0,0.0,False,NORMAL,0.7,IDLE,0.0,0.0,0.0,0.0,826.2781048386739
2024-01-18 00:30:00,806.9661183101625,0.0,806.9661183101625,0.0,0.0,0.0,0.0,False,NORMAL,0.7,IDLE,0.0,0.0,0.0,0.0,806.9661183101625
2024-01-18 00:45:00,802.6063472574526,0.0,802.6063472574526,0.0,0.0,0.0,0.0,False,NORMAL,0.7,IDLE,0.0,0.0,0.0,0.0,802.6063472574526
2024-01-18 01:00:00,678.0075238800258,0.0,678.0075238800258,0.0,0.0,0.0,0.0,False,NORMAL,0.7,IDLE,0.0,0.0,0.0,0.0,678.0075238800258
2024-01-18 01:15:00,762.8910033507861,0.0,762.8910033507861,0.0,0.0,0.0,0.0,False,NORMAL,0.7,IDLE,0.0,0.0,0.0,0.0,762.8910033507861
2024-01-18 01:30:00,812.3510229269389,0.0,812.3510229269389,0.0,0.0,0.0,0.0,False,NORMAL,0.7,IDLE,0.0,0.0,0.0,0.0,812.3510229269389
2024-01-18 01:45:00,792.9800174278762,0.0,792.9800174278762,0.0,0.0,0.0,0.0,False,NORMAL,0.7,IDLE,0.0,0.0,0.0,0.0,792.9800174278762
2024-01-18 02:00:00,744.3516482496486,0.0,744.3516482496486,0.0,0.0,0.0,0.0,False,NORMAL,0.7,IDLE,0.0,0.0,0.0,0.0,744.3516482496486
2024-01-18 02:15:00,753.4832951784856,0.0,753.4832951784856,0.0,0.0,0.0,0.0,False,NORMAL,0.7,IDLE,0.0,0.0,0.0,0.0,753.4832951784856
2024-01-18 02:30:00,815.9207145972815,0.0,815.9207145972815,0.0,0.0,0.0,0.0,False,NORMAL,0.7,IDLE,0.0,0.0,0.0,0.0,815.9207145972815
2024-01-18 02:45:00,782.1355629788123,0.0,782.1355629788123,0.0,0.0,0.0,0.0,False,NORMAL,0.7,IDLE,0.0,0.0,0.0,0.0,782.1355629788123
2024-01-18 03:00:00,791.9295393917168,0.0,791.9295393917168,0.0,0.0,0.0,0.0,False,NORMAL,0.7,IDLE,0.0,0.0,0.0,0.0,791.9295393917168
2024-01-18 03:15:00,767.3843263343019,0.0,767.3843263343019,0.0,0.0,0.0,0.0,False,NORMAL,0.7,IDLE,0.0,0.0,0.0,0.0,767.3843263343019
2024-01-18 03:30:00,783.9615121341362,0.0,783.9615121341362,0.0,0.0,0.0,0.0,False,NORMAL,0.7,IDLE,0.0,0.0,0.0,0.0,783.9615121341362
2024-01-18 03:45:00,730.2317718463455,0.0,730.2317718463455,0.0,0.0,0.0,0.0,False,NORMAL,0.7,IDLE,0.0,0.0,0.0,0.0,730.2317718463455
2024-01-18 04:00:00,829.0056276610483,0.0,829.0056276610483,0.0,0.0,0.0,0.0,False,NORMAL,0.7,IDLE,0.0,0.0,0.0,0.0,829.0056276610483
2024-01-18 04:15:00,769.4734461008438,0.0,769.4734461008438,0.0,0.0,0.0,0.0,False,NORMAL,0.7,IDLE,0.0,0.0,0.0,0.0,769.4734461008438
2024-01-18 04:30:00,801.049225026386,0.0,801.049225026386,0.0,0.0,0.0,0.0,False,NORMAL,0.7,IDLE,0.0,0.0,0.0,0.0,801.049225026386
2024-01-18 04:45:00,835.1813315780798,0.0,835.1813315780798,0.0,0.0,0.0,0.0,False,NORMAL,0.7,IDLE,0.0,0.0,0.0,0.0,835.1813315780798
2024-01-18 05:00:00,793.3047352930323,0.0,793.3047352930323,0.0,0.0,0.0,0.0,False,NORMAL,0.7,IDLE,0.0,0.0,0.0,0.0,793.3047352930323
2024-01-18 05:15:00,873.7820978948093,0.0,873.7820978948093,0.0,0.0,0.0,0.0,False,NORMAL,0.7,IDLE,0.0,0.0,0.0,0.0,873.7820978948093
2024-01-18 05:30:00,981.2957734009442,0.0,981.2957734009442,0.0,0.0,0.0,0.0,False,NORMAL,0.7,IDLE,0.0,0.0,0.0,0.0,981.2957734009442
2024-01-18 05:45:00,1105.2323905780922,0.0,1105.2323905780922,0.0,0.0,0.0,0.0,False,NORMAL,0.7,IDLE,0.0,0.0,0.0,0.0,1105.2323905780922
2024-01-18 06:00:00,1110.5874306557032,3.853346750407514e-22,1110.5874306557032,0.0,0.0,0.0,0.0,False,NORMAL,0.7,IDLE,0.0,0.0,0.0,0.0,1110.5874306557032
2024-01-18 06:15:00,1278.0082225206897,11.835076958344576,1266.173145562345,0.0,0.0,0.0,0.0,False,NORMAL,0.7,IDLE,0.0,0.0,0.0,0.0,1266.173145562345
2024-01-18 06:30:00,1319.6574587799003,34.2925200353695,1285.3649387445307,0.0,0.0,0.0,0.0,False,NORMAL,0.7,IDLE,0.0,0.0,0.0,0.0,1285.3649387445307
2024-01-18 06:45:00,1515.3735329331257,65.26394785114375,1450.109585081982,0.0,0.0,0.0,0.0,False,NORMAL,0.7,IDLE,0.0,0.0,0.0,0.0,1450.109585081982
2024-01-18 07:00:00,1579.791910486107,100.17959964293598,1479.6123108431711,0.0,0.0,0.0,0.0,False,NORMAL,0.7,IDLE,0.0,0.0,0.0,0.0,1479.6123108431711
2024-01-18 07:15:00,1654.6360720859911,133.16350469944598,1521.472567386545,0.0,0.0,0.0,0.0,False,NORMAL,0.7,IDLE,0.0,0.0,0.0,0.0,1521.472567386545
2024-01-18 07:30:00,1799.1448017207458,175.88447479484594,1623.2603269258998,0.0,0.0,0.0,0.0,False,NORMAL,0.7,IDLE,0.0,0.0,0.0,0.0,1623.2603269258998
2024-01-18 07:45:00,1840.7727860581329,213.91595374396252,1626.8568323141703,0.0,0.0,0.0,0.0,False,NORMAL,0.7,IDLE,0.0,0.0,0.0,0.0,1626.8568323141703
2024-01-18 08:00:00,1950.1308272153215,260.02785486202885,1690.1029723532927,0.0,0.0,0.0,0.0,False,NORMAL,0.7,IDLE,0.0,0.0,0.0,0.0,1690.1029723532927
2024-01-18 08:15:00,2005.0945084878372,312.59214204305124,1692.5023664447858,0.0,0.0,0.0,0.0,False,NORMAL,0.7,IDLE,0.0,0.0,0.0,0.0,1692.5023664447858
2024-01-18 08:30:00,2127.086080316884,350.93702870177975,1776.149051615104,0.0,0.0,0.0,0.0,False,WATCH,0.7,IDLE,0.0,0.0,0.0,0.0,1776.149051615104
2024-01-18 08:45:00,2132.6457591421718,399.42548751625236,1733.2202716259194,0.0,0.0,0.0,0.0,False,WATCH,0.7,IDLE,0.0,0.0,0.0,0.0,1733.2202716259194
2024-01-18 09:00:00,1783.4347305532008,428.1306586549966,1355.3040718982043,0.0,0.0,0.0,0.0,False,NORMAL,0.7,IDLE,0.0,0.0,0.0,0.0,1355.3040718982043
2024-01-18 09:15:00,1849.6201859640796,508.821859882351,1340.7983260817286,0.0,0.0,0.0,0.0,False,NORMAL,0.7,IDLE,0.0,0.0,0.0,0.0,1340.7983260817286
2024-01-18 09:30:00,1742.349126695584,542.9403512265663,1199.4087754690177,0.0,0.0,0.0,0.0,False,NORMAL,0.7,IDLE,0.0,0.0,0.0,0.0,1199.4087754690177
2024-01-18 09:45:00,1806.8879871765969,589.0238277895297,1217.864159387067,0.0,0.0,0.0,0.0,False,NORMAL,0.7,IDLE,0.0,0.0,0.0,0.0,1217.864159387067
2024-01-18 10:00:00,1802.4383553162486,637.1606030445824,1165.277752271666,0.0,0.0,0.0,0.0,False,NORMAL,0.7,IDLE,0.0,0.0,0.0,0.0,1165.277752271666
2024-01-18 10:15:00,1803.0990570023364,396.5811327321304,1406.517924270206,0.0,0.0,0.0,0.0,False,NORMAL,0.7,IDLE,0.0,0.0,0.0,0.0,1406.517924270206
2024-01-18 10:30:00,1807.285271906115,673.194154634512,1134.091117271603,0.0,0.0,0.0,0.0,False,NORMAL,0.7,IDLE,0.0,0.0,0.0,0.0,1134.091117271603
2024-01-18 10:45:00,1801.4567717353095,668.5557262651166,1132.901045470193,0.0,0.0,0.0,0.0,False,NORMAL,0.7,IDLE,0.0,0.0,0.0,0.0,1132.901045470193
2024-01-18 11:00:00,1808.5969050210956,802.4129927711225,1006.1839122499731,0.0,0.0,0.0,0.0,False,NORMAL,0.7,IDLE,0.0,0.0,0.0,0.0,1006.1839122499731
2024-01-18 11:15:00,1834.66176755357,750.3066251401732,1084.3551424133966,0.0,0.0,0.0,0.0,False,NORMAL,0.7,IDLE,0.0,0.0,0.0,0.0,1084.3551424133966
2024-01-18 11:30:00,1828.5030163042074,793.7272859679205,1034.7757303362869,0.0,0.0,0.0,0.0,False,NORMAL,0.7,IDLE,0.0,0.0,0.0,0.0,1034.7757303362869
2024-01-18 11:45:00,1798.423930927583,752.2990445145525,1046.1248864130303,0.0,0.0,0.0,0.0,False,NORMAL,0.7,IDLE,0.0,0.0,0.0,0.0,1046.1248864130303
2024-01-18 12:00:00,1791.9131553884072,811.8793860837176,980.0337693046896,0.0,0.0,0.0,0.0,False,NORMAL,0.7,IDLE,0.0,0.0,0.0,0.0,980.0337693046896
2024-01-18 12:15:00,1830.314575946309,834.7158213831083,995.5987545632008,0.0,0.0,0.0,0.0,False,NORMAL,0.7,IDLE,0.0,0.0,0.0,0.0,995.5987545632008
2024-01-18 12:30:00,1745.4428037556777,786.8897305645563,958.5530731911214,0.0,0.0,0.0,0.0,False,NORMAL,0.7,IDLE,0.0,0.0,0.0,0.0,958.5530731911214
2024-01-18 12:45:00,1719.2347371477035,757.6263959563817,961.6083411913219,0.0,0.0,0.0,0.0,False,NORMAL,0.7,IDLE,0.0,0.0,0.0,0.0,961.6083411913219
2024-01-18 13:00:00,1796.305862142087,766.5356328069176,1029.7702293351695,0.0,0.0,0.0,0.0,False,NORMAL,0.7,IDLE,0.0,0.0,0.0,0.0,1029.7702293351695
2024-01-18 13:15:00,1755.4087548554712,495.4031470149994,1260.0056078404718,0.0,0.0,0.0,0.0,False,NORMAL,0.7,IDLE,0.0,0.0,0.0,0.0,1260.0056078404718
2024-01-18 13:30:00,1684.4683051138013,399.62459044235993,1284.8437146714414,0.0,0.0,0.0,0.0,False,NORMAL,0.7,IDLE,0.0,0.0,0.0,0.0,1284.8437146714414
2024-01-18 13:45:00,1770.497899203444,329.3221808129291,1441.1757183905147,0.0,0.0,0.0,0.0,False,NORMAL,0.7,IDLE,0.0,0.0,0.0,0.0,1441.1757183905147
2024-01-18 14:00:00,1806.0789034494546,679.7808911509305,1126.298012298524,0.0,0.0,0.0,0.0,False,NORMAL,0.7,IDLE,0.0,0.0,0.0,0.0,1126.298012298524
2024-01-18 14:15:00,1839.2152945034409,213.08562349293683,1626.1296710105041,0.0,0.0,0.0,0.0,False,NORMAL,0.7,IDLE,0.0,0.0,0.0,0.0,1626.1296710105041
2024-01-18 14:30:00,1811.585084971289,623.1221919116468,1188.4628930596423,0.0,0.0,0.0,0.0,False,NORMAL,0.7,IDLE,0.0,0.0,0.0,0.0,1188.4628930596423
2024-01-18 14:45:00,1849.3222049994024,585.7637225454273,1263.558482453975,0.0,0.0,0.0,0.0,False,NORMAL,0.7,IDLE,0.0,0.0,0.0,0.0,1263.558482453975
2024-01-18 15:00:00,1870.4973489624645,508.12808511520404,1362.3692638472603,0.0,0.0,0.0,0.0,False,NORMAL,0.7,IDLE,0.0,0.0,0.0,0.0,1362.3692638472603
2024-01-18 15:15:00,1824.160389840345,493.407441741879,1330.752948098466,0.0,0.0,0.0,0.0,False,NORMAL,0.7,IDLE,0.0,0.0,0.0,0.0,1330.752948098466
2024-01-18 15:30:00,1836.4893085976641,480.53347382172524,1355.955834775939,0.0,0.0,0.0,0.0,False,NORMAL,0.7,IDLE,0.0,0.0,0.0,0.0,1355.955834775939
2024-01-18 15:45:00,1830.90731284178,386.25820395737895,1444.649108884401,0.0,0.0,0.0,0.0,False,NORMAL,0.7,IDLE,0.0,0.0,0.0,0.0,1444.649108884401
2024-01-18 16:00:00,1864.9334800557854,355.3860771183999,1509.5474029373854,0.0,0.0,0.0,0.0,False,NORMAL,0.7,IDLE,0.0,0.0,0.0,0.0,1509.5474029373854
2024-01-18 16:15:00,1941.0683284083548,328.18038066842735,1612.8879477399273,0.0,0.0,0.0,0.0,False,NORMAL,0.7,IDLE,0.0,0.0,0.0,0.0,1612.8879477399273
2024-01-18 16:30:00,1941.0301897670906,273.13493338570095,1667.8952563813896,0.0,0.0,0.0,0.0,False,NORMAL,0.7,IDLE,0.0,0.0,0.0,0.0,1667.8952563813896
2024-01-18 16:45:00,2097.579019124468,216.28306406106782,1881.2959550634,0.0,0.0,0.0,0.0,False,WATCH,0.7,IDLE,0.0,0.0,0.0,0.0,1881.2959550634
2024-01-18 17:00:00,2142.2133103263477,177.68727535890105,1964.5260349674468,0.0,0.0,0.0,0.0,False,WARNING,0.7,IDLE,0.0,0.0,0.0,0.0,1964.5260349674468
2024-01-18 17:15:00,2243.00501610826,135.81031307017804,2107.194703038082,0.0,0.0,0.0,0.0,False,WARNING,0.7,IDLE,0.0,0.0,0.0,0.0,2107.194703038082
2024-01-18 17:30:00,2282.164827967336,95.85535312966024,2186.3094748376757,0.0,0.0,0.0,0.0,False,WARNING,0.7,IDLE,0.0,0.0,0.0,0.0,2186.3094748376757
2024-01-18 17:45:00,2340.976268150662,63.98934172325332,2276.9869264274084,0.0,0.0,0.0,0.0,False,WARNING,0.7,IDLE,0.0,0.0,0.0,0.0,2276.9869264274084
2024-01-18 18:00:00,2301.2113332831054,34.78748624745291,2266.4238470356527,0.0,0.0,0.0,0.0,False,WARNING,0.7,IDLE,0.0,0.0,0.0,0.0,2266.4238470356527
2024-01-18 18:15:00,2290.8862689130965,12.48229208706799,2278.4039768260286,0.0,0.0,0.0,0.0,False,WARNING,0.7,IDLE,0.0,0.0,0.0,0.0,2278.4039768260286
2024-01-18 18:30:00,2373.742308155524,3.703363292819299e-22,2373.742308155524,0.0,0.0,0.0,0.0,True,CRITICAL,0.7,IDLE,0.0,0.0,0.0,73.74230815552392,2373.742308155524
2024-01-18 18:45:00,2370.016711381414,0.0,2370.016711381414,0.0,0.0,0.0,0.0,True,CRITICAL,0.7,IDLE,0.0,0.0,0.0,70.0167113814141,2370.016711381414
2024-01-18 19:00:00,2347.292011522682,0.0,2347.292011522682,0.0,0.0,0.0,0.0,True,CRITICAL,0.7,IDLE,0.0,0.0,0.0,47.29201152268206,2347.292011522682
2024-01-18 19:15:00,2266.252144009573,0.0,2266.252144009573,0.0,0.0,0.0,0.0,False,WARNING,0.7,IDLE,0.0,0.0,0.0,0.0,2266.252144009573
2024-01-18 19:30:00,2290.8545548216907,0.0,2290.8545548216907,0.0,0.0,0.0,0.0,False,WARNING,0.7,IDLE,0.0,0.0,0.0,0.0,2290.8545548216907
2024-01-18 19:45:00,2248.464446959823,0.0,2248.464446959823,0.0,0.0,0.0,0.0,False,WARNING,0.7,IDLE,0.0,0.0,0.0,0.0,2248.464446959823
2024-01-18 20:00:00,2282.8651424916357,0.0,2282.8651424916357,0.0,0.0,0.0,0.0,False,WARNING,0.7,IDLE,0.0,0.0,0.0,0.0,2282.8651424916357
2024-01-18 20:15:00,2295.4680161084757,0.0,2295.4680161084757,0.0,0.0,0.0,0.0,False,WARNING,0.7,IDLE,0.0,0.0,0.0,0.0,2295.4680161084757
2024-01-18 20:30:00,2204.0251428799106,0.0,2204.0251428799106,0.0,0.0,0.0,0.0,False,WARNING,0.7,IDLE,0.0,0.0,0.0,0.0,2204.0251428799106
2024-01-18 20:45:00,2160.837871258716,0.0,2160.837871258716,0.0,0.0,0.0,0.0,False,WARNING,0.7,IDLE,0.0,0.0,0.0,0.0,2160.837871258716
2024-01-18 21:00:00,2075.1017655160204,0.0,2075.1017655160204,0.0,0.0,0.0,0.0,False,WARNING,0.7,IDLE,0.0,0.0,0.0,0.0,2075.1017655160204
2024-01-18 21:15:00,2050.9662363146363,0.0,2050.9662363146363,0.0,0.0,0.0,0.0,False,WARNING,0.7,IDLE,0.0,0.0,0.0,0.0,2050.9662363146363
2024-01-18 21:30:00,1872.2247491006915,0.0,1872.2247491006915,0.0,0.0,0.0,0.0,False,WATCH,0.7,IDLE,0.0,0.0,0.0,0.0,1872.2247491006915
2024-01-18 21:45:00,1762.8009938466048,0.0,1762.8009938466048,0.0,0.0,0.0,0.0,False,WATCH,0.7,IDLE,0.0,0.0,0.0,0.0,1762.8009938466048
2024-01-18 22:00:00,1638.708337286203,0.0,1638.708337286203,0.0,0.0,0.0,0.0,False,NORMAL,0.7,IDLE,0.0,0.0,0.0,0.0,1638.708337286203
2024-01-18 22:15:00,1468.3803664104037,0.0,1468.3803664104037,0.0,0.0,0.0,0.0,False,NORMAL,0.7,IDLE,0.0,0.0,0.0,0.0,1468.3803664104037
2024-01-18 22:30:00,1336.6087616602013,0.0,1336.6087616602013,0.0,0.0,0.0,0.0,False,NORMAL,0.7,IDLE,0.0,0.0,0.0,0.0,1336.6087616602013
2024-01-18 22:45:00,1211.9959620594318,0.0,1211.9959620594318,0.0,0.0,0.0,0.0,False,NORMAL,0.7,IDLE,0.0,0.0,0.0,0.0,1211.9959620594318
2024-01-18 23:00:00,940.3072447720481,0.0,940.3072447720481,0.0,0.0,0.0,0.0,False,NORMAL,0.7,IDLE,0.0,0.0,0.0,0.0,940.3072447720481
2024-01-18 23:15:00,1028.80508541264,0.0,1028.80508541264,0.0,0.0,0.0,0.0,False,NORMAL,0.7,IDLE,0.0,0.0,0.0,0.0,1028.80508541264
2024-01-18 23:30:00,936.5181770426362,0.0,936.5181770426362,0.0,0.0,0.0,0.0,False,NORMAL,0.7,IDLE,0.0,0.0,0.0,0.0,936.5181770426362
2024-01-18 23:45:00,856.697556252223,0.0,856.697556252223,0.0,0.0,0.0,0.0,False,NORMAL,0.7,IDLE,0.0,0.0,0.0,0.0,856.697556252223
2024-01-19 00:00:00,770.9777940298904,0.0,770.9777940298904,0.0,0.0,0.0,0.0,False,NORMAL,0.7,IDLE,0.0,0.0,0.0,0.0,770.9777940298904
2024-01-19 00:15:00,784.936673287116,0.0,784.936673287116,0.0,0.0,0.0,0.0,False,NORMAL,0.7,IDLE,0.0,0.0,0.0,0.0,784.936673287116
2024-01-19 00:30:00,792.0399906608352,0.0,792.0399906608352,0.0,0.0,0.0,0.0,False,NORMAL,0.7,IDLE,0.0,0.0,0.0,0.0,792.0399906608352
2024-01-19 00:45:00,786.7552705150309,0.0,786.7552705150309,0.0,0.0,0.0,0.0,False,NORMAL,0.7,IDLE,0.0,0.0,0.0,0.0,786.7552705150309
2024-01-19 01:00:00,778.7716355678513,0.0,778.7716355678513,0.0,0.0,0.0,0.0,False,NORMAL,0.7,IDLE,0.0,0.0,0.0,0.0,778.7716355678513
2024-01-19 01:15:00,785.8944179277372,0.0,785.8944179277372,0.0,0.0,0.0,0.0,False,NORMAL,0.7,IDLE,0.0,0.0,0.0,0.0,785.8944179277372
2024-01-19 01:30:00,846.7636939700586,0.0,846.7636939700586,0.0,0.0,0.0,0.0,False,NORMAL,0.7,IDLE,0.0,0.0,0.0,0.0,846.7636939700586
2024-01-19 01:45:00,785.3534903238358,0.0,785.3534903238358,0.0,0.0,0.0,0.0,False,NORMAL,0.7,IDLE,0.0,0.0,0.0,0.0,785.3534903238358
2024-01-19 02:00:00,774.8080099697823,0.0,774.8080099697823,0.0,0.0,0.0,0.0,False,NORMAL,0.7,IDLE,0.0,0.0,0.0,0.0,774.8080099697823
2024-01-19 02:15:00,743.4205740886963,0.0,743.4205740886963,0.0,0.0,0.0,0.0,False,NORMAL,0.7,IDLE,0.0,0.0,0.0,0.0,743.4205740886963
2024-01-19 02:30:00,773.2675170733633,0.0,773.2675170733633,0.0,0.0,0.0,0.0,False,NORMAL,0.7,IDLE,0.0,0.0,0.0,0.0,773.2675170733633
2024-01-19 02:45:00,760.0073038907702,0.0,760.0073038907702,0.0,0.0,0.0,0.0,False,NORMAL,0.7,IDLE,0.0,0.0,0.0,0.0,760.0073038907702
2024-01-19 03:00:00,835.7142060100725,0.0,835.7142060100725,0.0,0.0,0.0,0.0,False,NORMAL,0.7,IDLE,0.0,0.0,0.0,0.0,835.7142060100725
2024-01-19 03:15:00,763.8554633823359,0.0,763.8554633823359,0.0,0.0,0.0,0.0,False,NORMAL,0.7,IDLE,0.0,0.0,0.0,0.0,763.8554633823359
2024-01-19 03:30:00,743.3313531172221,0.0,743.3313531172221,0.0,0.0,0.0,0.0,False,NORMAL,0.7,IDLE,0.0,0.0,0.0,0.0,743.3313531172221
2024-01-19 03:45:00,770.292836385368,0.0,770.292836385368,0.0,0.0,0.0,0.0,False,NORMAL,0.7,IDLE,0.0,0.0,0.0,0.0,770.292836385368
2024-01-19 04:00:00,783.2279448513991,0.0,783.2279448513991,0.0,0.0,0.0,0.0,False,NORMAL,0.7,IDLE,0.0,0.0,0.0,0.0,783.2279448513991
2024-01-19 04:15:00,842.8106273687386,0.0,842.8106273687386,0.0,0.0,0.0,0.0,False,NORMAL,0.7,IDLE,0.0,0.0,0.0,0.0,842.8106273687386
2024-01-19 04:30:00,754.7099635242836,0.0,754.7099635242836,0.0,0.0,0.0,0.0,False,NORMAL,0.7,IDLE,0.0,0.0,0.0,0.0,754.7099635242836
2024-01-19 04:45:00,784.1919901262324,0.0,784.1919901262324,0.0,0.0,0.0,0.0,False,NORMAL,0.7,IDLE,0.0,0.0,0.0,0.0,784.1919901262324
2024-01-19 05:00:00,753.7914531246442,0.0,753.7914531246442,0.0,0.0,0.0,0.0,False,NORMAL,0.7,IDLE,0.0,0.0,0.0,0.0,753.7914531246442
2024-01-19 05:15:00,839.5711758137306,0.0,839.5711758137306,0.0,0.0,0.0,0.0,False,NORMAL,0.7,IDLE,0.0,0.0,0.0,0.0,839.5711758137306
2024-01-19 05:30:00,927.1336260549284,0.0,927.1336260549284,0.0,0.0,0.0,0.0,False,NORMAL,0.7,IDLE,0.0,0.0,0.0,0.0,927.1336260549284
2024-01-19 05:45:00,1013.3122130257107,0.0,1013.3122130257107,0.0,0.0,0.0,0.0,False,NORMAL,0.7,IDLE,0.0,0.0,0.0,0.0,1013.3122130257107
2024-01-19 06:00:00,1119.0906913967688,3.4458736107709834e-22,1119.0906913967688,0.0,0.0,0.0,0.0,False,NORMAL,0.7,IDLE,0.0,0.0,0.0,0.0,1119.0906913967688
2024-01-19 06:15:00,1205.463579665386,10.92857532345768,1194.5350043419285,0.0,0.0,0.0,0.0,False,NORMAL,0.7,IDLE,0.0,0.0,0.0,0.0,1194.5350043419285
2024-01-19 06:30:00,1324.8811167462034,32.37653969044553,1292.5045770557579,0.0,0.0,0.0,0.0,False,NORMAL,0.7,IDLE,0.0,0.0,0.0,0.0,1292.5045770557579
2024-01-19 06:45:00,1444.1340261789255,58.439307404106074,1385.6947187748194,0.0,0.0,0.0,0.0,False,NORMAL,0.7,IDLE,0.0,0.0,0.0,0.0,1385.6947187748194
2024-01-19 07:00:00,1506.2696737788847,87.52251273783178,1418.747161041053,0.0,0.0,0.0,0.0,False,NORMAL,0.7,IDLE,0.0,0.0,0.0,0.0,1418.747161041053
2024-01-19 07:15:00,1677.637981614586,121.33109578988562,1556.3068858247002,0.0,0.0,0.0,0.0,False,NORMAL,0.7,IDLE,0.0,0.0,0.0,0.0,1556.3068858247002
2024-01-19 07:30:00,1759.4246025650862,155.19924371156418,1604.225358853522,0.0,0.0,0.0,0.0,False,NORMAL,0.7,IDLE,0.0,0.0,0.0,0.0,1604.225358853522
2024-01-19 07:45:00,1783.4846343701738,189.5115674042631,1593.9730669659107,0.0,0.0,0.0,0.0,False,NORMAL,0.7,IDLE,0.0,0.0,0.0,0.0,1593.9730669659107
2024-01-19 08:00:00,1901.7134744533805,243.18658603489266,1658.526888418488,0.0,0.0,0.0,0.0,False,NORMAL,0.7,IDLE,0.0,0.0,0.0,0.0,1658.526888418488
2024-01-19 08:15:00,1985.3208094762504,285.87790555346487,1699.4429039227855,0.0,0.0,0.0,0.0,False,NORMAL,0.7,IDLE,0.0,0.0,0.0,0.0,1699.4429039227855
2024-01-19 08:30:00,2080.0944613738966,185.9209902299458,1894.1734711439508,0.0,0.0,0.0,0.0,False,WATCH,0.7,IDLE,0.0,0.0,0.0,0.0,1894.1734711439508
2024-01-19 08:45:00,2210.575306600457,355.2300304284054,1855.3452761720519,0.0,0.0,0.0,0.0,False,WATCH,0.7,IDLE,0.0,0.0,0.0,0.0,1855.3452761720519
2024-01-19 09:00:00,1733.6138051183568,395.46466337641,1338.1491417419468,0.0,0.0,0.0,0.0,False,NORMAL,0.7,IDLE,0.0,0.0,0.0,0.0,1338.1491417419468
2024-01-19 09:15:00,1783.1823392365195,436.02653969776395,1347.1557995387557,0.0,0.0,0.0,0.0,False,NORMAL,0.7,IDLE,0.0,0.0,0.0,0.0,1347.1557995387557
2024-01-19 09:30:00,1770.6499092786842,244.33937704637316,1526.310532232311,0.0,0.0,0.0,0.0,False,NORMAL,0.7,IDLE,0.0,0.0,0.0,0.0,1526.310532232311
2024-01-19 09:45:00,1781.2219608036544,279.3717969613114,1501.850163842343,0.0,0.0,0.0,0.0,False,NORMAL,0.7,IDLE,0.0,0.0,0.0,0.0,1501.850163842343
2024-01-19 10:00:00,1808.7375300119347,531.858284797725,1276.8792452142097,0.0,0.0,0.0,0.0,False,NORMAL,0.7,IDLE,0.0,0.0,0.0,0.0,1276.8792452142097
2024-01-19 10:15:00,1748.647762136559,358.2534587362334,1390.3943034003257,0.0,0.0,0.0,0.0,False,NORMAL,0.7,IDLE,0.0,0.0,0.0,0.0,1390.3943034003257
2024-01-19 10:30:00,1793.7699838548688,625.955924015292,1167.8140598395767,0.0,0.0,0.0,0.0,False,NORMAL,0.7,IDLE,0.0,0.0,0.0,0.0,1167.8140598395767
2024-01-19 10:45:00,1771.5795501258021,619.9736604615924,1151.6058896642098,0.0,0.0,0.0,0.0,False,NORMAL,0.7,IDLE,0.0,0.0,0.0,0.0,1151.6058896642098
2024-01-19 11:00:00,1821.9453400106315,625.7618498412331,1196.1834901693983,0.0,0.0,0.0,0.0,False,NORMAL,0.7,IDLE,0.0,0.0,0.0,0.0,1196.1834901693983
2024-01-19 11:15:00,1785.4146787068084,658.7393271837831,1126.6753515230253,0.0,0.0,0.0,0.0,False,NORMAL,0.7,IDLE,0.0,0.0,0.0,0.0,1126.6753515230253
2024-01-19 11:30:00,1828.7408779757093,675.9451740945981,1152.7957038811112,0.0,0.0,0.0,0.0,False,NORMAL,0.7,IDLE,0.0,0.0,0.0,0.0,1152.7957038811112
2024-01-19 11:45:00,1763.7386313860216,725.3025189174306,1038.436112468591,0.0,0.0,0.0,0.0,False,NORMAL,0.7,IDLE,0.0,0.0,0.0,0.0,1038.436112468591
2024-01-19 12:00:00,1749.0835562318982,718.5779478291682,1030.50560840273,0.0,0.0,0.0,0.0,False,NORMAL,0.7,IDLE,0.0,0.0,0.0,0.0,1030.50560840273
2024-01-19 12:15:00,1693.6361987775936,725.3950905114826,968.2411082661109,0.0,0.0,0.0,0.0,False,NORMAL,0.7,IDLE,0.0,0.0,0.0,0.0,968.2411082661109
2024-01-19 12:30:00,1675.1955227412614,716.3786252270243,958.8168975142371,0.0,0.0,0.0,0.0,False,NORMAL,0.7,IDLE,0.0,0.0,0.0,0.0,958.8168975142371
2024-01-19 12:45:00,1685.731863678489,712.6476886575274,973.0841750209615,0.0,0.0,0.0,0.0,False,NORMAL,0.7,IDLE,0.0,0.0,0.0,0.0,973.0841750209615
2024-01-19 13:00:00,1739.532641415021,668.6123200609351,1070.920321354086,0.0,0.0,0.0,0.0,False,NORMAL,0.7,IDLE,0.0,0.0,0.0,0.0,1070.920321354086
2024-01-19 13:15:00,1737.6324943426046,664.4853681228484,1073.147126219756,0.0,0.0,0.0,0.0,False,NORMAL,0.7,IDLE,0.0,0.0,0.0,0.0,1073.147126219756
2024-01-19 13:30:00,1684.490018467418,631.0910208365686,1053.3989976308494,0.0,0.0,0.0,0.0,False,NORMAL,0.7,IDLE,0.0,0.0,0.0,0.0,1053.3989976308494
2024-01-19 13:45:00,1762.1094363032246,624.7295851483273,1137.3798511548973,0.0,0.0,0.0,0.0,False,NORMAL,0.7,IDLE,0.0,0.0,0.0,0.0,1137.3798511548973
2024-01-19 14:00:00,1782.7298894502492,615.9515748375671,1166.7783146126822,0.0,0.0,0.0,0.0,False,NORMAL,0.7,IDLE,0.0,0.0,0.0,0.0,1166.7783146126822
2024-01-19 14:15:00,1817.6014999855954,577.5764282697693,1240.025071715826,0.0,0.0,0.0,0.0,False,NORMAL,0.7,IDLE,0.0,0.0,0.0,0.0,1240.025071715826
2024-01-19 14:30:00,1868.69821615632,565.459578494261,1303.238637662059,0.0,0.0,0.0,0.0,False,NORMAL,0.7,IDLE,0.0,0.0,0.0,0.0,1303.238637662059
2024-01-19 14:45:00,1858.9030243762775,492.810454550009,1366.0925698262686,0.0,0.0,0.0,0.0,False,NORMAL,0.7,IDLE,0.0,0.0,0.0,0.0,1366.0925698262686
2024-01-19 15:00:00,1791.4974214294662,481.40944537273714,1310.087976056729,0.0,0.0,0.0,0.0,False,NORMAL,0.7,IDLE,0.0,0.0,0.0,0.0,1310.087976056729
2024-01-19 15:15:00,1765.061426650948,420.10931664408304,1344.952110006865,0.0,0.0,0.0,0.0,False,NORMAL,0.7,IDLE,0.0,0.0,0.0,0.0,1344.952110006865
2024-01-19 15:30:00,1726.2644723785975,398.2957129142408,1327.9687594643567,0.0,0.0,0.0,0.0,False,NORMAL,0.7,IDLE,0.0,0.0,0.0,0.0,1327.9687594643567
2024-01-19 15:45:00,1802.1230306051093,364.8027277872187,1437.3203028178905,0.0,0.0,0.0,0.0,False,NORMAL,0.7,IDLE,0.0,0.0,0.0,0.0,1437.3203028178905
2024-01-19 16:00:00,1799.0537653068807,313.97829217286926,1485.0754731340114,0.0,0.0,0.0,0.0,False,NORMAL,0.7,IDLE,0.0,0.0,0.0,0.0,1485.0754731340114
2024-01-19 16:15:00,1838.7706985016,279.59783760656876,1559.1728608950311,0.0,0.0,0.0,0.0,False,NORMAL,0.7,IDLE,0.0,0.0,0.0,0.0,1559.1728608950311
2024-01-19 16:30:00,1964.1512899708548,227.73257771440342,1736.4187122564513,0.0,0.0,0.0,0.0,False,WATCH,0.7,IDLE,0.0,0.0,0.0,0.0,1736.4187122564513
2024-01-19 16:45:00,2041.0155081746377,185.10432835945966,1855.911179815178,0.0,0.0,0.0,0.0,False,WATCH,0.7,IDLE,0.0,0.0,0.0,0.0,1855.911179815178
2024-01-19 17:00:00,2132.976968988187,159.2447031496142,1973.7322658385726,0.0,0.0,0.0,0.0,False,WARNING,0.7,IDLE,0.0,0.0,0.0,0.0,1973.7322658385726
2024-01-19 17:15:00,2181.847088433904,126.76426468742648,2055.0828237464775,0.0,0.0,0.0,0.0,False,WARNING,0.7,IDLE,0.0,0.0,0.0,0.0,2055.0828237464775
2024-01-19 17:30:00,2253.6803747770637,45.97711425995755,2207.703260517106,0.0,0.0,0.0,0.0,False,WARNING,0.7,IDLE,0.0,0.0,0.0,0.0,2207.703260517106
2024-01-19 17:45:00,2264.5782009046534,58.96625527917034,2205.6119456254833,0.0,0.0,0.0,0.0,False,WARNING,0.7,IDLE,0.0,0.0,0.0,0.0,2205.6119456254833
2024-01-19 18:00:00,2256.9943386714704,31.15588550638612,2225.838453165084,0.0,0.0,0.0,0.0,False,WARNING,0.7,IDLE,0.0,0.0,0.0,0.0,2225.838453165084
2024-01-19 18:15:00,2355.4272012745605,10.591456481401266,2344.8357447931594,0.0,0.0,0.0,0.0,True,CRITICAL,0.7,IDLE,0.0,0.0,0.0,44.83574479315939,2344.8357447931594
2024-01-19 18:30:00,2345.4915904557784,1.8571168331634222e-22,2345.4915904557784,0.0,0.0,0.0,0.0,True,CRITICAL,0.7,IDLE,0.0,0.0,0.0,45.49159045577835,2345.4915904557784
2024-01-19 18:45:00,2358.8782753399414,0.0,2358.8782753399414,0.0,0.0,0.0,0.0,True,CRITICAL,0.7,IDLE,0.0,0.0,0.0,58.87827533994141,2358.8782753399414
2024-01-19 19:00:00,2308.740291515011,0.0,2308.740291515011,0.0,0.0,0.0,0.0,True,CRITICAL,0.7,IDLE,0.0,0.0,0.0,8.740291515010995,2308.740291515011
2024-01-19 19:15:00,2318.9381288431473,0.0,2318.9381288431473,0.0,0.0,0.0,0.0,True,CRITICAL,0.7,IDLE,0.0,0.0,0.0,18.938128843147297,2318.9381288431473
2024-01-19 19:30:00,2314.7800433559214,0.0,2314.7800433559214,0.0,0.0,0.0,0.0,True,CRITICAL,0.7,IDLE,0.0,0.0,0.0,14.780043355921407,2314.7800433559214
2024-01-19 19:45:00,2284.0054159612737,0.0,2284.0054159612737,0.0,0.0,0.0,0.0,False,WARNING,0.7,IDLE,0.0,0.0,0.0,0.0,2284.0054159612737
2024-01-19 20:00:00,2240.673435749443,0.0,2240.673435749443,0.0,0.0,0.0,0.0,False,WARNING,0.7,IDLE,0.0,0.0,0.0,0.0,2240.673435749443
2024-01-19 20:15:00,2217.6497368696764,0.0,2217.6497368696764,0.0,0.0,0.0,0.0,False,WARNING,0.7,IDLE,0.0,0.0,0.0,0.0,2217.6497368696764
2024-01-19 20:30:00,2147.3287814465466,0.0,2147.3287814465466,0.0,0.0,0.0,0.0,False,WARNING,0.7,IDLE,0.0,0.0,0.0,0.0,2147.3287814465466
2024-01-19 20:45:00,2122.7973532922597,0.0,2122.7973532922597,0.0,0.0,0.0,0.0,False,WARNING,0.7,IDLE,0.0,0.0,0.0,0.0,2122.7973532922597
2024-01-19 21:00:00,2065.9925384220996,0.0,2065.9925384220996,0.0,0.0,0.0,0.0,False,WARNING,0.7,IDLE,0.0,0.0,0.0,0.0,2065.9925384220996
2024-01-19 21:15:00,1971.003286258103,0.0,1971.003286258103,0.0,0.0,0.0,0.0,False,WARNING,0.7,IDLE,0.0,0.0,0.0,0.0,1971.003286258103
2024-01-19 21:30:00,1884.94646913996,0.0,1884.94646913996,0.0,0.0,0.0,0.0,False,WATCH,0.7,IDLE,0.0,0.0,0.0,0.0,1884.94646913996
2024-01-19 21:45:00,1675.3728907584896,0.0,1675.3728907584896,0.0,0.0,0.0,0.0,False,NORMAL,0.7,IDLE,0.0,0.0,0.0,0.0,1675.3728907584896
2024-01-19 22:00:00,1579.063631308412,0.0,1579.063631308412,0.0,0.0,0.0,0.0,False,NORMAL,0.7,IDLE,0.0,0.0,0.0,0.0,1579.063631308412
2024-01-19 22:15:00,1441.2865513539682,0.0,1441.2865513539682,0.0,0.0,0.0,0.0,False,NORMAL,0.7,IDLE,0.0,0.0,0.0,0.0,1441.2865513539682
2024-01-19 22:30:00,1314.3059398570285,0.0,1314.3059398570285,0.0,0.0,0.0,0.0,False,NORMAL,0.7,IDLE,0.0,0.0,0.0,0.0,1314.3059398570285
2024-01-19 22:45:00,1083.5185364530575,0.0,1083.5185364530575,0.0,0.0,0.0,0.0,False,NORMAL,0.7,IDLE,0.0,0.0,0.0,0.0,1083.5185364530575
2024-01-19 23:00:00,1058.5086302232598,0.0,1058.5086302232598,0.0,0.0,0.0,0.0,False,NORMAL,0.7,IDLE,0.0,0.0,0.0,0.0,1058.5086302232598
2024-01-19 23:15:00,941.7309633647168,0.0,941.7309633647168,0.0,0.0,0.0,0.0,False,NORMAL,0.7,IDLE,0.0,0.0,0.0,0.0,941.7309633647168
2024-01-19 23:30:00,990.8510997453377,0.0,990.8510997453377,0.0,0.0,0.0,0.0,False,NORMAL,0.7,IDLE,0.0,0.0,0.0,0.0,990.8510997453377
2024-01-19 23:45:00,915.2864158317458,0.0,915.2864158317458,0.0,0.0,0.0,0.0,False,NORMAL,0.7,IDLE,0.0,0.0,0.0,0.0,915.2864158317458
2024-01-20 00:00:00,825.550523323581,0.0,825.550523323581,0.0,0.0,0.0,0.0,False,NORMAL,0.7,IDLE,0.0,0.0,0.0,0.0,825.550523323581
2024-01-20 00:15:00,884.2285152152374,0.0,884.2285152152374,0.0,0.0,0.0,0.0,False,NORMAL,0.7,IDLE,0.0,0.0,0.0,0.0,884.2285152152374
2024-01-20 00:30:00,800.1192251294576,0.0,800.1192251294576,0.0,0.0,0.0,0.0,False,NORMAL,0.7,IDLE,0.0,0.0,0.0,0.0,800.1192251294576
2024-01-20 00:45:00,892.7060867385326,0.0,892.7060867385326,0.0,0.0,0.0,0.0,False,NORMAL,0.7,IDLE,0.0,0.0,0.0,0.0,892.7060867385326
2024-01-20 01:00:00,910.0664945373217,0.0,910.0664945373217,0.0,0.0,0.0,0.0,False,NORMAL,0.7,IDLE,0.0,0.0,0.0,0.0,910.0664945373217
2024-01-20 01:15:00,840.8221895455899,0.0,840.8221895455899,0.0,0.0,0.0,0.0,False,NORMAL,0.7,IDLE,0.0,0.0,0.0,0.0,840.8221895455899
2024-01-20 01:30:00,896.7369002364014,0.0,896.7369002364014,0.0,0.0,0.0,0.0,False,NORMAL,0.7,IDLE,0.0,0.0,0.0,0.0,896.7369002364014
2024-01-20 01:45:00,865.7404356646306,0.0,865.7404356646306,0.0,0.0,0.0,0.0,False,NORMAL,0.7,IDLE,0.0,0.0,0.0,0.0,865.7404356646306
2024-01-20 02:00:00,839.8978602208075,0.0,839.8978602208075,0.0,0.0,0.0,0.0,False,NORMAL,0.7,IDLE,0.0,0.0,0.0,0.0,839.8978602208075
2024-01-20 02:15:00,881.1973119790478,0.0,881.1973119790478,0.0,0.0,0.0,0.0,False,NORMAL,0.7,IDLE,0.0,0.0,0.0,0.0,881.1973119790478
2024-01-20 02:30:00,855.1525616476519,0.0,855.1525616476519,0.0,0.0,0.0,0.0,False,NORMAL,0.7,IDLE,0.0,0.0,0.0,0.0,855.1525616476519
2024-01-20 02:45:00,888.4367707785082,0.0,888.4367707785082,0.0,0.0,0.0,0.0,False,NORMAL,0.7,IDLE,0.0,0.0,0.0,0.0,888.4367707785082
2024-01-20 03:00:00,878.7597097175458,0.0,878.7597097175458,0.0,0.0,0.0,0.0,False,NORMAL,0.7,IDLE,0.0,0.0,0.0,0.0,878.7597097175458
2024-01-20 03:15:00,801.6479149330507,0.0,801.6479149330507,0.0,0.0,0.0,0.0,False,NORMAL,0.7,IDLE,0.0,0.0,0.0,0.0,801.6479149330507
2024-01-20 03:30:00,948.0251223347138,0.0,948.0251223347138,0.0,0.0,0.0,0.0,False,NORMAL,0.7,IDLE,0.0,0.0,0.0,0.0,948.0251223347138
2024-01-20 03:45:00,809.5499681517601,0.0,809.5499681517601,0.0,0.0,0.0,0.0,False,NORMAL,0.7,IDLE,0.0,0.0,0.0,0.0,809.5499681517601
2024-01-20 04:00:00,905.5018676797072,0.0,905.5018676797072,0.0,0.0,0.0,0.0,False,NORMAL,0.7,IDLE,0.0,0.0,0.0,0.0,905.5018676797072
2024-01-20 04:15:00,887.17113611986,0.0,887.17113611986,0.0,0.0,0.0,0.0,False,NORMAL,0.7,IDLE,0.0,0.0,0.0,0.0,887.17113611986
2024-01-20 04:30:00,798.601272788995,0.0,798.601272788995,0.0,0.0,0.0,0.0,False,NORMAL,0.7,IDLE,0.0,0.0,0.0,0.0,798.601272788995
2024-01-20 04:45:00,851.4121459804358,0.0,851.4121459804358,0.0,0.0,0.0,0.0,False,NORMAL,0.7,IDLE,0.0,0.0,0.0,0.0,851.4121459804358
2024-01-20 05:00:00,847.8705386316287,0.0,847.8705386316287,0.0,0.0,0.0,0.0,False,NORMAL,0.7,IDLE,0.0,0.0,0.0,0.0,847.8705386316287
2024-01-20 05:15:00,930.1080859788815,0.0,930.1080859788815,0.0,0.0,0.0,0.0,False,NORMAL,0.7,IDLE,0.0,0.0,0.0,0.0,930.1080859788815
2024-01-20 05:30:00,1031.825224678982,0.0,1031.825224678982,0.0,0.0,0.0,0.0,False,NORMAL,0.7,IDLE,0.0,0.0,0.0,0.0,1031.825224678982
2024-01-20 05:45:00,1150.9500087613185,0.0,1150.9500087613185,0.0,0.0,0.0,0.0,False,NORMAL,0.7,IDLE,0.0,0.0,0.0,0.0,1150.9500087613185
2024-01-20 06:00:00,1265.097882323957,3.303899775247383e-22,1265.097882323957,0.0,0.0,0.0,0.0,False,NORMAL,0.7,IDLE,0.0,0.0,0.0,0.0,1265.097882323957
2024-01-20 06:15:00,1360.4388760654404,11.701872860751457,1348.7370032046888,0.0,0.0,0.0,0.0,False,NORMAL,0.7,IDLE,0.0,0.0,0.0,0.0,1348.7370032046888
2024-01-20 06:30:00,1369.1908619416201,30.779165122472268,1338.411696819148,0.0,0.0,0.0,0.0,False,NORMAL,0.7,IDLE,0.0,0.0,0.0,0.0,1338.411696819148
2024-01-20 06:45:00,1525.663781876921,61.62393874113481,1464.039843135786,0.0,0.0,0.0,0.0,False,NORMAL,0.7,IDLE,0.0,0.0,0.0,0.0,1464.039843135786
2024-01-20 07:00:00,1570.5201668107347,90.6602693385411,1479.8598974721936,0.0,0.0,0.0,0.0,False,NORMAL,0.7,IDLE,0.0,0.0,0.0,0.0,1479.8598974721936
2024-01-20 07:15:00,1621.5227369528222,119.43804294559808,1502.0846940072242,0.0,0.0,0.0,0.0,False,NORMAL,0.7,IDLE,0.0,0.0,0.0,0.0,1502.0846940072242
2024-01-20 07:30:00,1685.0175300519763,161.98532990266938,1523.0322001493068,0.0,0.0,0.0,0.0,False,NORMAL,0.7,IDLE,0.0,0.0,0.0,0.0,1523.0322001493068
2024-01-20 07:45:00,1784.5679315027608,203.00582148039106,1581.5621100223698,0.0,0.0,0.0,0.0,False,NORMAL,0.7,IDLE,0.0,0.0,0.0,0.0,1581.5621100223698
2024-01-20 08:00:00,1720.2743112319556,257.456394848824,1462.8179163831317,0.0,0.0,0.0,0.0,False,NORMAL,0.7,IDLE,0.0,0.0,0.0,0.0,1462.8179163831317
2024-01-20 08:15:00,1761.1602888867255,293.3015971364923,1467.8586917502332,0.0,0.0,0.0,0.0,False,NORMAL,0.7,IDLE,0.0,0.0,0.0,0.0,1467.8586917502332
2024-01-20 08:30:00,1789.7706082020952,338.4667951314958,1451.3038130705995,0.0,0.0,0.0,0.0,False,NORMAL,0.7,IDLE,0.0,0.0,0.0,0.0,1451.3038130705995
2024-01-20 08:45:00,1822.070262650593,131.47571240198488,1690.594550248608,0.0,0.0,0.0,0.0,False,NORMAL,0.7,IDLE,0.0,0.0,0.0,0.0,1690.594550248608
2024-01-20 09:00:00,1597.9917428832575,419.83041980321224,1178.1613230800453,0.0,0.0,0.0,0.0,False,NORMAL,0.7,IDLE,0.0,0.0,0.0,0.0,1178.1613230800453
2024-01-20 09:15:00,1685.6837687171428,473.1548402212182,1212.5289284959247,0.0,0.0,0.0,0.0,False,NORMAL,0.7,IDLE,0.0,0.0,0.0,0.0,1212.5289284959247
2024-01-20 09:30:00,1645.6153299408693,513.1132876598207,1132.5020422810485,0.0,0.0,0.0,0.0,False,NORMAL,0.7,IDLE,0.0,0.0,0.0,0.0,1132.5020422810485
2024-01-20 09:45:00,1657.0557625607091,520.075757003765,1136.980005556944,0.0,0.0,0.0,0.0,False,NORMAL,0.7,IDLE,0.0,0.0,0.0,0.0,1136.980005556944
2024-01-20 10:00:00,1684.696914150868,299.0862451638033,1385.6106689870646,0.0,0.0,0.0,0.0,False,NORMAL,0.7,IDLE,0.0,0.0,0.0,0.0,1385.6106689870646
2024-01-20 10:15:00,1640.779681511065,583.8440423539205,1056.9356391571446,0.0,0.0,0.0,0.0,False,NORMAL,0.7,IDLE,0.0,0.0,0.0,0.0,1056.9356391571446
2024-01-20 10:30:00,1650.2548738343505,657.4495378310528,992.8053360032977,0.0,0.0,0.0,0.0,False,NORMAL,0.7,IDLE,0.0,0.0,0.0,0.0,992.8053360032977
2024-01-20 10:45:00,1657.7153874828605,636.1529960645148,1021.5623914183457,0.0,0.0,0.0,0.0,False,NORMAL,0.7,IDLE,0.0,0.0,0.0,0.0,1021.5623914183457
2024-01-20 11:00:00,1633.4012372495981,701.9342732438525,931.4669640057456,0.0,0.0,0.0,0.0,False,NORMAL,0.7,IDLE,0.0,0.0,0.0,0.0,931.4669640057456
2024-01-20 11:15:00,1651.776241690951,748.2280961898302,903.5481455011209,0.0,0.0,0.0,0.0,False,NORMAL,0.7,IDLE,0.0,0.0,0.0,0.0,903.5481455011209
2024-01-20 11:30:00,1661.6044708283264,719.1133440372748,942.4911267910516,0.0,0.0,0.0,0.0,False,NORMAL,0.7,IDLE,0.0,0.0,0.0,0.0,942.4911267910516
2024-01-20 11:45:00,1705.387990925289,728.9760429269699,976.4119479983191,0.0,0.0,0.0,0.0,False,NORMAL,0.7,IDLE,0.0,0.0,0.0,0.0,976.4119479983191
2024-01-20 12:00:00,1667.6441951999177,754.7758312663723,912.8683639335454,0.0,0.0,0.0,0.0,False,NORMAL,0.7,IDLE,0.0,0.0,0.0,0.0,912.8683639335454
2024-01-20 12:15:00,1598.1874568713577,736.0551499803901,862.1323068909676,0.0,0.0,0.0,0.0,False,NORMAL,0.7,IDLE,0.0,0.0,0.0,0.0,862.1323068909676
2024-01-20 12:30:00,1695.4715019000785,781.6334069764924,913.838094923586,0.0,0.0,0.0,0.0,False,NORMAL,0.7,IDLE,0.0,0.0,0.0,0.0,913.838094923586
2024-01-20 12:45:00,1650.8553916559372,738.8614886487785,911.9939030071587,0.0,0.0,0.0,0.0,False,NORMAL,0.7,IDLE,0.0,0.0,0.0,0.0,911.9939030071587
2024-01-20 13:00:00,1667.0288573667328,716.7860026622436,950.2428547044892,0.0,0.0,0.0,0.0,False,NORMAL,0.7,IDLE,0.0,0.0,0.0,0.0,950.2428547044892
2024-01-20 13:15:00,1662.0349362904244,697.1588772520398,964.8760590383846,0.0,0.0,0.0,0.0,False,NORMAL,0.7,IDLE,0.0,0.0,0.0,0.0,964.8760590383846
2024-01-20 13:30:00,1697.0503065489038,670.1997555980328,1026.850550950871,0.0,0.0,0.0,0.0,False,NORMAL,0.7,IDLE,0.0,0.0,0.0,0.0,1026.850550950871
2024-01-20 13:45:00,1673.1470134603424,653.9345435117965,1019.2124699485458,0.0,0.0,0.0,0.0,False,NORMAL,0.7,IDLE,0.0,0.0,0.0,0.0,1019.2124699485458
2024-01-20 14:00:00,1605.5701112281713,633.1092370275743,972.460874200597,0.0,0.0,0.0,0.0,False,NORMAL,0.7,IDLE,0.0,0.0,0.0,0.0,972.460874200597
2024-01-20 14:15:00,1607.0425327628798,600.9069642467841,1006.1355685160956,0.0,0.0,0.0,0.0,False,NORMAL,0.7,IDLE,0.0,0.0,0.0,0.0,1006.1355685160956
2024-01-20 14:30:00,1590.450619936185,565.3651509844696,1025.0854689517155,0.0,0.0,0.0,0.0,False,NORMAL,0.7,IDLE,0.0,0.0,0.0,0.0,1025.0854689517155
2024-01-20 14:45:00,1658.7921059811938,575.0146129941611,1083.7774929870327,0.0,0.0,0.0,0.0,False,NORMAL,0.7,IDLE,0.0,0.0,0.0,0.0,1083.7774929870327
2024-01-20 15:00:00,1716.6506513430065,487.26007695088265,1229.3905743921239,0.0,0.0,0.0,0.0,False,NORMAL,0.7,IDLE,0.0,0.0,0.0,0.0,1229.3905743921239
2024-01-20 15:15:00,1706.3335474498685,464.7216143747963,1241.6119330750723,0.0,0.0,0.0,0.0,False,NORMAL,0.7,IDLE,0.0,0.0,0.0,0.0,1241.6119330750723
2024-01-20 15:30:00,1679.085444511129,428.5291891436684,1250.5562553674606,0.0,0.0,0.0,0.0,False,NORMAL,0.7,IDLE,0.0,0.0,0.0,0.0,1250.5562553674606
2024-01-20 15:45:00,1673.9058305367653,385.47738381677493,1288.4284467199905,0.0,0.0,0.0,0.0,False,NORMAL,0.7,IDLE,0.0,0.0,0.0,0.0,1288.4284467199905
2024-01-20 16:00:00,1588.3099470440684,334.41606101237176,1253.8938860316966,0.0,0.0,0.0,0.0,False,NORMAL,0.7,IDLE,0.0,0.0,0.0,0.0,1253.8938860316966
2024-01-20 16:15:00,1694.1792628723113,142.4453699596037,1551.7338929127075,0.0,0.0,0.0,0.0,False,NORMAL,0.7,IDLE,0.0,0.0,0.0,0.0,1551.7338929127075
2024-01-20 16:30:00,1792.004788371338,251.94430876210467,1540.0604796092334,0.0,0.0,0.0,0.0,False,NORMAL,0.7,IDLE,0.0,0.0,0.0,0.0,1540.0604796092334
2024-01-20 16:45:00,1813.6590349691933,208.18949579823084,1605.4695391709624,0.0,0.0,0.0,0.0,False,NORMAL,0.7,IDLE,0.0,0.0,0.0,0.0,1605.4695391709624
2024-01-20 17:00:00,1931.5843906840287,164.75113835790575,1766.8332523261229,0.0,0.0,0.0,0.0,False,WATCH,0.7,IDLE,0.0,0.0,0.0,0.0,1766.8332523261229
2024-01-20 17:15:00,2034.6751941944156,121.71812534250907,1912.9570688519066,0.0,0.0,0.0,0.0,False,WATCH,0.7,IDLE,0.0,0.0,0.0,0.0,1912.9570688519066
2024-01-20 17:30:00,2073.3853481404212,90.90145718512234,1982.4838909552989,0.0,0.0,0.0,0.0,False,WARNING,0.7,IDLE,0.0,0.0,0.0,0.0,1982.4838909552989
2024-01-20 17:45:00,2195.407322632691,58.22528250475216,2137.1820401279388,0.0,0.0,0.0,0.0,False,WARNING,0.7,IDLE,0.0,0.0,0.0,0.0,2137.1820401279388
2024-01-20 18:00:00,2176.0153830693207,32.32527608328816,2143.6901069860323,0.0,0.0,0.0,0.0,False,WARNING,0.7,IDLE,0.0,0.0,0.0,0.0,2143.6901069860323
2024-01-20 18:15:00,2295.8963522791455,11.70838817169283,2284.187964107453,0.0,0.0,0.0,0.0,False,WARNING,0.7,IDLE,0.0,0.0,0.0,0.0,2284.187964107453
2024-01-20 18:30:00,2408.975689289919,3.600340530676111e-22,2408.975689289919,0.0,0.0,0.0,0.0,True,CRITICAL,0.7,IDLE,0.0,0.0,0.0,108.97568928991905,2408.975689289919
2024-01-20 18:45:00,2345.1540725219907,0.0,2345.1540725219907,0.0,0.0,0.0,0.0,True,CRITICAL,0.7,IDLE,0.0,0.0,0.0,45.154072521990656,2345.1540725219907
2024-01-20 19:00:00,1972.3853024229552,0.0,1972.3853024229552,0.0,0.0,0.0,0.0,False,WARNING,0.7,IDLE,0.0,0.0,0.0,0.0,1972.3853024229552
2024-01-20 19:15:00,2098.519436642663,0.0,2098.519436642663,0.0,0.0,0.0,0.0,False,WARNING,0.7,IDLE,0.0,0.0,0.0,0.0,2098.519436642663
2024-01-20 19:30:00,2162.4356457725694,0.0,2162.4356457725694,0.0,0.0,0.0,0.0,False,WARNING,0.7,IDLE,0.0,0.0,0.0,0.0,2162.4356457725694
2024-01-20 19:45:00,2172.492959081718,0.0,2172.492959081718,0.0,0.0,0.0,0.0,False,WARNING,0.7,IDLE,0.0,0.0,0.0,0.0,2172.492959081718
2024-01-20 20:00:00,2084.883770248232,0.0,2084.883770248232,0.0,0.0,0.0,0.0,False,WARNING,0.7,IDLE,0.0,0.0,0.0,0.0,2084.883770248232
2024-01-20 20:15:00,2083.6588293957666,0.0,2083.6588293957666,0.0,0.0,0.0,0.0,False,WARNING,0.7,IDLE,0.0,0.0,0.0,0.0,2083.6588293957666
2024-01-20 20:30:00,2080.7786183141966,0.0,2080.7786183141966,0.0,0.0,0.0,0.0,False,WARNING,0.7,IDLE,0.0,0.0,0.0,0.0,2080.7786183141966
2024-01-20 20:45:00,2025.147177954655,0.0,2025.147177954655,0.0,0.0,0.0,0.0,False,WARNING,0.7,IDLE,0.0,0.0,0.0,0.0,2025.147177954655
2024-01-20 21:00:00,2093.2626944057574,0.0,2093.2626944057574,0.0,0.0,0.0,0.0,False,WARNING,0.7,IDLE,0.0,0.0,0.0,0.0,2093.2626944057574
2024-01-20 21:15:00,1904.900086483679,0.0,1904.900086483679,0.0,0.0,0.0,0.0,False,WATCH,0.7,IDLE,0.0,0.0,0.0,0.0,1904.900086483679
2024-01-20 21:30:00,1904.3082468548655,0.0,1904.3082468548655,0.0,0.0,0.0,0.0,False,WATCH,0.7,IDLE,0.0,0.0,0.0,0.0,1904.3082468548655
2024-01-20 21:45:00,1722.4116714751021,0.0,1722.4116714751021,0.0,0.0,0.0,0.0,False,NORMAL,0.7,IDLE,0.0,0.0,0.0,0.0,1722.4116714751021
2024-01-20 22:00:00,1640.4395441452953,0.0,1640.4395441452953,0.0,0.0,0.0,0.0,False,NORMAL,0.7,IDLE,0.0,0.0,0.0,0.0,1640.4395441452953
2024-01-20 22:15:00,1461.6036593275544,0.0,1461.6036593275544,0.0,0.0,0.0,0.0,False,NORMAL,0.7,IDLE,0.0,0.0,0.0,0.0,1461.6036593275544
2024-01-20 22:30:00,1332.02412759425,0.0,1332.02412759425,0.0,0.0,0.0,0.0,False,NORMAL,0.7,IDLE,0.0,0.0,0.0,0.0,1332.02412759425
2024-01-20 22:45:00,1152.3707629797302,0.0,1152.3707629797302,0.0,0.0,0.0,0.0,False,NORMAL,0.7,IDLE,0.0,0.0,0.0,0.0,1152.3707629797302
2024-01-20 23:00:00,1031.0861550250395,0.0,1031.0861550250395,0.0,0.0,0.0,0.0,False,NORMAL,0.7,IDLE,0.0,0.0,0.0,0.0,1031.0861550250395
2024-01-20 23:15:00,997.5698234729075,0.0,997.5698234729075,0.0,0.0,0.0,0.0,False,NORMAL,0.7,IDLE,0.0,0.0,0.0,0.0,997.5698234729075
2024-01-20 23:30:00,973.5113056702313,0.0,973.5113056702313,0.0,0.0,0.0,0.0,False,NORMAL,0.7,IDLE,0.0,0.0,0.0,0.0,973.5113056702313
2024-01-20 23:45:00,910.0404776052287,0.0,910.0404776052287,0.0,0.0,0.0,0.0,False,NORMAL,0.7,IDLE,0.0,0.0,0.0,0.0,910.0404776052287
2024-01-21 00:00:00,832.0854010323919,0.0,832.0854010323919,0.0,0.0,0.0,0.0,False,NORMAL,0.7,IDLE,0.0,0.0,0.0,0.0,832.0854010323919
2024-01-21 00:15:00,813.4596108562625,0.0,813.4596108562625,0.0,0.0,0.0,0.0,False,NORMAL,0.7,IDLE,0.0,0.0,0.0,0.0,813.4596108562625
2024-01-21 00:30:00,846.7592569406265,0.0,846.7592569406265,0.0,0.0,0.0,0.0,False,NORMAL,0.7,IDLE,0.0,0.0,0.0,0.0,846.7592569406265
2024-01-21 00:45:00,781.2355348153943,0.0,781.2355348153943,0.0,0.0,0.0,0.0,False,NORMAL,0.7,IDLE,0.0,0.0,0.0,0.0,781.2355348153943
2024-01-21 01:00:00,760.7831237358471,0.0,760.7831237358471,0.0,0.0,0.0,0.0,False,NORMAL,0.7,IDLE,0.0,0.0,0.0,0.0,760.7831237358471
2024-01-21 01:15:00,818.31689641689,0.0,818.31689641689,0.0,0.0,0.0,0.0,False,NORMAL,0.7,IDLE,0.0,0.0,0.0,0.0,818.31689641689
2024-01-21 01:30:00,780.2714256047806,0.0,780.2714256047806,0.0,0.0,0.0,0.0,False,NORMAL,0.7,IDLE,0.0,0.0,0.0,0.0,780.2714256047806
2024-01-21 01:45:00,794.1502887144965,0.0,794.1502887144965,0.0,0.0,0.0,0.0,False,NORMAL,0.7,IDLE,0.0,0.0,0.0,0.0,794.1502887144965
2024-01-21 02:00:00,771.8398734503597,0.0,771.8398734503597,0.0,0.0,0.0,0.0,False,NORMAL,0.7,IDLE,0.0,0.0,0.0,0.0,771.8398734503597
2024-01-21 02:15:00,856.6335575471635,0.0,856.6335575471635,0.0,0.0,0.0,0.0,False,NORMAL,0.7,IDLE,0.0,0.0,0.0,0.0,856.6335575471635
2024-01-21 02:30:00,722.1191866396384,0.0,722.1191866396384,0.0,0.0,0.0,0.0,False,NORMAL,0.7,IDLE,0.0,0.0,0.0,0.0,722.1191866396384
2024-01-21 02:45:00,907.8189715278608,0.0,907.8189715278608,0.0,0.0,0.0,0.0,False,NORMAL,0.7,IDLE,0.0,0.0,0.0,0.0,907.8189715278608
2024-01-21 03:00:00,853.871271589885,0.0,853.871271589885,0.0,0.0,0.0,0.0,False,NORMAL,0.7,IDLE,0.0,0.0,0.0,0.0,853.871271589885
2024-01-21 03:15:00,792.1535254375578,0.0,792.1535254375578,0.0,0.0,0.0,0.0,False,NORMAL,0.7,IDLE,0.0,0.0,0.0,0.0,792.1535254375578
2024-01-21 03:30:00,790.646462840189,0.0,790.646462840189,0.0,0.0,0.0,0.0,False,NORMAL,0.7,IDLE,0.0,0.0,0.0,0.0,790.646462840189
2024-01-21 03:45:00,827.7379442504885,0.0,827.7379442504885,0.0,0.0,0.0,0.0,False,NORMAL,0.7,IDLE,0.0,0.0,0.0,0.0,827.7379442504885
2024-01-21 04:00:00,831.9132995327336,0.0,831.9132995327336,0.0,0.0,0.0,0.0,False,NORMAL,0.7,IDLE,0.0,0.0,0.0,0.0,831.9132995327336
2024-01-21 04:15:00,823.8425837936688,0.0,823.8425837936688,0.0,0.0,0.0,0.0,False,NORMAL,0.7,IDLE,0.0,0.0,0.0,0.0,823.8425837936688
2024-01-21 04:30:00,852.5387569066041,0.0,852.5387569066041,0.0,0.0,0.0,0.0,False,NORMAL,0.7,IDLE,0.0,0.0,0.0,0.0,852.5387569066041
2024-01-21 04:45:00,801.4225472313553,0.0,801.4225472313553,0.0,0.0,0.0,0.0,False,NORMAL,0.7,IDLE,0.0,0.0,0.0,0.0,801.4225472313553
2024-01-21 05:00:00,758.1326634452323,0.0,758.1326634452323,0.0,0.0,0.0,0.0,False,NORMAL,0.7,IDLE,0.0,0.0,0.0,0.0,758.1326634452323
2024-01-21 05:15:00,872.1265880148029,0.0,872.1265880148029,0.0,0.0,0.0,0.0,False,NORMAL,0.7,IDLE,0.0,0.0,0.0,0.0,872.1265880148029
2024-01-21 05:30:00,982.2014429560808,0.0,982.2014429560808,0.0,0.0,0.0,0.0,False,NORMAL,0.7,IDLE,0.0,0.0,0.0,0.0,982.2014429560808
2024-01-21 05:45:00,1131.3556142253365,0.0,1131.3556142253365,0.0,0.0,0.0,0.0,False,NORMAL,0.7,IDLE,0.0,0.0,0.0,0.0,1131.3556142253365
2024-01-21 06:00:00,1179.7486560927032,3.6756852466429885e-22,1179.7486560927032,0.0,0.0,0.0,0.0,False,NORMAL,0.7,IDLE,0.0,0.0,0.0,0.0,1179.7486560927032
2024-01-21 06:15:00,1227.8436834378037,11.498352363626843,1216.345331074177,0.0,0.0,0.0,0.0,False,NORMAL,0.7,IDLE,0.0,0.0,0.0,0.0,1216.345331074177
2024-01-21 06:30:00,1421.4685142568985,34.0464813070547,1387.422032949844,0.0,0.0,0.0,0.0,False,NORMAL,0.7,IDLE,0.0,0.0,0.0,0.0,1387.422032949844
2024-01-21 06:45:00,1513.1627041225008,61.15176451875664,1452.0109396037442,0.0,0.0,0.0,0.0,False,NORMAL,0.7,IDLE,0.0,0.0,0.0,0.0,1452.0109396037442
2024-01-21 07:00:00,1628.7398931744806,95.4793093542103,1533.2605838202703,0.0,0.0,0.0,0.0,False,NORMAL,0.7,IDLE,0.0,0.0,0.0,0.0,1533.2605838202703
2024-01-21 07:15:00,1650.606218948445,132.33845119787242,1518.2677677505726,0.0,0.0,0.0,0.0,False,NORMAL,0.7,IDLE,0.0,0.0,0.0,0.0,1518.2677677505726
2024-01-21 07:30:00,1755.317496967225,179.64733386661393,1575.670163100611,0.0,0.0,0.0,0.0,False,NORMAL,0.7,IDLE,0.0,0.0,0.0,0.0,1575.670163100611
2024-01-21 07:45:00,1765.8010432806625,220.21339030174107,1545.5876529789214,0.0,0.0,0.0,0.0,False,NORMAL,0.7,IDLE,0.0,0.0,0.0,0.0,1545.5876529789214
2024-01-21 08:00:00,1731.076662611783,261.67086674445324,1469.4057958673297,0.0,0.0,0.0,0.0,False,NORMAL,0.7,IDLE,0.0,0.0,0.0,0.0,1469.4057958673297
2024-01-21 08:15:00,1790.6626668202612,233.7624391231169,1556.9002276971441,0.0,0.0,0.0,0.0,False,NORMAL,0.7,IDLE,0.0,0.0,0.0,0.0,1556.9002276971441
2024-01-21 08:30:00,1762.9762975074457,338.7737293214678,1424.202568185978,0.0,0.0,0.0,0.0,False,NORMAL,0.7,IDLE,0.0,0.0,0.0,0.0,1424.202568185978
2024-01-21 08:45:00,1758.326862130499,369.2778434673107,1389.0490186631882,0.0,0.0,0.0,0.0,False,NORMAL,0.7,IDLE,0.0,0.0,0.0,0.0,1389.0490186631882
2024-01-21 09:00:00,1299.7607363494683,441.2432815117265,858.5174548377418,0.0,0.0,0.0,0.0,False,NORMAL,0.7,IDLE,0.0,0.0,0.0,0.0,858.5174548377418
2024-01-21 09:15:00,1350.9048383031727,494.76193269074685,856.1429056124259,0.0,0.0,0.0,0.0,False,NORMAL,0.7,IDLE,0.0,0.0,0.0,0.0,856.1429056124259
2024-01-21 09:30:00,1368.5190008054958,364.4601424201682,1004.0588583853275,0.0,0.0,0.0,0.0,False,NORMAL,0.7,IDLE,0.0,0.0,0.0,0.0,1004.0588583853275
2024-01-21 09:45:00,1322.454946957254,555.9204848205852,766.5344621366687,0.0,0.0,0.0,0.0,False,NORMAL,0.7,IDLE,0.0,0.0,0.0,0.0,766.5344621366687
2024-01-21 10:00:00,1523.330610661923,610.7706007544305,912.5600099074925,0.0,0.0,0.0,0.0,False,NORMAL,0.7,IDLE,0.0,0.0,0.0,0.0,912.5600099074925
2024-01-21 10:15:00,1503.4136435268356,635.3285241256358,868.0851194011998,0.0,0.0,0.0,0.0,False,NORMAL,0.7,IDLE,0.0,0.0,0.0,0.0,868.0851194011998
2024-01-21 10:30:00,1471.868828091465,702.0621712447307,769.8066568467343,0.0,0.0,0.0,0.0,False,NORMAL,0.7,IDLE,0.0,0.0,0.0,0.0,769.8066568467343
2024-01-21 10:45:00,1504.2301879055171,721.8388371405658,782.3913507649513,0.0,0.0,0.0,0.0,False,NORMAL,0.7,IDLE,0.0,0.0,0.0,0.0,782.3913507649513
2024-01-21 11:00:00,1550.7363187935953,740.858836695216,809.8774820983792,0.0,0.0,0.0,0.0,False,NORMAL,0.7,IDLE,0.0,0.0,0.0,0.0,809.8774820983792
2024-01-21 11:15:00,1529.5661443659249,254.6992379018737,1274.8669064640512,0.0,0.0,0.0,0.0,False,NORMAL,0.7,IDLE,0.0,0.0,0.0,0.0,1274.8669064640512
2024-01-21 11:30:00,1514.3554030084945,726.6339508733453,787.7214521351492,0.0,0.0,0.0,0.0,False,NORMAL,0.7,IDLE,0.0,0.0,0.0,0.0,787.7214521351492
2024-01-21 11:45:00,1504.0318143016439,782.5233983414205,721.5084159602234,0.0,0.0,0.0,0.0,False,NORMAL,0.7,IDLE,0.0,0.0,0.0,0.0,721.5084159602234
2024-01-21 12:00:00,1488.4414846098587,782.8708597051594,705.5706249046992,0.0,0.0,0.0,0.0,False,NORMAL,0.7,IDLE,0.0,0.0,0.0,0.0,705.5706249046992
2024-01-21 12:15:00,1507.3023567414311,790.5534683791401,716.748888362291,0.0,0.0,0.0,0.0,False,NORMAL,0.7,IDLE,0.0,0.0,0.0,0.0,716.748888362291
2024-01-21 12:30:00,1457.474034048614,785.5714205640604,671.9026134845535,0.0,0.0,0.0,0.0,False,NORMAL,0.7,IDLE,0.0,0.0,0.0,0.0,671.9026134845535
2024-01-21 12:45:00,1482.0069900986089,777.68432364511,704.3226664534989,0.0,0.0,0.0,0.0,False,NORMAL,0.7,IDLE,0.0,0.0,0.0,0.0,704.3226664534989
2024-01-21 13:00:00,1457.5108693475227,817.1375149263654,640.3733544211573,0.0,0.0,0.0,0.0,False,NORMAL,0.7,IDLE,0.0,0.0,0.0,0.0,640.3733544211573
2024-01-21 13:15:00,1460.9072298097922,738.4360266259681,722.4712031838241,0.0,0.0,0.0,0.0,False,NORMAL,0.7,IDLE,0.0,0.0,0.0,0.0,722.4712031838241
2024-01-21 13:30:00,1487.0356214943854,740.3582599125831,746.6773615818023,0.0,0.0,0.0,0.0,False,NORMAL,0.7,IDLE,0.0,0.0,0.0,0.0,746.6773615818023
2024-01-21 13:45:00,1503.9212658483402,686.2602993990218,817.6609664493184,0.0,0.0,0.0,0.0,False,NORMAL,0.7,IDLE,0.0,0.0,0.0,0.0,817.6609664493184
2024-01-21 14:00:00,1438.139900382831,402.4181889260867,1035.7217114567443,0.0,0.0,0.0,0.0,False,NORMAL,0.7,IDLE,0.0,0.0,0.0,0.0,1035.7217114567443
2024-01-21 14:15:00,1485.9417551715346,502.2496124892383,983.6921426822963,0.0,0.0,0.0,0.0,False,NORMAL,0.7,IDLE,0.0,0.0,0.0,0.0,983.6921426822963
2024-01-21 14:30:00,1443.878102327757,608.9620964068752,834.9160059208818,0.0,0.0,0.0,0.0,False,NORMAL,0.7,IDLE,0.0,0.0,0.0,0.0,834.9160059208818
2024-01-21 14:45:00,1484.9047635521906,593.2790782946663,891.6256852575243,0.0,0.0,0.0,0.0,False,NORMAL,0.7,IDLE,0.0,0.0,0.0,0.0,891.6256852575243
2024-01-21 15:00:00,1497.7625328147287,164.98564834683097,1332.7768844678978,0.0,0.0,0.0,0.0,False,NORMAL,0.7,IDLE,0.0,0.0,0.0,0.0,1332.7768844678978
2024-01-21 15:15:00,1463.0551572371655,476.1784509275054,986.8767063096601,0.0,0.0,0.0,0.0,False,NORMAL,0.7,IDLE,0.0,0.0,0.0,0.0,986.8767063096601
2024-01-21 15:30:00,1515.1259339428082,442.55224358648445,1072.5736903563238,0.0,0.0,0.0,0.0,False,NORMAL,0.7,IDLE,0.0,0.0,0.0,0.0,1072.5736903563238
2024-01-21 15:45:00,1533.79162240145,405.57459504012104,1128.217027361329,0.0,0.0,0.0,0.0,False,NORMAL,0.7,IDLE,0.0,0.0,0.0,0.0,1128.217027361329
2024-01-21 16:00:00,1429.1346425116387,351.7715946731022,1077.3630478385367,0.0,0.0,0.0,0.0,False,NORMAL,0.7,IDLE,0.0,0.0,0.0,0.0,1077.3630478385367
2024-01-21 16:15:00,1525.3145380808166,316.2822538833071,1209.0322841975096,0.0,0.0,0.0,0.0,False,NORMAL,0.7,IDLE,0.0,0.0,0.0,0.0,1209.0322841975096
2024-01-21 16:30:00,1616.356557528699,254.46674850439766,1361.8898090243015,0.0,0.0,0.0,0.0,False,NORMAL,0.7,IDLE,0.0,0.0,0.0,0.0,1361.8898090243015
2024-01-21 16:45:00,1706.7533246994083,208.3327042007623,1498.420620498646,0.0,0.0,0.0,0.0,False,NORMAL,0.7,IDLE,0.0,0.0,0.0,0.0,1498.420620498646
2024-01-21 17:00:00,1839.312680053075,175.02074970666,1664.291930346415,0.0,0.0,0.0,0.0,False,NORMAL,0.7,IDLE,0.0,0.0,0.0,0.0,1664.291930346415
2024-01-21 17:15:00,1901.21688093559,133.0662943215444,1768.1505866140458,0.0,0.0,0.0,0.0,False,WATCH,0.7,IDLE,0.0,0.0,0.0,0.0,1768.1505866140458
2024-01-21 17:30:00,1964.5998303494785,97.85980468033571,1866.7400256691428,0.0,0.0,0.0,0.0,False,WATCH,0.7,IDLE,0.0,0.0,0.0,0.0,1866.7400256691428
2024-01-21 17:45:00,1952.3019632187495,62.926489884051854,1889.3754733346977,0.0,0.0,0.0,0.0,False,WATCH,0.7,IDLE,0.0,0.0,0.0,0.0,1889.3754733346977
2024-01-21 18:00:00,2124.7279821963616,24.73757846005394,2099.9904037363076,0.0,0.0,0.0,0.0,False,WARNING,0.7,IDLE,0.0,0.0,0.0,0.0,2099.9904037363076
2024-01-21 18:15:00,2111.862485608298,6.450783924404237,2105.4117016838936,0.0,0.0,0.0,0.0,False,WARNING,0.7,IDLE,0.0,0.0,0.0,0.0,2105.4117016838936
2024-01-21 18:30:00,2202.106682372885,3.7234732703416014e-22,2202.106682372885,0.0,0.0,0.0,0.0,False,WARNING,0.7,IDLE,0.0,0.0,0.0,0.0,2202.106682372885
2024-01-21 18:45:00,2269.4117727300163,0.0,2269.4117727300163,0.0,0.0,0.0,0.0,False,WARNING,0.7,IDLE,0.0,0.0,0.0,0.0,2269.4117727300163
2024-01-21 19:00:00,2268.685041774831,0.0,2268.685041774831,0.0,0.0,0.0,0.0,False,WARNING,0.7,IDLE,0.0,0.0,0.0,0.0,2268.685041774831
2024-01-21 19:15:00,2239.952437531695,0.0,2239.952437531695,0.0,0.0,0.0,0.0,False,WARNING,0.7,IDLE,0.0,0.0,0.0,0.0,2239.952437531695
2024-01-21 19:30:00,2192.6413428965066,0.0,2192.6413428965066,0.0,0.0,0.0,0.0,False,WARNING,0.7,IDLE,0.0,0.0,0.0,0.0,2192.6413428965066
2024-01-21 19:45:00,2306.547317752274,0.0,2306.547317752274,0.0,0.0,0.0,0.0,True,CRITICAL,0.7,IDLE,0.0,0.0,0.0,6.547317752274012,2306.547317752274
2024-01-21 20:00:00,2188.0321407520305,0.0,2188.0321407520305,0.0,0.0,0.0,0.0,False,WARNING,0.7,IDLE,0.0,0.0,0.0,0.0,2188.0321407520305
2024-01-21 20:15:00,2140.2088826937124,0.0,2140.2088826937124,0.0,0.0,0.0,0.0,False,WARNING,0.7,IDLE,0.0,0.0,0.0,0.0,2140.2088826937124
2024-01-21 20:30:00,2105.5772933560957,0.0,2105.5772933560957,0.0,0.0,0.0,0.0,False,WARNING,0.7,IDLE,0.0,0.0,0.0,0.0,2105.5772933560957
2024-01-21 20:45:00,2044.0092536674802,0.0,2044.0092536674802,0.0,0.0,0.0,0.0,False,WARNING,0.7,IDLE,0.0,0.0,0.0,0.0,2044.0092536674802
2024-01-21 21:00:00,2035.7572571922126,0.0,2035.7572571922126,0.0,0.0,0.0,0.0,False,WARNING,0.7,IDLE,0.0,0.0,0.0,0.0,2035.7572571922126
2024-01-21 21:15:00,1937.3153153594624,0.0,1937.3153153594624,0.0,0.0,0.0,0.0,False,WATCH,0.7,IDLE,0.0,0.0,0.0,0.0,1937.3153153594624
2024-01-21 21:30:00,1898.0692218590186,0.0,1898.0692218590186,0.0,0.0,0.0,0.0,False,WATCH,0.7,IDLE,0.0,0.0,0.0,0.0,1898.0692218590186
2024-01-21 21:45:00,1746.9404361889917,0.0,1746.9404361889917,0.0,0.0,0.0,0.0,False,WATCH,0.7,IDLE,0.0,0.0,0.0,0.0,1746.9404361889917
2024-01-21 22:00:00,1603.552529956357,0.0,1603.552529956357,0.0,0.0,0.0,0.0,False,NORMAL,0.7,IDLE,0.0,0.0,0.0,0.0,1603.552529956357
2024-01-21 22:15:00,1540.8292886906522,0.0,1540.8292886906522,0.0,0.0,0.0,0.0,False,NORMAL,0.7,IDLE,0.0,0.0,0.0,0.0,1540.8292886906522
2024-01-21 22:30:00,1304.0242494924846,0.0,1304.0242494924846,0.0,0.0,0.0,0.0,False,NORMAL,0.7,IDLE,0.0,0.0,0.0,0.0,1304.0242494924846
2024-01-21 22:45:00,1117.3814447771572,0.0,1117.3814447771572,0.0,0.0,0.0,0.0,False,NORMAL,0.7,IDLE,0.0,0.0,0.0,0.0,1117.3814447771572
2024-01-21 23:00:00,1012.1573519657519,0.0,1012.1573519657519,0.0,0.0,0.0,0.0,False,NORMAL,0.7,IDLE,0.0,0.0,0.0,0.0,1012.1573519657519
2024-01-21 23:15:00,894.7945159805294,0.0,894.7945159805294,0.0,0.0,0.0,0.0,False,NORMAL,0.7,IDLE,0.0,0.0,0.0,0.0,894.7945159805294
2024-01-21 23:30:00,901.9605866855316,0.0,901.9605866855316,0.0,0.0,0.0,0.0,False,NORMAL,0.7,IDLE,0.0,0.0,0.0,0.0,901.9605866855316
2024-01-21 23:45:00,853.2277944476042,0.0,853.2277944476042,0.0,0.0,0.0,0.0,False,NORMAL,0.7,IDLE,0.0,0.0,0.0,0.0,853.2277944476042
2024-01-22 00:00:00,733.1132912286669,0.0,733.1132912286669,0.0,0.0,0.0,0.0,False,NORMAL,0.7,IDLE,0.0,0.0,0.0,0.0,733.1132912286669
2024-01-22 00:15:00,774.872068077306,0.0,774.872068077306,0.0,0.0,0.0,0.0,False,NORMAL,0.7,IDLE,0.0,0.0,0.0,0.0,774.872068077306
2024-01-22 00:30:00,727.256576015787,0.0,727.256576015787,0.0,0.0,0.0,0.0,False,NORMAL,0.7,IDLE,0.0,0.0,0.0,0.0,727.256576015787
2024-01-22 00:45:00,774.9227076051325,0.0,774.9227076051325,0.0,0.0,0.0,0.0,False,NORMAL,0.7,IDLE,0.0,0.0,0.0,0.0,774.9227076051325
2024-01-22 01:00:00,747.8060008952409,0.0,747.8060008952409,0.0,0.0,0.0,0.0,False,NORMAL,0.7,IDLE,0.0,0.0,0.0,0.0,747.8060008952409
2024-01-22 01:15:00,768.0833894649465,0.0,768.0833894649465,0.0,0.0,0.0,0.0,False,NORMAL,0.7,IDLE,0.0,0.0,0.0,0.0,768.0833894649465
2024-01-22 01:30:00,737.032476043707,0.0,737.032476043707,0.0,0.0,0.0,0.0,False,NORMAL,0.7,IDLE,0.0,0.0,0.0,0.0,737.032476043707
2024-01-22 01:45:00,735.6860466221975,0.0,735.6860466221975,0.0,0.0,0.0,0.0,False,NORMAL,0.7,IDLE,0.0,0.0,0.0,0.0,735.6860466221975
2024-01-22 02:00:00,796.2080985544457,0.0,796.2080985544457,0.0,0.0,0.0,0.0,False,NORMAL,0.7,IDLE,0.0,0.0,0.0,0.0,796.2080985544457
2024-01-22 02:15:00,691.3349553788348,0.0,691.3349553788348,0.0,0.0,0.0,0.0,False,NORMAL,0.7,IDLE,0.0,0.0,0.0,0.0,691.3349553788348
2024-01-22 02:30:00,749.6028793246605,0.0,749.6028793246605,0.0,0.0,0.0,0.0,False,NORMAL,0.7,IDLE,0.0,0.0,0.0,0.0,749.6028793246605
2024-01-22 02:45:00,750.8530995085656,0.0,750.8530995085656,0.0,0.0,0.0,0.0,False,NORMAL,0.7,IDLE,0.0,0.0,0.0,0.0,750.8530995085656
2024-01-22 03:00:00,700.8500015739189,0.0,700.8500015739189,0.0,0.0,0.0,0.0,False,NORMAL,0.7,IDLE,0.0,0.0,0.0,0.0,700.8500015739189
2024-01-22 03:15:00,731.4156384223932,0.0,731.4156384223932,0.0,0.0,0.0,0.0,False,NORMAL,0.7,IDLE,0.0,0.0,0.0,0.0,731.4156384223932
2024-01-22 03:30:00,729.036555177036,0.0,729.036555177036,0.0,0.0,0.0,0.0,False,NORMAL,0.7,IDLE,0.0,0.0,0.0,0.0,729.036555177036
2024-01-22 03:45:00,786.2937161768868,0.0,786.2937161768868,0.0,0.0,0.0,0.0,False,NORMAL,0.7,IDLE,0.0,0.0,0.0,0.0,786.2937161768868
2024-01-22 04:00:00,767.1009982791013,0.0,767.1009982791013,0.0,0.0,0.0,0.0,False,NORMAL,0.7,IDLE,0.0,0.0,0.0,0.0,767.1009982791013
2024-01-22 04:15:00,740.016427188755,0.0,740.016427188755,0.0,0.0,0.0,0.0,False,NORMAL,0.7,IDLE,0.0,0.0,0.0,0.0,740.016427188755
2024-01-22 04:30:00,790.6283649213898,0.0,790.6283649213898,0.0,0.0,0.0,0.0,False,NORMAL,0.7,IDLE,0.0,0.0,0.0,0.0,790.6283649213898
2024-01-22 04:45:00,750.2935443263433,0.0,750.2935443263433,0.0,0.0,0.0,0.0,False,NORMAL,0.7,IDLE,0.0,0.0,0.0,0.0,750.2935443263433
2024-01-22 05:00:00,759.1759369101122,0.0,759.1759369101122,0.0,0.0,0.0,0.0,False,NORMAL,0.7,IDLE,0.0,0.0,0.0,0.0,759.1759369101122
2024-01-22 05:15:00,824.8293283798973,0.0,824.8293283798973,0.0,0.0,0.0,0.0,False,NORMAL,0.7,IDLE,0.0,0.0,0.0,0.0,824.8293283798973
2024-01-22 05:30:00,960.5196575585599,0.0,960.5196575585599,0.0,0.0,0.0,0.0,False,NORMAL,0.7,IDLE,0.0,0.0,0.0,0.0,960.5196575585599
2024-01-22 05:45:00,1010.746643317542,0.0,1010.746643317542,0.0,0.0,0.0,0.0,False,NORMAL,0.7,IDLE,0.0,0.0,0.0,0.0,1010.746643317542
2024-01-22 06:00:00,1001.2335420113068,3.2488950013671202e-22,1001.2335420113068,0.0,0.0,0.0,0.0,False,NORMAL,0.7,IDLE,0.0,0.0,0.0,0.0,1001.2335420113068
2024-01-22 06:15:00,1166.8003220873652,3.7909060897267115,1163.0094159976386,0.0,0.0,0.0,0.0,False,NORMAL,0.7,IDLE,0.0,0.0,0.0,0.0,1163.0094159976386
2024-01-22 06:30:00,1333.160002256799,24.14769502713342,1309.0123072296656,0.0,0.0,0.0,0.0,False,NORMAL,0.7,IDLE,0.0,0.0,0.0,0.0,1309.0123072296656
2024-01-22 06:45:00,1414.9183653002942,57.666895186165796,1357.2514701141283,0.0,0.0,0.0,0.0,False,NORMAL,0.7,IDLE,0.0,0.0,0.0,0.0,1357.2514701141283
2024-01-22 07:00:00,1521.6788328213647,88.28294505621116,1433.3958877651535,0.0,0.0,0.0,0.0,False,NORMAL,0.7,IDLE,0.0,0.0,0.0,0.0,1433.3958877651535
2024-01-22 07:15:00,1642.045054769976,117.76377510633296,1524.281279663643,0.0,0.0,0.0,0.0,False,NORMAL,0.7,IDLE,0.0,0.0,0.0,0.0,1524.281279663643
2024-01-22 07:30:00,1687.4785907918663,160.84329847777397,1526.6352923140923,0.0,0.0,0.0,0.0,False,NORMAL,0.7,IDLE,0.0,0.0,0.0,0.0,1526.6352923140923
2024-01-22 07:45:00,1775.0586506971738,200.32038239193193,1574.738268305242,0.0,0.0,0.0,0.0,False,NORMAL,0.7,IDLE,0.0,0.0,0.0,0.0,1574.738268305242
2024-01-22 08:00:00,1834.3472363619303,227.13481514804835,1607.212421213882,0.0,0.0,0.0,0.0,False,NORMAL,0.7,IDLE,0.0,0.0,0.0,0.0,1607.212421213882
2024-01-22 08:15:00,1888.356481532885,93.26708411254006,1795.089397420345,0.0,0.0,0.0,0.0,False,WATCH,0.7,IDLE,0.0,0.0,0.0,0.0,1795.089397420345
2024-01-22 08:30:00,2023.9367966623754,228.43339010877636,1795.503406553599,0.0,0.0,0.0,0.0,False,WATCH,0.7,IDLE,0.0,0.0,0.0,0.0,1795.503406553599
2024-01-22 08:45:00,2128.3004575801633,378.52689786960326,1749.77355971056,0.0,0.0,0.0,0.0,False,WATCH,0.7,IDLE,0.0,0.0,0.0,0.0,1749.77355971056
2024-01-22 09:00:00,1727.8439918657546,420.1647915126056,1307.679200353149,0.0,0.0,0.0,0.0,False,NORMAL,0.7,IDLE,0.0,0.0,0.0,0.0,1307.679200353149
2024-01-22 09:15:00,1724.120717523236,446.7427738948399,1277.377943628396,0.0,0.0,0.0,0.0,False,NORMAL,0.7,IDLE,0.0,0.0,0.0,0.0,1277.377943628396
2024-01-22 09:30:00,1730.864737570921,466.9480717395559,1263.9166658313652,0.0,0.0,0.0,0.0,False,NORMAL,0.7,IDLE,0.0,0.0,0.0,0.0,1263.9166658313652
2024-01-22 09:45:00,1737.7982540711594,527.2967353220563,1210.501518749103,0.0,0.0,0.0,0.0,False,NORMAL,0.7,IDLE,0.0,0.0,0.0,0.0,1210.501518749103
2024-01-22 10:00:00,1692.6630082204656,540.1904762272744,1152.4725319931913,0.0,0.0,0.0,0.0,False,NORMAL,0.7,IDLE,0.0,0.0,0.0,0.0,1152.4725319931913
2024-01-22 10:15:00,1660.9321938763,565.6954196638355,1095.2367742124645,0.0,0.0,0.0,0.0,False,NORMAL,0.7,IDLE,0.0,0.0,0.0,0.0,1095.2367742124645
2024-01-22 10:30:00,1723.3674277494815,568.4487233953162,1154.9187043541654,0.0,0.0,0.0,0.0,False,NORMAL,0.7,IDLE,0.0,0.0,0.0,0.0,1154.9187043541654
2024-01-22 10:45:00,1705.7625982374116,634.7677244879019,1070.9948737495097,0.0,0.0,0.0,0.0,False,NORMAL,0.7,IDLE,0.0,0.0,0.0,0.0,1070.9948737495097
2024-01-22 11:00:00,1698.7041481990334,642.3025522264287,1056.4015959726048,0.0,0.0,0.0,0.0,False,NORMAL,0.7,IDLE,0.0,0.0,0.0,0.0,1056.4015959726048
2024-01-22 11:15:00,1745.9023521444742,674.7999715023678,1071.1023806421063,0.0,0.0,0.0,0.0,False,NORMAL,0.7,IDLE,0.0,0.0,0.0,0.0,1071.1023806421063
2024-01-22 11:30:00,1711.0521888008861,639.7813155881739,1071.270873212712,0.0,0.0,0.0,0.0,False,NORMAL,0.7,IDLE,0.0,0.0,0.0,0.0,1071.270873212712
2024-01-22 11:45:00,1798.998928611745,701.0757995989486,1097.9231290127964,0.0,0.0,0.0,0.0,False,NORMAL,0.7,IDLE,0.0,0.0,0.0,0.0,1097.9231290127964
2024-01-22 12:00:00,1745.1373692849397,652.4379364050274,1092.6994328799124,0.0,0.0,0.0,0.0,False,NORMAL,0.7,IDLE,0.0,0.0,0.0,0.0,1092.6994328799124
2024-01-22 12:15:00,1702.561017480458,728.8922154550708,973.6688020253873,0.0,0.0,0.0,0.0,False,NORMAL,0.7,IDLE,0.0,0.0,0.0,0.0,973.6688020253873
2024-01-22 12:30:00,1707.0356206374095,714.7848423365518,992.2507783008576,0.0,0.0,0.0,0.0,False,NORMAL,0.7,IDLE,0.0,0.0,0.0,0.0,992.2507783008576
2024-01-22 12:45:00,1637.072622500719,691.6908192667693,945.3818032339498,0.0,0.0,0.0,0.0,False,NORMAL,0.7,IDLE,0.0,0.0,0.0,0.0,945.3818032339498
2024-01-22 13:00:00,1702.3940553635541,698.7845114954507,1003.6095438681034,0.0,0.0,0.0,0.0,False,NORMAL,0.7,IDLE,0.0,0.0,0.0,0.0,1003.6095438681034
2024-01-22 13:15:00,1668.5240420535338,653.1104463188143,1015.4135957347195,0.0,0.0,0.0,0.0,False,NORMAL,0.7,IDLE,0.0,0.0,0.0,0.0,1015.4135957347195
2024-01-22 13:30:00,1725.547866214723,330.12308151657413,1395.4247846981489,0.0,0.0,0.0,0.0,False,NORMAL,0.7,IDLE,0.0,0.0,0.0,0.0,1395.4247846981489
2024-01-22 13:45:00,1655.0394977250662,647.9125902643162,1007.12690746075,0.0,0.0,0.0,0.0,False,NORMAL,0.7,IDLE,0.0,0.0,0.0,0.0,1007.12690746075
2024-01-22 14:00:00,1690.1639223972247,551.1284111986967,1139.0355111985282,0.0,0.0,0.0,0.0,False,NORMAL,0.7,IDLE,0.0,0.0,0.0,0.0,1139.0355111985282
2024-01-22 14:15:00,1764.3380065250135,220.68895815670325,1543.6490483683103,0.0,0.0,0.0,0.0,False,NORMAL,0.7,IDLE,0.0,0.0,0.0,0.0,1543.6490483683103
2024-01-22 14:30:00,1776.7800187114779,547.2512036280291,1229.5288150834488,0.0,0.0,0.0,0.0,False,NORMAL,0.7,IDLE,0.0,0.0,0.0,0.0,1229.5288150834488
2024-01-22 14:45:00,1744.9225841342486,510.6067503548732,1234.3158337793755,0.0,0.0,0.0,0.0,False,NORMAL,0.7,IDLE,0.0,0.0,0.0,0.0,1234.3158337793755
2024-01-22 15:00:00,1724.1009071858343,498.2719033108723,1225.829003874962,0.0,0.0,0.0,0.0,False,NORMAL,0.7,IDLE,0.0,0.0,0.0,0.0,1225.829003874962
2024-01-22 15:15:00,1790.6603075979597,424.5048954372655,1366.1554121606941,0.0,0.0,0.0,0.0,False,NORMAL,0.7,IDLE,0.0,0.0,0.0,0.0,1366.1554121606941
2024-01-22 15:30:00,1725.8765363764237,392.3293454667949,1333.5471909096289,0.0,0.0,0.0,0.0,False,NORMAL,0.7,IDLE,0.0,0.0,0.0,0.0,1333.5471909096289
2024-01-22 15:45:00,1827.3797602729242,338.57127862990336,1488.8084816430207,0.0,0.0,0.0,0.0,False,NORMAL,0.7,IDLE,0.0,0.0,0.0,0.0,1488.8084816430207
2024-01-22 16:00:00,1736.975039913198,332.49695569765197,1404.478084215546,0.0,0.0,0.0,0.0,False,NORMAL,0.7,IDLE,0.0,0.0,0.0,0.0,1404.478084215546
2024-01-22 16:15:00,1866.4825346395967,274.8090155918988,1591.673519047698,0.0,0.0,0.0,0.0,False,NORMAL,0.7,IDLE,0.0,0.0,0.0,0.0,1591.673519047698
2024-01-22 16:30:00,1894.627565102087,232.91787718424013,1661.7096879178468,0.0,0.0,0.0,0.0,False,NORMAL,0.7,IDLE,0.0,0.0,0.0,0.0,1661.7096879178468
2024-01-22 16:45:00,2046.4718037365737,195.79770526692982,1850.674098469644,0.0,0.0,0.0,0.0,False,WATCH,0.7,IDLE,0.0,0.0,0.0,0.0,1850.674098469644
2024-01-22 17:00:00,2033.637299368866,160.66400625573226,1872.9732931131339,0.0,0.0,0.0,0.0,False,WATCH,0.7,IDLE,0.0,0.0,0.0,0.0,1872.9732931131339
2024-01-22 17:15:00,2132.26746433567,122.51548678357588,2009.751977552094,0.0,0.0,0.0,0.0,False,WARNING,0.7,IDLE,0.0,0.0,0.0,0.0,2009.751977552094
2024-01-22 17:30:00,2183.82412995592,94.49295267412721,2089.331177281793,0.0,0.0,0.0,0.0,False,WARNING,0.7,IDLE,0.0,0.0,0.0,0.0,2089.331177281793
2024-01-22 17:45:00,2145.990645819033,58.03351706184388,2087.9571287571894,0.0,0.0,0.0,0.0,False,WARNING,0.7,IDLE,0.0,0.0,0.0,0.0,2087.9571287571894
2024-01-22 18:00:00,2241.929656839652,30.882338814985232,2211.0473180246668,0.0,0.0,0.0,0.0,False,WARNING,0.7,IDLE,0.0,0.0,0.0,0.0,2211.0473180246668
2024-01-22 18:15:00,2201.5465566685366,10.918931149381814,2190.6276255191547,0.0,0.0,0.0,0.0,False,WARNING,0.7,IDLE,0.0,0.0,0.0,0.0,2190.6276255191547
2024-01-22 18:30:00,2239.914457474011,3.34224920418878e-22,2239.914457474011,0.0,0.0,0.0,0.0,False,WARNING,0.7,IDLE,0.0,0.0,0.0,0.0,2239.914457474011
2024-01-22 18:45:00,2275.690268789883,0.0,2275.690268789883,0.0,0.0,0.0,0.0,False,WARNING,0.7,IDLE,0.0,0.0,0.0,0.0,2275.690268789883
2024-01-22 19:00:00,2131.7363756243403,0.0,2131.7363756243403,0.0,0.0,0.0,0.0,False,WARNING,0.7,IDLE,0.0,0.0,0.0,0.0,2131.7363756243403
2024-01-22 19:15:00,2191.5155839879303,0.0,2191.5155839879303,0.0,0.0,0.0,0.0,False,WARNING,0.7,IDLE,0.0,0.0,0.0,0.0,2191.5155839879303
2024-01-22 19:30:00,2252.1535150086142,0.0,2252.1535150086142,0.0,0.0,0.0,0.0,False,WARNING,0.7,IDLE,0.0,0.0,0.0,0.0,2252.1535150086142
2024-01-22 19:45:00,2193.1744130310685,0.0,2193.1744130310685,0.0,0.0,0.0,0.0,False,WARNING,0.7,IDLE,0.0,0.0,0.0,0.0,2193.1744130310685
2024-01-22 20:00:00,2138.5865568809677,0.0,2138.5865568809677,0.0,0.0,0.0,0.0,False,WARNING,0.7,IDLE,0.0,0.0,0.0,0.0,2138.5865568809677
2024-01-22 20:15:00,2103.5347554142545,0.0,2103.5347554142545,0.0,0.0,0.0,0.0,False,WARNING,0.7,IDLE,0.0,0.0,0.0,0.0,2103.5347554142545
2024-01-22 20:30:00,2084.936336117098,0.0,2084.936336117098,0.0,0.0,0.0,0.0,False,WARNING,0.7,IDLE,0.0,0.0,0.0,0.0,2084.936336117098
2024-01-22 20:45:00,2025.9862522942203,0.0,2025.9862522942203,0.0,0.0,0.0,0.0,False,WARNING,0.7,IDLE,0.0,0.0,0.0,0.0,2025.9862522942203
2024-01-22 21:00:00,1943.4374178784742,0.0,1943.4374178784742,0.0,0.0,0.0,0.0,False,WATCH,0.7,IDLE,0.0,0.0,0.0,0.0,1943.4374178784742
2024-01-22 21:15:00,1913.7847923919364,0.0,1913.7847923919364,0.0,0.0,0.0,0.0,False,WATCH,0.7,IDLE,0.0,0.0,0.0,0.0,1913.7847923919364
2024-01-22 21:30:00,1812.1694056370739,0.0,1812.1694056370739,0.0,0.0,0.0,0.0,False,WATCH,0.7,IDLE,0.0,0.0,0.0,0.0,1812.1694056370739
2024-01-22 21:45:00,1678.2805088683788,0.0,1678.2805088683788,0.0,0.0,0.0,0.0,False,NORMAL,0.7,IDLE,0.0,0.0,0.0,0.0,1678.2805088683788
2024-01-22 22:00:00,1561.6532742275813,0.0,1561.6532742275813,0.0,0.0,0.0,0.0,False,NORMAL,0.7,IDLE,0.0,0.0,0.0,0.0,1561.6532742275813
2024-01-22 22:15:00,1410.74255065646,0.0,1410.74255065646,0.0,0.0,0.0,0.0,False,NORMAL,0.7,IDLE,0.0,0.0,0.0,0.0,1410.74255065646
2024-01-22 22:30:00,1268.3827027485788,0.0,1268.3827027485788,0.0,0.0,0.0,0.0,False,NORMAL,0.7,IDLE,0.0,0.0,0.0,0.0,1268.3827027485788
2024-01-22 22:45:00,1130.1504915964229,0.0,1130.1504915964229,0.0,0.0,0.0,0.0,False,NORMAL,0.7,IDLE,0.0,0.0,0.0,0.0,1130.1504915964229
2024-01-22 23:00:00,960.9899893823019,0.0,960.9899893823019,0.0,0.0,0.0,0.0,False,NORMAL,0.7,IDLE,0.0,0.0,0.0,0.0,960.9899893823019
2024-01-22 23:15:00,920.7100753379432,0.0,920.7100753379432,0.0,0.0,0.0,0.0,False,NORMAL,0.7,IDLE,0.0,0.0,0.0,0.0,920.7100753379432
2024-01-22 23:30:00,901.0771961100944,0.0,901.0771961100944,0.0,0.0,0.0,0.0,False,NORMAL,0.7,IDLE,0.0,0.0,0.0,0.0,901.0771961100944
2024-01-22 23:45:00,951.3224725137177,0.0,951.3224725137177,0.0,0.0,0.0,0.0,False,NORMAL,0.7,IDLE,0.0,0.0,0.0,0.0,951.3224725137177
2024-01-23 00:00:00,711.6971245725706,0.0,711.6971245725706,0.0,0.0,0.0,0.0,False,NORMAL,0.7,IDLE,0.0,0.0,0.0,0.0,711.6971245725706
2024-01-23 00:15:00,715.0745545730668,0.0,715.0745545730668,0.0,0.0,0.0,0.0,False,NORMAL,0.7,IDLE,0.0,0.0,0.0,0.0,715.0745545730668
2024-01-23 00:30:00,753.5019484463728,0.0,753.5019484463728,0.0,0.0,0.0,0.0,False,NORMAL,0.7,IDLE,0.0,0.0,0.0,0.0,753.5019484463728
2024-01-23 00:45:00,744.2386595434458,0.0,744.2386595434458,0.0,0.0,0.0,0.0,False,NORMAL,0.7,IDLE,0.0,0.0,0.0,0.0,744.2386595434458
2024-01-23 01:00:00,769.0084493827059,0.0,769.0084493827059,0.0,0.0,0.0,0.0,False,NORMAL,0.7,IDLE,0.0,0.0,0.0,0.0,769.0084493827059
2024-01-23 01:15:00,738.8781027440817,0.0,738.8781027440817,0.0,0.0,0.0,0.0,False,NORMAL,0.7,IDLE,0.0,0.0,0.0,0.0,738.8781027440817
2024-01-23 01:30:00,794.5749445127187,0.0,794.5749445127187,0.0,0.0,0.0,0.0,False,NORMAL,0.7,IDLE,0.0,0.0,0.0,0.0,794.5749445127187
2024-01-23 01:45:00,794.287620863078,0.0,794.287620863078,0.0,0.0,0.0,0.0,False,NORMAL,0.7,IDLE,0.0,0.0,0.0,0.0,794.287620863078
2024-01-23 02:00:00,697.2630555670594,0.0,697.2630555670594,0.0,0.0,0.0,0.0,False,NORMAL,0.7,IDLE,0.0,0.0,0.0,0.0,697.2630555670594
2024-01-23 02:15:00,726.9372459419458,0.0,726.9372459419458,0.0,0.0,0.0,0.0,False,NORMAL,0.7,IDLE,0.0,0.0,0.0,0.0,726.9372459419458
2024-01-23 02:30:00,782.5820093308547,0.0,782.5820093308547,0.0,0.0,0.0,0.0,False,NORMAL,0.7,IDLE,0.0,0.0,0.0,0.0,782.5820093308547
2024-01-23 02:45:00,715.7626068734205,0.0,715.7626068734205,0.0,0.0,0.0,0.0,False,NORMAL,0.7,IDLE,0.0,0.0,0.0,0.0,715.7626068734205
2024-01-23 03:00:00,743.4531098116389,0.0,743.4531098116389,0.0,0.0,0.0,0.0,False,NORMAL,0.7,IDLE,0.0,0.0,0.0,0.0,743.4531098116389
2024-01-23 03:15:00,837.9774000800745,0.0,837.9774000800745,0.0,0.0,0.0,0.0,False,NORMAL,0.7,IDLE,0.0,0.0,0.0,0.0,837.9774000800745
2024-01-23 03:30:00,770.5350143039594,0.0,770.5350143039594,0.0,0.0,0.0,0.0,False,NORMAL,0.7,IDLE,0.0,0.0,0.0,0.0,770.5350143039594
2024-01-23 03:45:00,781.6812261407504,0.0,781.6812261407504,0.0,0.0,0.0,0.0,False,NORMAL,0.7,IDLE,0.0,0.0,0.0,0.0,781.6812261407504
2024-01-23 04:00:00,727.3140823525673,0.0,727.3140823525673,0.0,0.0,0.0,0.0,False,NORMAL,0.7,IDLE,0.0,0.0,0.0,0.0,727.3140823525673
2024-01-23 04:15:00,773.2495962818966,0.0,773.2495962818966,0.0,0.0,0.0,0.0,False,NORMAL,0.7,IDLE,0.0,0.0,0.0,0.0,773.2495962818966
2024-01-23 04:30:00,775.9233432723341,0.0,775.9233432723341,0.0,0.0,0.0,0.0,False,NORMAL,0.7,IDLE,0.0,0.0,0.0,0.0,775.9233432723341
2024-01-23 04:45:00,738.8262750409096,0.0,738.8262750409096,0.0,0.0,0.0,0.0,False,NORMAL,0.7,IDLE,0.0,0.0,0.0,0.0,738.8262750409096
2024-01-23 05:00:00,819.0760758414262,0.0,819.0760758414262,0.0,0.0,0.0,0.0,False,NORMAL,0.7,IDLE,0.0,0.0,0.0,0.0,819.0760758414262
2024-01-23 05:15:00,877.830230734056,0.0,877.830230734056,0.0,0.0,0.0,0.0,False,NORMAL,0.7,IDLE,0.0,0.0,0.0,0.0,877.830230734056
2024-01-23 05:30:00,920.4878699090143,0.0,920.4878699090143,0.0,0.0,0.0,0.0,False,NORMAL,0.7,IDLE,0.0,0.0,0.0,0.0,920.4878699090143
2024-01-23 05:45:00,1023.2954600931275,0.0,1023.2954600931275,0.0,0.0,0.0,0.0,False,NORMAL,0.7,IDLE,0.0,0.0,0.0,0.0,1023.2954600931275
2024-01-23 06:00:00,1117.6076157360221,3.579721829907559e-22,1117.6076157360221,0.0,0.0,0.0,0.0,False,NORMAL,0.7,IDLE,0.0,0.0,0.0,0.0,1117.6076157360221
2024-01-23 06:15:00,1255.3668725106593,3.5244773659331234,1251.8423951447262,0.0,0.0,0.0,0.0,False,NORMAL,0.7,IDLE,0.0,0.0,0.0,0.0,1251.8423951447262
2024-01-23 06:30:00,1378.8409073215598,16.781968847560126,1362.0589384739997,0.0,0.0,0.0,0.0,False,NORMAL,0.7,IDLE,0.0,0.0,0.0,0.0,1362.0589384739997
2024-01-23 06:45:00,1407.6009629894925,60.93876952548693,1346.6621934640054,0.0,0.0,0.0,0.0,False,NORMAL,0.7,IDLE,0.0,0.0,0.0,0.0,1346.6621934640054
2024-01-23 07:00:00,1462.0326088814963,75.09102705905818,1386.9415818224381,0.0,0.0,0.0,0.0,False,NORMAL,0.7,IDLE,0.0,0.0,0.0,0.0,1386.9415818224381
2024-01-23 07:15:00,1574.0658713069017,54.291139671267345,1519.7747316356345,0.0,0.0,0.0,0.0,False,NORMAL,0.7,IDLE,0.0,0.0,0.0,0.0,1519.7747316356345
2024-01-23 07:30:00,1714.477951367086,169.34363747398874,1545.1343138930972,0.0,0.0,0.0,0.0,False,NORMAL,0.7,IDLE,0.0,0.0,0.0,0.0,1545.1343138930972
2024-01-23 07:45:00,1794.709733009418,199.50834717945904,1595.201385829959,0.0,0.0,0.0,0.0,False,NORMAL,0.7,IDLE,0.0,0.0,0.0,0.0,1595.201385829959
2024-01-23 08:00:00,1933.011545627854,250.87269356816728,1682.1388520596868,0.0,0.0,0.0,0.0,False,NORMAL,0.7,IDLE,0.0,0.0,0.0,0.0,1682.1388520596868
2024-01-23 08:15:00,1976.4313339807363,297.3745454268724,1679.056788553864,0.0,0.0,0.0,0.0,False,NORMAL,0.7,IDLE,0.0,0.0,0.0,0.0,1679.056788553864
2024-01-23 08:30:00,2031.1099950488538,316.92093770844184,1714.1890573404119,0.0,0.0,0.0,0.0,False,NORMAL,0.7,IDLE,0.0,0.0,0.0,0.0,1714.1890573404119
2024-01-23 08:45:00,2128.839053615023,365.54220297071936,1763.296850644304,0.0,0.0,0.0,0.0,False,WATCH,0.7,IDLE,0.0,0.0,0.0,0.0,1763.296850644304
2024-01-23 09:00:00,1715.6836852573706,432.1956928513892,1283.4879924059815,0.0,0.0,0.0,0.0,False,NORMAL,0.7,IDLE,0.0,0.0,0.0,0.0,1283.4879924059815
2024-01-23 09:15:00,1821.9099350978213,474.7718404906647,1347.1380946071565,0.0,0.0,0.0,0.0,False,NORMAL,0.7,IDLE,0.0,0.0,0.0,0.0,1347.1380946071565
2024-01-23 09:30:00,1697.199587443107,479.36405814788816,1217.8355292952187,0.0,0.0,0.0,0.0,False,NORMAL,0.7,IDLE,0.0,0.0,0.0,0.0,1217.8355292952187
2024-01-23 09:45:00,1788.578624300965,553.7685957123358,1234.8100285886292,0.0,0.0,0.0,0.0,False,NORMAL,0.7,IDLE,0.0,0.0,0.0,0.0,1234.8100285886292
2024-01-23 10:00:00,1838.34603843161,578.3115943039179,1260.034444127692,0.0,0.0,0.0,0.0,False,NORMAL,0.7,IDLE,0.0,0.0,0.0,0.0,1260.034444127692
2024-01-23 10:15:00,1752.6658048641464,434.3230933384616,1318.3427115256848,0.0,0.0,0.0,0.0,False,NORMAL,0.7,IDLE,0.0,0.0,0.0,0.0,1318.3427115256848
2024-01-23 10:30:00,1732.5851173599153,627.5622952872644,1105.0228220726508,0.0,0.0,0.0,0.0,False,NORMAL,0.7,IDLE,0.0,0.0,0.0,0.0,1105.0228220726508
2024-01-23 10:45:00,1765.0292933527026,532.6567553852342,1232.3725379674684,0.0,0.0,0.0,0.0,False,NORMAL,0.7,IDLE,0.0,0.0,0.0,0.0,1232.3725379674684
2024-01-23 11:00:00,1737.2633390539293,706.8414189221535,1030.4219201317758,0.0,0.0,0.0,0.0,False,NORMAL,0.7,IDLE,0.0,0.0,0.0,0.0,1030.4219201317758
2024-01-23 11:15:00,1791.9776357225278,701.0658967292173,1090.9117389933103,0.0,0.0,0.0,0.0,False,NORMAL,0.7,IDLE,0.0,0.0,0.0,0.0,1090.9117389933103
2024-01-23 11:30:00,1701.5593300895341,724.0094637027923,977.5498663867418,0.0,0.0,0.0,0.0,False,NORMAL,0.7,IDLE,0.0,0.0,0.0,0.0,977.5498663867418
2024-01-23 11:45:00,1799.5229069166385,374.9282252351711,1424.5946816814674,0.0,0.0,0.0,0.0,False,NORMAL,0.7,IDLE,0.0,0.0,0.0,0.0,1424.5946816814674
2024-01-23 12:00:00,1685.449100614844,547.971547161059,1137.4775534537848,0.0,0.0,0.0,0.0,False,NORMAL,0.7,IDLE,0.0,0.0,0.0,0.0,1137.4775534537848
2024-01-23 12:15:00,1740.944809177992,740.602905684255,1000.341903493737,0.0,0.0,0.0,0.0,False,NORMAL,0.7,IDLE,0.0,0.0,0.0,0.0,1000.341903493737
2024-01-23 12:30:00,1715.9944802817822,720.5868515787947,995.4076287029875,0.0,0.0,0.0,0.0,False,NORMAL,0.7,IDLE,0.0,0.0,0.0,0.0,995.4076287029875
2024-01-23 12:45:00,1744.600449040574,718.7371627251797,1025.8632863153944,0.0,0.0,0.0,0.0,False,NORMAL,0.7,IDLE,0.0,0.0,0.0,0.0,1025.8632863153944
2024-01-23 13:00:00,1641.191261739808,726.376106390142,914.8151553496659,0.0,0.0,0.0,0.0,False,NORMAL,0.7,IDLE,0.0,0.0,0.0,0.0,914.8151553496659
2024-01-23 13:15:00,1742.5738437857256,724.5466975500724,1018.0271462356532,0.0,0.0,0.0,0.0,False,NORMAL,0.7,IDLE,0.0,0.0,0.0,0.0,1018.0271462356532
2024-01-23 13:30:00,1793.201070712478,661.762460461972,1131.438610250506,0.0,0.0,0.0,0.0,False,NORMAL,0.7,IDLE,0.0,0.0,0.0,0.0,1131.438610250506
2024-01-23 13:45:00,1644.2119802566533,284.90934683297456,1359.3026334236788,0.0,0.0,0.0,0.0,False,NORMAL,0.7,IDLE,0.0,0.0,0.0,0.0,1359.3026334236788
2024-01-23 14:00:00,1807.4983822206414,473.08337287214096,1334.4150093485005,0.0,0.0,0.0,0.0,False,NORMAL,0.7,IDLE,0.0,0.0,0.0,0.0,1334.4150093485005
2024-01-23 14:15:00,1785.0737844504642,618.2650258041119,1166.8087586463523,0.0,0.0,0.0,0.0,False,NORMAL,0.7,IDLE,0.0,0.0,0.0,0.0,1166.8087586463523
2024-01-23 14:30:00,1800.6076654398444,574.9814883939413,1225.6261770459032,0.0,0.0,0.0,0.0,False,NORMAL,0.7,IDLE,0.0,0.0,0.0,0.0,1225.6261770459032
2024-01-23 14:45:00,1820.0569384309902,310.6468602974088,1509.4100781335815,0.0,0.0,0.0,0.0,False,NORMAL,0.7,IDLE,0.0,0.0,0.0,0.0,1509.4100781335815
2024-01-23 15:00:00,1770.7085613602922,500.4827844016545,1270.2257769586377,0.0,0.0,0.0,0.0,False,NORMAL,0.7,IDLE,0.0,0.0,0.0,0.0,1270.2257769586377
2024-01-23 15:15:00,1818.2599052919288,336.07161224128777,1482.188293050641,0.0,0.0,0.0,0.0,False,NORMAL,0.7,IDLE,0.0,0.0,0.0,0.0,1482.188293050641
2024-01-23 15:30:00,1826.9270434351429,420.8786969237957,1406.048346511347,0.0,0.0,0.0,0.0,False,NORMAL,0.7,IDLE,0.0,0.0,0.0,0.0,1406.048346511347
2024-01-23 15:45:00,1796.7738570917986,191.65938332936705,1605.1144737624315,0.0,0.0,0.0,0.0,False,NORMAL,0.7,IDLE,0.0,0.0,0.0,0.0,1605.1144737624315
2024-01-23 16:00:00,1804.1285080343332,330.5929909471546,1473.5355170871785,0.0,0.0,0.0,0.0,False,NORMAL,0.7,IDLE,0.0,0.0,0.0,0.0,1473.5355170871785
2024-01-23 16:15:00,1815.2943046876308,293.24688452757397,1522.0474201600568,0.0,0.0,0.0,0.0,False,NORMAL,0.7,IDLE,0.0,0.0,0.0,0.0,1522.0474201600568
2024-01-23 16:30:00,1919.3426710323154,242.54385884592918,1676.7988121863862,0.0,0.0,0.0,0.0,False,NORMAL,0.7,IDLE,0.0,0.0,0.0,0.0,1676.7988121863862
2024-01-23 16:45:00,2063.0960224457663,156.59199572742259,1906.5040267183438,0.0,0.0,0.0,0.0,False,WATCH,0.7,IDLE,0.0,0.0,0.0,0.0,1906.5040267183438
2024-01-23 17:00:00,2157.5036724602737,161.8625991503916,1995.6410733098821,0.0,0.0,0.0,0.0,False,WARNING,0.7,IDLE,0.0,0.0,0.0,0.0,1995.6410733098821
2024-01-23 17:15:00,2163.7969740895082,78.3490895619369,2085.447884527571,0.0,0.0,0.0,0.0,False,WARNING,0.7,IDLE,0.0,0.0,0.0,0.0,2085.447884527571
2024-01-23 17:30:00,2185.3436242295224,91.310213780682,2094.0334104488406,0.0,0.0,0.0,0.0,False,WARNING,0.7,IDLE,0.0,0.0,0.0,0.0,2094.0334104488406
2024-01-23 17:45:00,2222.0048872489706,59.64972392158935,2162.3551633273814,0.0,0.0,0.0,0.0,False,WARNING,0.7,IDLE,0.0,0.0,0.0,0.0,2162.3551633273814
2024-01-23 18:00:00,2193.9121525216397,33.695144868933,2160.217007652707,0.0,0.0,0.0,0.0,False,WARNING,0.7,IDLE,0.0,0.0,0.0,0.0,2160.217007652707
2024-01-23 18:15:00,2283.4729741850533,11.58379758974933,2271.889176595304,0.0,0.0,0.0,0.0,False,WARNING,0.7,IDLE,0.0,0.0,0.0,0.0,2271.889176595304
2024-01-23 18:30:00,2294.926450937936,3.7103790515302476e-22,2294.926450937936,0.0,0.0,0.0,0.0,False,WARNING,0.7,IDLE,0.0,0.0,0.0,0.0,2294.926450937936
2024-01-23 18:45:00,2315.8214200394314,0.0,2315.8214200394314,0.0,0.0,0.0,0.0,True,CRITICAL,0.7,IDLE,0.0,0.0,0.0,15.82142003943136,2315.8214200394314
2024-01-23 19:00:00,2241.532168188388,0.0,2241.532168188388,0.0,0.0,0.0,0.0,False,WARNING,0.7,IDLE,0.0,0.0,0.0,0.0,2241.532168188388
2024-01-23 19:15:00,2260.794182145859,0.0,2260.794182145859,0.0,0.0,0.0,0.0,False,WARNING,0.7,IDLE,0.0,0.0,0.0,0.0,2260.794182145859
2024-01-23 19:30:00,2228.3308799825845,0.0,2228.3308799825845,0.0,0.0,0.0,0.0,False,WARNING,0.7,IDLE,0.0,0.0,0.0,0.0,2228.3308799825845
2024-01-23 19:45:00,2215.0838678791224,0.0,2215.0838678791224,0.0,0.0,0.0,0.0,False,WARNING,0.7,IDLE,0.0,0.0,0.0,0.0,2215.0838678791224
2024-01-23 20:00:00,2260.3675900494586,0.0,2260.3675900494586,0.0,0.0,0.0,0.0,False,WARNING,0.7,IDLE,0.0,0.0,0.0,0.0,2260.3675900494586
2024-01-23 20:15:00,2144.0626514763894,0.0,2144.0626514763894,0.0,0.0,0.0,0.0,False,WARNING,0.7,IDLE,0.0,0.0,0.0,0.0,2144.0626514763894
2024-01-23 20:30:00,2115.9893443953933,0.0,2115.9893443953933,0.0,0.0,0.0,0.0,False,WARNING,0.7,IDLE,0.0,0.0,0.0,0.0,2115.9893443953933
2024-01-23 20:45:00,2049.7061752365785,0.0,2049.7061752365785,0.0,0.0,0.0,0.0,False,WARNING,0.7,IDLE,0.0,0.0,0.0,0.0,2049.7061752365785
2024-01-23 21:00:00,2032.2123201886502,0.0,2032.2123201886502,0.0,0.0,0.0,0.0,False,WARNING,0.7,IDLE,0.0,0.0,0.0,0.0,2032.2123201886502
2024-01-23 21:15:00,1944.0124890063403,0.0,1944.0124890063403,0.0,0.0,0.0,0.0,False,WATCH,0.7,IDLE,0.0,0.0,0.0,0.0,1944.0124890063403
2024-01-23 21:30:00,1823.0996535864883,0.0,1823.0996535864883,0.0,0.0,0.0,0.0,False,WATCH,0.7,IDLE,0.0,0.0,0.0,0.0,1823.0996535864883
2024-01-23 21:45:00,1736.8276285024747,0.0,1736.8276285024747,0.0,0.0,0.0,0.0,False,WATCH,0.7,IDLE,0.0,0.0,0.0,0.0,1736.8276285024747
2024-01-23 22:00:00,1595.1624036308751,0.0,1595.1624036308751,0.0,0.0,0.0,0.0,False,NORMAL,0.7,IDLE,0.0,0.0,0.0,0.0,1595.1624036308751
2024-01-23 22:15:00,1399.5206390981655,0.0,1399.5206390981655,0.0,0.0,0.0,0.0,False,NORMAL,0.7,IDLE,0.0,0.0,0.0,0.0,1399.5206390981655
2024-01-23 22:30:00,1211.2321665511142,0.0,1211.2321665511142,0.0,0.0,0.0,0.0,False,NORMAL,0.7,IDLE,0.0,0.0,0.0,0.0,1211.2321665511142
2024-01-23 22:45:00,1184.1069330964938,0.0,1184.1069330964938,0.0,0.0,0.0,0.0,False,NORMAL,0.7,IDLE,0.0,0.0,0.0,0.0,1184.1069330964938
2024-01-23 23:00:00,988.7082123081718,0.0,988.7082123081718,0.0,0.0,0.0,0.0,False,NORMAL,0.7,IDLE,0.0,0.0,0.0,0.0,988.7082123081718
2024-01-23 23:15:00,1025.9320122508498,0.0,1025.9320122508498,0.0,0.0,0.0,0.0,False,NORMAL,0.7,IDLE,0.0,0.0,0.0,0.0,1025.9320122508498
2024-01-23 23:30:00,877.919012941754,0.0,877.919012941754,0.0,0.0,0.0,0.0,False,NORMAL,0.7,IDLE,0.0,0.0,0.0,0.0,877.919012941754
2024-01-23 23:45:00,908.038630083342,0.0,908.038630083342,0.0,0.0,0.0,0.0,False,NORMAL,0.7,IDLE,0.0,0.0,0.0,0.0,908.038630083342
2024-01-24 00:00:00,720.608459959668,0.0,720.608459959668,0.0,0.0,0.0,0.0,False,NORMAL,0.7,IDLE,0.0,0.0,0.0,0.0,720.608459959668
2024-01-24 00:15:00,818.8614320677634,0.0,818.8614320677634,0.0,0.0,0.0,0.0,False,NORMAL,0.7,IDLE,0.0,0.0,0.0,0.0,818.8614320677634
2024-01-24 00:30:00,793.4884919269243,0.0,793.4884919269243,0.0,0.0,0.0,0.0,False,NORMAL,0.7,IDLE,0.0,0.0,0.0,0.0,793.4884919269243
2024-01-24 00:45:00,721.9522599400356,0.0,721.9522599400356,0.0,0.0,0.0,0.0,False,NORMAL,0.7,IDLE,0.0,0.0,0.0,0.0,721.9522599400356
2024-01-24 01:00:00,749.31964705532,0.0,749.31964705532,0.0,0.0,0.0,0.0,False,NORMAL,0.7,IDLE,0.0,0.0,0.0,0.0,749.31964705532
2024-01-24 01:15:00,820.0865736471322,0.0,820.0865736471322,0.0,0.0,0.0,0.0,False,NORMAL,0.7,IDLE,0.0,0.0,0.0,0.0,820.0865736471322
2024-01-24 01:30:00,753.542818755956,0.0,753.542818755956,0.0,0.0,0.0,0.0,False,NORMAL,0.7,IDLE,0.0,0.0,0.0,0.0,753.542818755956
2024-01-24 01:45:00,777.2325120677319,0.0,777.2325120677319,0.0,0.0,0.0,0.0,False,NORMAL,0.7,IDLE,0.0,0.0,0.0,0.0,777.2325120677319
2024-01-24 02:00:00,828.0542468741899,0.0,828.0542468741899,0.0,0.0,0.0,0.0,False,NORMAL,0.7,IDLE,0.0,0.0,0.0,0.0,828.0542468741899
2024-01-24 02:15:00,722.7017306410659,0.0,722.7017306410659,0.0,0.0,0.0,0.0,False,NORMAL,0.7,IDLE,0.0,0.0,0.0,0.0,722.7017306410659
2024-01-24 02:30:00,841.6677797279742,0.0,841.6677797279742,0.0,0.0,0.0,0.0,False,NORMAL,0.7,IDLE,0.0,0.0,0.0,0.0,841.6677797279742
2024-01-24 02:45:00,767.9846601543176,0.0,767.9846601543176,0.0,0.0,0.0,0.0,False,NORMAL,0.7,IDLE,0.0,0.0,0.0,0.0,767.9846601543176
2024-01-24 03:00:00,736.2918709071711,0.0,736.2918709071711,0.0,0.0,0.0,0.0,False,NORMAL,0.7,IDLE,0.0,0.0,0.0,0.0,736.2918709071711
2024-01-24 03:15:00,738.1204164719921,0.0,738.1204164719921,0.0,0.0,0.0,0.0,False,NORMAL,0.7,IDLE,0.0,0.0,0.0,0.0,738.1204164719921
2024-01-24 03:30:00,761.2700891011309,0.0,761.2700891011309,0.0,0.0,0.0,0.0,False,NORMAL,0.7,IDLE,0.0,0.0,0.0,0.0,761.2700891011309
2024-01-24 03:45:00,809.0130666656944,0.0,809.0130666656944,0.0,0.0,0.0,0.0,False,NORMAL,0.7,IDLE,0.0,0.0,0.0,0.0,809.0130666656944
2024-01-24 04:00:00,767.229734345646,0.0,767.229734345646,0.0,0.0,0.0,0.0,False,NORMAL,0.7,IDLE,0.0,0.0,0.0,0.0,767.229734345646
2024-01-24 04:15:00,832.5889671557882,0.0,832.5889671557882,0.0,0.0,0.0,0.0,False,NORMAL,0.7,IDLE,0.0,0.0,0.0,0.0,832.5889671557882
2024-01-24 04:30:00,724.9538160449218,0.0,724.9538160449218,0.0,0.0,0.0,0.0,False,NORMAL,0.7,IDLE,0.0,0.0,0.0,0.0,724.9538160449218
2024-01-24 04:45:00,773.3237142564378,0.0,773.3237142564378,0.0,0.0,0.0,0.0,False,NORMAL,0.7,IDLE,0.0,0.0,0.0,0.0,773.3237142564378
2024-01-24 05:00:00,703.4064352320862,0.0,703.4064352320862,0.0,0.0,0.0,0.0,False,NORMAL,0.7,IDLE,0.0,0.0,0.0,0.0,703.4064352320862
2024-01-24 05:15:00,882.4831327759593,0.0,882.4831327759593,0.0,0.0,0.0,0.0,False,NORMAL,0.7,IDLE,0.0,0.0,0.0,0.0,882.4831327759593
2024-01-24 05:30:00,975.9848484366519,0.0,975.9848484366519,0.0,0.0,0.0,0.0,False,NORMAL,0.7,IDLE,0.0,0.0,0.0,0.0,975.9848484366519
2024-01-24 05:45:00,1025.9122447576165,0.0,1025.9122447576165,0.0,0.0,0.0,0.0,False,NORMAL,0.7,IDLE,0.0,0.0,0.0,0.0,1025.9122447576165
2024-01-24 06:00:00,1051.298242225452,3.336571081992761e-22,1051.298242225452,0.0,0.0,0.0,0.0,False,NORMAL,0.7,IDLE,0.0,0.0,0.0,0.0,1051.298242225452
2024-01-24 06:15:00,1236.679518373258,10.859256953948034,1225.8202614193099,0.0,0.0,0.0,0.0,False,NORMAL,0.7,IDLE,0.0,0.0,0.0,0.0,1225.8202614193099
2024-01-24 06:30:00,1318.8659581945212,31.97402152780755,1286.8919366667137,0.0,0.0,0.0,0.0,False,NORMAL,0.7,IDLE,0.0,0.0,0.0,0.0,1286.8919366667137
2024-01-24 06:45:00,1452.1935733077844,55.774200705591355,1396.419372602193,0.0,0.0,0.0,0.0,False,NORMAL,0.7,IDLE,0.0,0.0,0.0,0.0,1396.419372602193
2024-01-24 07:00:00,1578.2028532784666,90.77203147895452,1487.4308217995122,0.0,0.0,0.0,0.0,False,NORMAL,0.7,IDLE,0.0,0.0,0.0,0.0,1487.4308217995122
2024-01-24 07:15:00,1582.6123270043367,126.60508326046565,1456.0072437438712,0.0,0.0,0.0,0.0,False,NORMAL,0.7,IDLE,0.0,0.0,0.0,0.0,1456.0072437438712
2024-01-24 07:30:00,1728.117678728127,154.15583598045453,1573.9618427476726,0.0,0.0,0.0,0.0,False,NORMAL,0.7,IDLE,0.0,0.0,0.0,0.0,1573.9618427476726
2024-01-24 07:45:00,1852.513815011239,195.85137847991163,1656.6624365313276,0.0,0.0,0.0,0.0,False,NORMAL,0.7,IDLE,0.0,0.0,0.0,0.0,1656.6624365313276
2024-01-24 08:00:00,1833.9222365952014,237.15272320494662,1596.7695133902548,0.0,0.0,0.0,0.0,False,NORMAL,0.7,IDLE,0.0,0.0,0.0,0.0,1596.7695133902548
2024-01-24 08:15:00,1988.9852631333256,285.4157319392004,1703.5695311941251,0.0,0.0,0.0,0.0,False,NORMAL,0.7,IDLE,0.0,0.0,0.0,0.0,1703.5695311941251
2024-01-24 08:30:00,2036.100926072638,334.87252551641564,1701.2284005562224,0.0,0.0,0.0,0.0,False,NORMAL,0.7,IDLE,0.0,0.0,0.0,0.0,1701.2284005562224
2024-01-24 08:45:00,2136.5869310575235,342.51690660336004,1794.0700244541636,0.0,0.0,0.0,0.0,False,WATCH,0.7,IDLE,0.0,0.0,0.0,0.0,1794.0700244541636
2024-01-24 09:00:00,1809.8706664465585,128.53392991079593,1681.3367365357626,0.0,0.0,0.0,0.0,False,NORMAL,0.7,IDLE,0.0,0.0,0.0,0.0,1681.3367365357626
2024-01-24 09:15:00,1759.1564436597378,437.6808351436191,1321.4756085161187,0.0,0.0,0.0,0.0,False,NORMAL,0.7,IDLE,0.0,0.0,0.0,0.0,1321.4756085161187
2024-01-24 09:30:00,1769.992041072034,229.18380586314788,1540.8082352088861,0.0,0.0,0.0,0.0,False,NORMAL,0.7,IDLE,0.0,0.0,0.0,0.0,1540.8082352088861
2024-01-24 09:45:00,1773.95544272992,508.32757678064365,1265.6278659492764,0.0,0.0,0.0,0.0,False,NORMAL,0.7,IDLE,0.0,0.0,0.0,0.0,1265.6278659492764
2024-01-24 10:00:00,1722.8569643209016,557.030104671466,1165.8268596494356,0.0,0.0,0.0,0.0,False,NORMAL,0.7,IDLE,0.0,0.0,0.0,0.0,1165.8268596494356
2024-01-24 10:15:00,1754.870830439861,460.79354850862046,1294.0772819312406,0.0,0.0,0.0,0.0,False,NORMAL,0.7,IDLE,0.0,0.0,0.0,0.0,1294.0772819312406
2024-01-24 10:30:00,1782.6739324629293,581.857475476944,1200.8164569859853,0.0,0.0,0.0,0.0,False,NORMAL,0.7,IDLE,0.0,0.0,0.0,0.0,1200.8164569859853
2024-01-24 10:45:00,1760.3888249785387,690.3362666963866,1070.052558282152,0.0,0.0,0.0,0.0,False,NORMAL,0.7,IDLE,0.0,0.0,0.0,0.0,1070.052558282152
2024-01-24 11:00:00,1791.2906366553668,662.7317346522167,1128.5589020031503,0.0,0.0,0.0,0.0,False,NORMAL,0.7,IDLE,0.0,0.0,0.0,0.0,1128.5589020031503
2024-01-24 11:15:00,1793.370916151832,678.003987629134,1115.366928522698,0.0,0.0,0.0,0.0,False,NORMAL,0.7,IDLE,0.0,0.0,0.0,0.0,1115.366928522698
2024-01-24 11:30:00,1717.9443705126625,667.4000546786258,1050.5443158340368,0.0,0.0,0.0,0.0,False,NORMAL,0.7,IDLE,0.0,0.0,0.0,0.0,1050.5443158340368
2024-01-24 11:45:00,1721.8742695701565,705.9929684278198,1015.8813011423366,0.0,0.0,0.0,0.0,False,NORMAL,0.7,IDLE,0.0,0.0,0.0,0.0,1015.8813011423366
2024-01-24 12:00:00,1758.524907479306,703.3030837571505,1055.2218237221555,0.0,0.0,0.0,0.0,False,NORMAL,0.7,IDLE,0.0,0.0,0.0,0.0,1055.2218237221555
2024-01-24 12:15:00,1710.2877434475215,427.8309419776602,1282.4568014698614,0.0,0.0,0.0,0.0,False,NORMAL,0.7,IDLE,0.0,0.0,0.0,0.0,1282.4568014698614
2024-01-24 12:30:00,1737.3725332682534,286.00919171061867,1451.3633415576346,0.0,0.0,0.0,0.0,False,NORMAL,0.7,IDLE,0.0,0.0,0.0,0.0,1451.3633415576346
2024-01-24 12:45:00,1768.5183186430168,717.2198249591197,1051.298493683897,0.0,0.0,0.0,0.0,False,NORMAL,0.7,IDLE,0.0,0.0,0.0,0.0,1051.298493683897
2024-01-24 13:00:00,1747.0576399306328,730.3802926053005,1016.6773473253323,0.0,0.0,0.0,0.0,False,NORMAL,0.7,IDLE,0.0,0.0,0.0,0.0,1016.6773473253323
2024-01-24 13:15:00,1717.1064966993176,683.1829501317333,1033.9235465675843,0.0,0.0,0.0,0.0,False,NORMAL,0.7,IDLE,0.0,0.0,0.0,0.0,1033.9235465675843
2024-01-24 13:30:00,1692.5139069605186,679.2392300404404,1013.2746769200783,0.0,0.0,0.0,0.0,False,NORMAL,0.7,IDLE,0.0,0.0,0.0,0.0,1013.2746769200783
2024-01-24 13:45:00,1766.2516951594082,632.5689005757084,1133.6827945837,0.0,0.0,0.0,0.0,False,NORMAL,0.7,IDLE,0.0,0.0,0.0,0.0,1133.6827945837
2024-01-24 14:00:00,1849.8171465531414,608.5459376823973,1241.271208870744,0.0,0.0,0.0,0.0,False,NORMAL,0.7,IDLE,0.0,0.0,0.0,0.0,1241.271208870744
2024-01-24 14:15:00,1803.505458960084,600.5439230954526,1202.9615358646315,0.0,0.0,0.0,0.0,False,NORMAL,0.7,IDLE,0.0,0.0,0.0,0.0,1202.9615358646315
2024-01-24 14:30:00,1792.2366984807647,577.4067150656379,1214.829983415127,0.0,0.0,0.0,0.0,False,NORMAL,0.7,IDLE,0.0,0.0,0.0,0.0,1214.829983415127
2024-01-24 14:45:00,1754.8802052255126,535.9691974933152,1218.9110077321975,0.0,0.0,0.0,0.0,False,NORMAL,0.7,IDLE,0.0,0.0,0.0,0.0,1218.9110077321975
2024-01-24 15:00:00,1773.798703946495,464.112931397668,1309.685772548827,0.0,0.0,0.0,0.0,False,NORMAL,0.7,IDLE,0.0,0.0,0.0,0.0,1309.685772548827
2024-01-24 15:15:00,1843.3529652827356,440.3155752828298,1403.0373899999058,0.0,0.0,0.0,0.0,False,NORMAL,0.7,IDLE,0.0,0.0,0.0,0.0,1403.0373899999058
2024-01-24 15:30:00,1796.1225696444878,404.83674726792077,1391.285822376567,0.0,0.0,0.0,0.0,False,NORMAL,0.7,IDLE,0.0,0.0,0.0,0.0,1391.285822376567
2024-01-24 15:45:00,1817.7997908155983,357.94815035404383,1459.8516404615543,0.0,0.0,0.0,0.0,False,NORMAL,0.7,IDLE,0.0,0.0,0.0,0.0,1459.8516404615543
2024-01-24 16:00:00,1819.9434662497029,166.68186253875768,1653.261603710945,0.0,0.0,0.0,0.0,False,NORMAL,0.7,IDLE,0.0,0.0,0.0,0.0,1653.261603710945
2024-01-24 16:15:00,1820.3447796263335,284.8868427302577,1535.4579368960758,0.0,0.0,0.0,0.0,False,NORMAL,0.7,IDLE,0.0,0.0,0.0,0.0,1535.4579368960758
2024-01-24 16:30:00,1995.9689593567937,188.58236516045437,1807.3865941963393,0.0,0.0,0.0,0.0,False,WATCH,0.7,IDLE,0.0,0.0,0.0,0.0,1807.3865941963393
2024-01-24 16:45:00,2000.261883016448,206.90852548840763,1793.3533575280405,0.0,0.0,0.0,0.0,False,WATCH,0.7,IDLE,0.0,0.0,0.0,0.0,1793.3533575280405
2024-01-24 17:00:00,2088.218632718136,156.76628126288728,1931.4523514552488,0.0,0.0,0.0,0.0,False,WATCH,0.7,IDLE,0.0,0.0,0.0,0.0,1931.4523514552488
2024-01-24 17:15:00,2189.145667938569,116.78901480930945,2072.35665312926,0.0,0.0,0.0,0.0,False,WARNING,0.7,IDLE,0.0,0.0,0.0,0.0,2072.35665312926
2024-01-24 17:30:00,2288.3912833789054,88.85947230882608,2199.531811070079,0.0,0.0,0.0,0.0,False,WARNING,0.7,IDLE,0.0,0.0,0.0,0.0,2199.531811070079
2024-01-24 17:45:00,2318.4250932576265,60.748964455233654,2257.6761288023927,0.0,0.0,0.0,0.0,False,WARNING,0.7,IDLE,0.0,0.0,0.0,0.0,2257.6761288023927
2024-01-24 18:00:00,2290.650283380594,31.00374106430189,2259.646542316292,0.0,0.0,0.0,0.0,False,WARNING,0.7,IDLE,0.0,0.0,0.0,0.0,2259.646542316292
2024-01-24 18:15:00,2294.0403661898354,11.383427480142945,2282.6569387096924,0.0,0.0,0.0,0.0,False,WARNING,0.7,IDLE,0.0,0.0,0.0,0.0,2282.6569387096924
2024-01-24 18:30:00,2318.5672804157284,2.401756455643026e-22,2318.5672804157284,0.0,0.0,0.0,0.0,True,CRITICAL,0.7,IDLE,0.0,0.0,0.0,18.56728041572842,2318.5672804157284
2024-01-24 18:45:00,2384.776025278247,0.0,2384.776025278247,0.0,0.0,0.0,0.0,True,CRITICAL,0.7,IDLE,0.0,0.0,0.0,84.77602527824683,2384.776025278247
2024-01-24 19:00:00,2270.5167539976715,0.0,2270.5167539976715,0.0,0.0,0.0,0.0,False,WARNING,0.7,IDLE,0.0,0.0,0.0,0.0,2270.5167539976715
2024-01-24 19:15:00,2341.5338623870116,0.0,2341.5338623870116,0.0,0.0,0.0,0.0,True,CRITICAL,0.7,IDLE,0.0,0.0,0.0,41.533862387011595,2341.5338623870116
2024-01-24 19:30:00,2273.095384626686,0.0,2273.095384626686,0.0,0.0,0.0,0.0,False,WARNING,0.7,IDLE,0.0,0.0,0.0,0.0,2273.095384626686
2024-01-24 19:45:00,2250.95046318427,0.0,2250.95046318427,0.0,0.0,0.0,0.0,False,WARNING,0.7,IDLE,0.0,0.0,0.0,0.0,2250.95046318427
2024-01-24 20:00:00,2204.2943995424966,0.0,2204.2943995424966,0.0,0.0,0.0,0.0,False,WARNING,0.7,IDLE,0.0,0.0,0.0,0.0,2204.2943995424966
2024-01-24 20:15:00,2200.489669140751,0.0,2200.489669140751,0.0,0.0,0.0,0.0,False,WARNING,0.7,IDLE,0.0,0.0,0.0,0.0,2200.489669140751
2024-01-24 20:30:00,2186.7308706098165,0.0,2186.7308706098165,0.0,0.0,0.0,0.0,False,WARNING,0.7,IDLE,0.0,0.0,0.0,0.0,2186.7308706098165
2024-01-24 20:45:00,2078.1444077029873,0.0,2078.1444077029873,0.0,0.0,0.0,0.0,False,WARNING,0.7,IDLE,0.0,0.0,0.0,0.0,2078.1444077029873
2024-01-24 21:00:00,2002.3316891875063,0.0,2002.3316891875063,0.0,0.0,0.0,0.0,False,WARNING,0.7,IDLE,0.0,0.0,0.0,0.0,2002.3316891875063
2024-01-24 21:15:00,1942.359243094559,0.0,1942.359243094559,0.0,0.0,0.0,0.0,False,WATCH,0.7,IDLE,0.0,0.0,0.0,0.0,1942.359243094559
2024-01-24 21:30:00,1862.1396225679287,0.0,1862.1396225679287,0.0,0.0,0.0,0.0,False,WATCH,0.7,IDLE,0.0,0.0,0.0,0.0,1862.1396225679287
2024-01-24 21:45:00,1746.8619082487562,0.0,1746.8619082487562,0.0,0.0,0.0,0.0,False,WATCH,0.7,IDLE,0.0,0.0,0.0,0.0,1746.8619082487562
2024-01-24 22:00:00,1589.366414815964,0.0,1589.366414815964,0.0,0.0,0.0,0.0,False,NORMAL,0.7,IDLE,0.0,0.0,0.0,0.0,1589.366414815964
2024-01-24 22:15:00,1508.4237183472173,0.0,1508.4237183472173,0.0,0.0,0.0,0.0,False,NORMAL,0.7,IDLE,0.0,0.0,0.0,0.0,1508.4237183472173
2024-01-24 22:30:00,1313.7352972160766,0.0,1313.7352972160766,0.0,0.0,0.0,0.0,False,NORMAL,0.7,IDLE,0.0,0.0,0.0,0.0,1313.7352972160766
2024-01-24 22:45:00,1190.2581140402187,0.0,1190.2581140402187,0.0,0.0,0.0,0.0,False,NORMAL,0.7,IDLE,0.0,0.0,0.0,0.0,1190.2581140402187
2024-01-24 23:00:00,976.4722224052427,0.0,976.4722224052427,0.0,0.0,0.0,0.0,False,NORMAL,0.7,IDLE,0.0,0.0,0.0,0.0,976.4722224052427
2024-01-24 23:15:00,953.5326466648062,0.0,953.5326466648062,0.0,0.0,0.0,0.0,False,NORMAL,0.7,IDLE,0.0,0.0,0.0,0.0,953.5326466648062
2024-01-24 23:30:00,948.7610820668101,0.0,948.7610820668101,0.0,0.0,0.0,0.0,False,NORMAL,0.7,IDLE,0.0,0.0,0.0,0.0,948.7610820668101
2024-01-24 23:45:00,919.4948183634548,0.0,919.4948183634548,0.0,0.0,0.0,0.0,False,NORMAL,0.7,IDLE,0.0,0.0,0.0,0.0,919.4948183634548
2024-01-25 00:00:00,757.985272260695,0.0,757.985272260695,0.0,0.0,0.0,0.0,False,NORMAL,0.7,IDLE,0.0,0.0,0.0,0.0,757.985272260695
2024-01-25 00:15:00,766.9118262599077,0.0,766.9118262599077,0.0,0.0,0.0,0.0,False,NORMAL,0.7,IDLE,0.0,0.0,0.0,0.0,766.9118262599077
2024-01-25 00:30:00,722.8142556959058,0.0,722.8142556959058,0.0,0.0,0.0,0.0,False,NORMAL,0.7,IDLE,0.0,0.0,0.0,0.0,722.8142556959058
2024-01-25 00:45:00,764.7688593424393,0.0,764.7688593424393,0.0,0.0,0.0,0.0,False,NORMAL,0.7,IDLE,0.0,0.0,0.0,0.0,764.7688593424393
2024-01-25 01:00:00,809.8364280824633,0.0,809.8364280824633,0.0,0.0,0.0,0.0,False,NORMAL,0.7,IDLE,0.0,0.0,0.0,0.0,809.8364280824633
2024-01-25 01:15:00,824.7536896079332,0.0,824.7536896079332,0.0,0.0,0.0,0.0,False,NORMAL,0.7,IDLE,0.0,0.0,0.0,0.0,824.7536896079332
2024-01-25 01:30:00,806.1945574387289,0.0,806.1945574387289,0.0,0.0,0.0,0.0,False,NORMAL,0.7,IDLE,0.0,0.0,0.0,0.0,806.1945574387289
2024-01-25 01:45:00,781.15837122374,0.0,781.15837122374,0.0,0.0,0.0,0.0,False,NORMAL,0.7,IDLE,0.0,0.0,0.0,0.0,781.15837122374
2024-01-25 02:00:00,773.1288952213804,0.0,773.1288952213804,0.0,0.0,0.0,0.0,False,NORMAL,0.7,IDLE,0.0,0.0,0.0,0.0,773.1288952213804
2024-01-25 02:15:00,739.9782192282349,0.0,739.9782192282349,0.0,0.0,0.0,0.0,False,NORMAL,0.7,IDLE,0.0,0.0,0.0,0.0,739.9782192282349
2024-01-25 02:30:00,800.1477454647982,0.0,800.1477454647982,0.0,0.0,0.0,0.0,False,NORMAL,0.7,IDLE,0.0,0.0,0.0,0.0,800.1477454647982
2024-01-25 02:45:00,783.4885681131584,0.0,783.4885681131584,0.0,0.0,0.0,0.0,False,NORMAL,0.7,IDLE,0.0,0.0,0.0,0.0,783.4885681131584
2024-01-25 03:00:00,784.4994780949519,0.0,784.4994780949519,0.0,0.0,0.0,0.0,False,NORMAL,0.7,IDLE,0.0,0.0,0.0,0.0,784.4994780949519
2024-01-25 03:15:00,729.5090562192031,0.0,729.5090562192031,0.0,0.0,0.0,0.0,False,NORMAL,0.7,IDLE,0.0,0.0,0.0,0.0,729.5090562192031
2024-01-25 03:30:00,732.9912183482752,0.0,732.9912183482752,0.0,0.0,0.0,0.0,False,NORMAL,0.7,IDLE,0.0,0.0,0.0,0.0,732.9912183482752
2024-01-25 03:45:00,779.7548222268872,0.0,779.7548222268872,0.0,0.0,0.0,0.0,False,NORMAL,0.7,IDLE,0.0,0.0,0.0,0.0,779.7548222268872
2024-01-25 04:00:00,754.0807988441127,0.0,754.0807988441127,0.0,0.0,0.0,0.0,False,NORMAL,0.7,IDLE,0.0,0.0,0.0,0.0,754.0807988441127
2024-01-25 04:15:00,760.2207263348907,0.0,760.2207263348907,0.0,0.0,0.0,0.0,False,NORMAL,0.7,IDLE,0.0,0.0,0.0,0.0,760.2207263348907
2024-01-25 04:30:00,816.099220851625,0.0,816.099220851625,0.0,0.0,0.0,0.0,False,NORMAL,0.7,IDLE,0.0,0.0,0.0,0.0,816.099220851625
2024-01-25 04:45:00,779.0260847609043,0.0,779.0260847609043,0.0,0.0,0.0,0.0,False,NORMAL,0.7,IDLE,0.0,0.0,0.0,0.0,779.0260847609043
2024-01-25 05:00:00,825.1469844982805,0.0,825.1469844982805,0.0,0.0,0.0,0.0,False,NORMAL,0.7,IDLE,0.0,0.0,0.0,0.0,825.1469844982805
2024-01-25 05:15:00,876.1869911274025,0.0,876.1869911274025,0.0,0.0,0.0,0.0,False,NORMAL,0.7,IDLE,0.0,0.0,0.0,0.0,876.1869911274025
2024-01-25 05:30:00,950.7926439286024,0.0,950.7926439286024,0.0,0.0,0.0,0.0,False,NORMAL,0.7,IDLE,0.0,0.0,0.0,0.0,950.7926439286024
2024-01-25 05:45:00,989.7129764481879,0.0,989.7129764481879,0.0,0.0,0.0,0.0,False,NORMAL,0.7,IDLE,0.0,0.0,0.0,0.0,989.7129764481879
2024-01-25 06:00:00,1175.934222181006,3.908397586241448e-22,1175.934222181006,0.0,0.0,0.0,0.0,False,NORMAL,0.7,IDLE,0.0,0.0,0.0,0.0,1175.934222181006
2024-01-25 06:15:00,1279.5168769997017,12.237651463707694,1267.279225535994,0.0,0.0,0.0,0.0,False,NORMAL,0.7,IDLE,0.0,0.0,0.0,0.0,1267.279225535994
2024-01-25 06:30:00,1311.373683206886,33.34576427537598,1278.02791893151,0.0,0.0,0.0,0.0,False,NORMAL,0.7,IDLE,0.0,0.0,0.0,0.0,1278.02791893151
2024-01-25 06:45:00,1479.3442876081212,37.13529235730694,1442.2089952508143,0.0,0.0,0.0,0.0,False,NORMAL,0.7,IDLE,0.0,0.0,0.0,0.0,1442.2089952508143
2024-01-25 07:00:00,1503.3599525504126,90.4867826216457,1412.8731699287669,0.0,0.0,0.0,0.0,False,NORMAL,0.7,IDLE,0.0,0.0,0.0,0.0,1412.8731699287669
2024-01-25 07:15:00,1676.739510746837,127.58586207198361,1549.1536486748532,0.0,0.0,0.0,0.0,False,NORMAL,0.7,IDLE,0.0,0.0,0.0,0.0,1549.1536486748532
2024-01-25 07:30:00,1718.8611668484739,160.35994051171505,1558.501226336759,0.0,0.0,0.0,0.0,False,NORMAL,0.7,IDLE,0.0,0.0,0.0,0.0,1558.501226336759
2024-01-25 07:45:00,1768.9746994222119,225.8274562119477,1543.1472432102642,0.0,0.0,0.0,0.0,False,NORMAL,0.7,IDLE,0.0,0.0,0.0,0.0,1543.1472432102642
2024-01-25 08:00:00,1889.7247055767518,260.43095558694387,1629.293749989808,0.0,0.0,0.0,0.0,False,NORMAL,0.7,IDLE,0.0,0.0,0.0,0.0,1629.293749989808
2024-01-25 08:15:00,2047.8758538479742,308.4540063409016,1739.4218475070725,0.0,0.0,0.0,0.0,False,WATCH,0.7,IDLE,0.0,0.0,0.0,0.0,1739.4218475070725
2024-01-25 08:30:00,2069.300486802337,350.65378559957486,1718.6467012027624,0.0,0.0,0.0,0.0,False,NORMAL,0.7,IDLE,0.0,0.0,0.0,0.0,1718.6467012027624
2024-01-25 08:45:00,2215.3222145528302,399.2095587949872,1816.1126557578432,0.0,0.0,0.0,0.0,False,WATCH,0.7,IDLE,0.0,0.0,0.0,0.0,1816.1126557578432
2024-01-25 09:00:00,1769.9101756655305,437.79166557229354,1332.1185100932369,0.0,0.0,0.0,0.0,False,NORMAL,0.7,IDLE,0.0,0.0,0.0,0.0,1332.1185100932369
2024-01-25 09:15:00,1702.7041891069903,163.44896773400984,1539.2552213729805,0.0,0.0,0.0,0.0,False,NORMAL,0.7,IDLE,0.0,0.0,0.0,0.0,1539.2552213729805
2024-01-25 09:30:00,1759.8195004642553,523.2584611585896,1236.5610393056656,0.0,0.0,0.0,0.0,False,NORMAL,0.7,IDLE,0.0,0.0,0.0,0.0,1236.5610393056656
2024-01-25 09:45:00,1835.769950808741,550.9096197487953,1284.8603310599456,0.0,0.0,0.0,0.0,False,NORMAL,0.7,IDLE,0.0,0.0,0.0,0.0,1284.8603310599456
2024-01-25 10:00:00,1767.2073370415217,597.4550658785171,1169.7522711630045,0.0,0.0,0.0,0.0,False,NORMAL,0.7,IDLE,0.0,0.0,0.0,0.0,1169.7522711630045
2024-01-25 10:15:00,1767.6521820619769,637.7943414179427,1129.8578406440342,0.0,0.0,0.0,0.0,False,NORMAL,0.7,IDLE,0.0,0.0,0.0,0.0,1129.8578406440342
2024-01-25 10:30:00,1789.0129020106954,665.9363436389621,1123.0765583717334,0.0,0.0,0.0,0.0,False,NORMAL,0.7,IDLE,0.0,0.0,0.0,0.0,1123.0765583717334
2024-01-25 10:45:00,1800.9399914395967,660.7250352547684,1140.2149561848282,0.0,0.0,0.0,0.0,False,NORMAL,0.7,IDLE,0.0,0.0,0.0,0.0,1140.2149561848282
2024-01-25 11:00:00,1799.4540003202612,686.3868368226795,1113.0671634975818,0.0,0.0,0.0,0.0,False,NORMAL,0.7,IDLE,0.0,0.0,0.0,0.0,1113.0671634975818
2024-01-25 11:15:00,1818.841648690775,758.9892665443847,1059.8523821463903,0.0,0.0,0.0,0.0,False,NORMAL,0.7,IDLE,0.0,0.0,0.0,0.0,1059.8523821463903
2024-01-25 11:30:00,1762.0142579440294,743.8508492185993,1018.1634087254301,0.0,0.0,0.0,0.0,False,NORMAL,0.7,IDLE,0.0,0.0,0.0,0.0,1018.1634087254301
2024-01-25 11:45:00,1739.7895827052698,775.4279999402403,964.3615827650295,0.0,0.0,0.0,0.0,False,NORMAL,0.7,IDLE,0.0,0.0,0.0,0.0,964.3615827650295
2024-01-25 12:00:00,1699.0915206690765,743.6906152164728,955.4009054526038,0.0,0.0,0.0,0.0,False,NORMAL,0.7,IDLE,0.0,0.0,0.0,0.0,955.4009054526038
2024-01-25 12:15:00,1786.2391023741732,737.0823142597357,1049.1567881144374,0.0,0.0,0.0,0.0,False,NORMAL,0.7,IDLE,0.0,0.0,0.0,0.0,1049.1567881144374
2024-01-25 12:30:00,1727.4151191536434,749.4231675666276,977.9919515870158,0.0,0.0,0.0,0.0,False,NORMAL,0.7,IDLE,0.0,0.0,0.0,0.0,977.9919515870158
2024-01-25 12:45:00,1700.2838982275687,756.9718848674285,943.3120133601402,0.0,0.0,0.0,0.0,False,NORMAL,0.7,IDLE,0.0,0.0,0.0,0.0,943.3120133601402
2024-01-25 13:00:00,1750.0823004707975,735.7843362327644,1014.297964238033,0.0,0.0,0.0,0.0,False,NORMAL,0.7,IDLE,0.0,0.0,0.0,0.0,1014.297964238033
2024-01-25 13:15:00,1747.9678731749996,366.410678611914,1381.5571945630854,0.0,0.0,0.0,0.0,False,NORMAL,0.7,IDLE,0.0,0.0,0.0,0.0,1381.5571945630854
2024-01-25 13:30:00,1774.6345250541178,719.0988612070776,1055.5356638470403,0.0,0.0,0.0,0.0,False,NORMAL,0.7,IDLE,0.0,0.0,0.0,0.0,1055.5356638470403
2024-01-25 13:45:00,1712.646081476447,729.7252655869837,982.9208158894634,0.0,0.0,0.0,0.0,False,NORMAL,0.7,IDLE,0.0,0.0,0.0,0.0,982.9208158894634
2024-01-25 14:00:00,1825.6298510175986,671.7876801657164,1153.8421708518822,0.0,0.0,0.0,0.0,False,NORMAL,0.7,IDLE,0.0,0.0,0.0,0.0,1153.8421708518822
2024-01-25 14:15:00,1790.9540260449182,586.8165092434867,1204.1375168014315,0.0,0.0,0.0,0.0,False,NORMAL,0.7,IDLE,0.0,0.0,0.0,0.0,1204.1375168014315
2024-01-25 14:30:00,1827.4345194724772,617.2465573797534,1210.1879620927239,0.0,0.0,0.0,0.0,False,NORMAL,0.7,IDLE,0.0,0.0,0.0,0.0,1210.1879620927239
2024-01-25 14:45:00,1851.5546747874794,535.7422751964606,1315.8123995910187,0.0,0.0,0.0,0.0,False,NORMAL,0.7,IDLE,0.0,0.0,0.0,0.0,1315.8123995910187
2024-01-25 15:00:00,1773.9322287745363,525.1819803452714,1248.750248429265,0.0,0.0,0.0,0.0,False,NORMAL,0.7,IDLE,0.0,0.0,0.0,0.0,1248.750248429265
2024-01-25 15:15:00,1811.666588630264,468.81046812554445,1342.8561205047195,0.0,0.0,0.0,0.0,False,NORMAL,0.7,IDLE,0.0,0.0,0.0,0.0,1342.8561205047195
2024-01-25 15:30:00,1744.2447031821926,464.84467626166287,1279.4000269205296,0.0,0.0,0.0,0.0,False,NORMAL,0.7,IDLE,0.0,0.0,0.0,0.0,1279.4000269205296
2024-01-25 15:45:00,1787.4685804738594,409.40352016346696,1378.0650603103925,0.0,0.0,0.0,0.0,False,NORMAL,0.7,IDLE,0.0,0.0,0.0,0.0,1378.0650603103925
2024-01-25 16:00:00,1813.5979220577844,339.78187619220637,1473.816045865578,0.0,0.0,0.0,0.0,False,NORMAL,0.7,IDLE,0.0,0.0,0.0,0.0,1473.816045865578
2024-01-25 16:15:00,1853.6554280332593,301.31486010986407,1552.3405679233952,0.0,0.0,0.0,0.0,False,NORMAL,0.7,IDLE,0.0,0.0,0.0,0.0,1552.3405679233952
2024-01-25 16:30:00,1927.7586350605216,170.72160243684763,1757.037032623674,0.0,0.0,0.0,0.0,False,WATCH,0.7,IDLE,0.0,0.0,0.0,0.0,1757.037032623674
2024-01-25 16:45:00,1997.843604636725,219.80079911201253,1778.0428055247125,0.0,0.0,0.0,0.0,False,WATCH,0.7,IDLE,0.0,0.0,0.0,0.0,1778.0428055247125
2024-01-25 17:00:00,2138.0592170249,61.09652038442967,2076.9626966404703,0.0,0.0,0.0,0.0,False,WARNING,0.7,IDLE,0.0,0.0,0.0,0.0,2076.9626966404703
2024-01-25 17:15:00,2185.662784900783,128.3976803786338,2057.2651045221496,0.0,0.0,0.0,0.0,False,WARNING,0.7,IDLE,0.0,0.0,0.0,0.0,2057.2651045221496
2024-01-25 17:30:00,2207.7976549167333,93.57989430558067,2114.2177606111527,0.0,0.0,0.0,0.0,False,WARNING,0.7,IDLE,0.0,0.0,0.0,0.0,2114.2177606111527
2024-01-25 17:45:00,2288.0292539701277,62.542816493284874,2225.4864374768426,0.0,0.0,0.0,0.0,False,WARNING,0.7,IDLE,0.0,0.0,0.0,0.0,2225.4864374768426
2024-01-25 18:00:00,2293.14025860855,35.48449669307718,2257.655761915473,0.0,0.0,0.0,0.0,False,WARNING,0.7,IDLE,0.0,0.0,0.0,0.0,2257.655761915473
2024-01-25 18:15:00,2314.034511630949,12.289275569992375,2301.745236060957,0.0,0.0,0.0,0.0,True,CRITICAL,0.7,IDLE,0.0,0.0,0.0,1.7452360609568132,2301.745236060957
2024-01-25 18:30:00,2399.945502557033,3.609293970441226e-22,2399.945502557033,0.0,0.0,0.0,0.0,True,CRITICAL,0.7,IDLE,0.0,0.0,0.0,99.9455025570328,2399.945502557033
2024-01-25 18:45:00,2441.0378397180148,0.0,2441.0378397180148,0.0,0.0,0.0,0.0,True,CRITICAL,0.7,IDLE,0.0,0.0,0.0,141.03783971801477,2441.0378397180148
2024-01-25 19:00:00,2265.999907647526,0.0,2265.999907647526,0.0,0.0,0.0,0.0,False,WARNING,0.7,IDLE,0.0,0.0,0.0,0.0,2265.999907647526
2024-01-25 19:15:00,2357.1647468675174,0.0,2357.1647468675174,0.0,0.0,0.0,0.0,True,CRITICAL,0.7,IDLE,0.0,0.0,0.0,57.16474686751735,2357.1647468675174
2024-01-25 19:30:00,2304.763751013162,0.0,2304.763751013162,0.0,0.0,0.0,0.0,True,CRITICAL,0.7,IDLE,0.0,0.0,0.0,4.763751013162164,2304.763751013162
2024-01-25 19:45:00,2252.0228023222335,0.0,2252.0228023222335,0.0,0.0,0.0,0.0,False,WARNING,0.7,IDLE,0.0,0.0,0.0,0.0,2252.0228023222335
2024-01-25 20:00:00,2296.8516747369827,0.0,2296.8516747369827,0.0,0.0,0.0,0.0,False,WARNING,0.7,IDLE,0.0,0.0,0.0,0.0,2296.8516747369827
2024-01-25 20:15:00,2287.7349221473023,0.0,2287.7349221473023,0.0,0.0,0.0,0.0,False,WARNING,0.7,IDLE,0.0,0.0,0.0,0.0,2287.7349221473023
2024-01-25 20:30:00,2121.8321950608174,0.0,2121.8321950608174,0.0,0.0,0.0,0.0,False,WARNING,0.7,IDLE,0.0,0.0,0.0,0.0,2121.8321950608174
2024-01-25 20:45:00,2071.995453565843,0.0,2071.995453565843,0.0,0.0,0.0,0.0,False,WARNING,0.7,IDLE,0.0,0.0,0.0,0.0,2071.995453565843
2024-01-25 21:00:00,2102.4645527401885,0.0,2102.4645527401885,0.0,0.0,0.0,0.0,False,WARNING,0.7,IDLE,0.0,0.0,0.0,0.0,2102.4645527401885
2024-01-25 21:15:00,1998.1052794946975,0.0,1998.1052794946975,0.0,0.0,0.0,0.0,False,WARNING,0.7,IDLE,0.0,0.0,0.0,0.0,1998.1052794946975
2024-01-25 21:30:00,1917.6273094342596,0.0,1917.6273094342596,0.0,0.0,0.0,0.0,False,WATCH,0.7,IDLE,0.0,0.0,0.0,0.0,1917.6273094342596
2024-01-25 21:45:00,1775.7595860219847,0.0,1775.7595860219847,0.0,0.0,0.0,0.0,False,WATCH,0.7,IDLE,0.0,0.0,0.0,0.0,1775.7595860219847
2024-01-25 22:00:00,1626.4877780769566,0.0,1626.4877780769566,0.0,0.0,0.0,0.0,False,NORMAL,0.7,IDLE,0.0,0.0,0.0,0.0,1626.4877780769566
2024-01-25 22:15:00,1412.6655893219818,0.0,1412.6655893219818,0.0,0.0,0.0,0.0,False,NORMAL,0.7,IDLE,0.0,0.0,0.0,0.0,1412.6655893219818
2024-01-25 22:30:00,1313.8953484345511,0.0,1313.8953484345511,0.0,0.0,0.0,0.0,False,NORMAL,0.7,IDLE,0.0,0.0,0.0,0.0,1313.8953484345511
2024-01-25 22:45:00,1205.2336343598904,0.0,1205.2336343598904,0.0,0.0,0.0,0.0,False,NORMAL,0.7,IDLE,0.0,0.0,0.0,0.0,1205.2336343598904
2024-01-25 23:00:00,1028.857358261806,0.0,1028.857358261806,0.0,0.0,0.0,0.0,False,NORMAL,0.7,IDLE,0.0,0.0,0.0,0.0,1028.857358261806
2024-01-25 23:15:00,991.7408840845256,0.0,991.7408840845256,0.0,0.0,0.0,0.0,False,NORMAL,0.7,IDLE,0.0,0.0,0.0,0.0,991.7408840845256
2024-01-25 23:30:00,891.2634262333868,0.0,891.2634262333868,0.0,0.0,0.0,0.0,False,NORMAL,0.7,IDLE,0.0,0.0,0.0,0.0,891.2634262333868
2024-01-25 23:45:00,922.6218244638685,0.0,922.6218244638685,0.0,0.0,0.0,0.0,False,NORMAL,0.7,IDLE,0.0,0.0,0.0,0.0,922.6218244638685
2024-01-26 00:00:00,824.6086467029049,0.0,824.6086467029049,0.0,0.0,0.0,0.0,False,NORMAL,0.7,IDLE,0.0,0.0,0.0,0.0,824.6086467029049
2024-01-26 00:15:00,795.1478271479409,0.0,795.1478271479409,0.0,0.0,0.0,0.0,False,NORMAL,0.7,IDLE,0.0,0.0,0.0,0.0,795.1478271479409
2024-01-26 00:30:00,835.6039196644379,0.0,835.6039196644379,0.0,0.0,0.0,0.0,False,NORMAL,0.7,IDLE,0.0,0.0,0.0,0.0,835.6039196644379
2024-01-26 00:45:00,787.4343715509683,0.0,787.4343715509683,0.0,0.0,0.0,0.0,False,NORMAL,0.7,IDLE,0.0,0.0,0.0,0.0,787.4343715509683
2024-01-26 01:00:00,822.9208832090462,0.0,822.9208832090462,0.0,0.0,0.0,0.0,False,NORMAL,0.7,IDLE,0.0,0.0,0.0,0.0,822.9208832090462
2024-01-26 01:15:00,781.568261883167,0.0,781.568261883167,0.0,0.0,0.0,0.0,False,NORMAL,0.7,IDLE,0.0,0.0,0.0,0.0,781.568261883167
2024-01-26 01:30:00,790.6892105256497,0.0,790.6892105256497,0.0,0.0,0.0,0.0,False,NORMAL,0.7,IDLE,0.0,0.0,0.0,0.0,790.6892105256497
2024-01-26 01:45:00,800.1320593089717,0.0,800.1320593089717,0.0,0.0,0.0,0.0,False,NORMAL,0.7,IDLE,0.0,0.0,0.0,0.0,800.1320593089717
2024-01-26 02:00:00,802.3630374434208,0.0,802.3630374434208,0.0,0.0,0.0,0.0,False,NORMAL,0.7,IDLE,0.0,0.0,0.0,0.0,802.3630374434208
2024-01-26 02:15:00,796.079545638245,0.0,796.079545638245,0.0,0.0,0.0,0.0,False,NORMAL,0.7,IDLE,0.0,0.0,0.0,0.0,796.079545638245
2024-01-26 02:30:00,784.4264639868095,0.0,784.4264639868095,0.0,0.0,0.0,0.0,False,NORMAL,0.7,IDLE,0.0,0.0,0.0,0.0,784.4264639868095
2024-01-26 02:45:00,845.4039713271106,0.0,845.4039713271106,0.0,0.0,0.0,0.0,False,NORMAL,0.7,IDLE,0.0,0.0,0.0,0.0,845.4039713271106
2024-01-26 03:00:00,805.6209951676867,0.0,805.6209951676867,0.0,0.0,0.0,0.0,False,NORMAL,0.7,IDLE,0.0,0.0,0.0,0.0,805.6209951676867
2024-01-26 03:15:00,757.7686531657134,0.0,757.7686531657134,0.0,0.0,0.0,0.0,False,NORMAL,0.7,IDLE,0.0,0.0,0.0,0.0,757.7686531657134
2024-01-26 03:30:00,828.1472804475816,0.0,828.1472804475816,0.0,0.0,0.0,0.0,False,NORMAL,0.7,IDLE,0.0,0.0,0.0,0.0,828.1472804475816
2024-01-26 03:45:00,843.2890777878265,0.0,843.2890777878265,0.0,0.0,0.0,0.0,False,NORMAL,0.7,IDLE,0.0,0.0,0.0,0.0,843.2890777878265
2024-01-26 04:00:00,769.5373348356077,0.0,769.5373348356077,0.0,0.0,0.0,0.0,False,NORMAL,0.7,IDLE,0.0,0.0,0.0,0.0,769.5373348356077
2024-01-26 04:15:00,820.6371643018035,0.0,820.6371643018035,0.0,0.0,0.0,0.0,False,NORMAL,0.7,IDLE,0.0,0.0,0.0,0.0,820.6371643018035
2024-01-26 04:30:00,785.108968095253,0.0,785.108968095253,0.0,0.0,0.0,0.0,False,NORMAL,0.7,IDLE,0.0,0.0,0.0,0.0,785.108968095253
2024-01-26 04:45:00,807.0400087698663,0.0,807.0400087698663,0.0,0.0,0.0,0.0,False,NORMAL,0.7,IDLE,0.0,0.0,0.0,0.0,807.0400087698663
2024-01-26 05:00:00,810.9638453396798,0.0,810.9638453396798,0.0,0.0,0.0,0.0,False,NORMAL,0.7,IDLE,0.0,0.0,0.0,0.0,810.9638453396798
2024-01-26 05:15:00,880.9087135180054,0.0,880.9087135180054,0.0,0.0,0.0,0.0,False,NORMAL,0.7,IDLE,0.0,0.0,0.0,0.0,880.9087135180054
2024-01-26 05:30:00,967.8455712138964,0.0,967.8455712138964,0.0,0.0,0.0,0.0,False,NORMAL,0.7,IDLE,0.0,0.0,0.0,0.0,967.8455712138964
2024-01-26 05:45:00,1052.00384145304,0.0,1052.00384145304,0.0,0.0,0.0,0.0,False,NORMAL,0.7,IDLE,0.0,0.0,0.0,0.0,1052.00384145304
2024-01-26 06:00:00,1160.0630859553537,3.6751531149052765e-22,1160.0630859553537,0.0,0.0,0.0,0.0,False,NORMAL,0.7,IDLE,0.0,0.0,0.0,0.0,1160.0630859553537
2024-01-26 06:15:00,1277.9556395232846,11.532236446962365,1266.4234030763223,0.0,0.0,0.0,0.0,False,NORMAL,0.7,IDLE,0.0,0.0,0.0,0.0,1266.4234030763223
2024-01-26 06:30:00,1408.0235281621274,15.366560938186643,1392.6569672239407,0.0,0.0,0.0,0.0,False,NORMAL,0.7,IDLE,0.0,0.0,0.0,0.0,1392.6569672239407
2024-01-26 06:45:00,1508.553372812723,60.86183340113416,1447.6915394115888,0.0,0.0,0.0,0.0,False,NORMAL,0.7,IDLE,0.0,0.0,0.0,0.0,1447.6915394115888
2024-01-26 07:00:00,1644.237536017814,66.98391370626625,1577.2536223115476,0.0,0.0,0.0,0.0,False,NORMAL,0.7,IDLE,0.0,0.0,0.0,0.0,1577.2536223115476
2024-01-26 07:15:00,1773.38573434647,95.2956355486319,1678.090098797838,0.0,0.0,0.0,0.0,False,NORMAL,0.7,IDLE,0.0,0.0,0.0,0.0,1678.090098797838
2024-01-26 07:30:00,1809.3467029394963,170.48308923252551,1638.8636137069707,0.0,0.0,0.0,0.0,False,NORMAL,0.7,IDLE,0.0,0.0,0.0,0.0,1638.8636137069707
2024-01-26 07:45:00,1893.1304816136533,194.61325365852056,1698.5172279551327,0.0,0.0,0.0,0.0,False,NORMAL,0.7,IDLE,0.0,0.0,0.0,0.0,1698.5172279551327
2024-01-26 08:00:00,2016.529124389458,108.28487827317619,1908.2442461162818,0.0,0.0,0.0,0.0,False,WATCH,0.7,IDLE,0.0,0.0,0.0,0.0,1908.2442461162818
2024-01-26 08:15:00,2098.6283584235075,306.7134454892613,1791.9149129342463,0.0,0.0,0.0,0.0,False,WATCH,0.7,IDLE,0.0,0.0,0.0,0.0,1791.9149129342463
2024-01-26 08:30:00,2137.5594097409626,332.0780605102691,1805.4813492306935,0.0,0.0,0.0,0.0,False,WATCH,0.7,IDLE,0.0,0.0,0.0,0.0,1805.4813492306935
2024-01-26 08:45:00,2280.6737867836723,383.2255800621801,1897.4482067214922,0.0,0.0,0.0,0.0,False,WATCH,0.7,IDLE,0.0,0.0,0.0,0.0,1897.4482067214922
2024-01-26 09:00:00,1839.6727026206709,412.17357164983844,1427.4991309708325,0.0,0.0,0.0,0.0,False,NORMAL,0.7,IDLE,0.0,0.0,0.0,0.0,1427.4991309708325
2024-01-26 09:15:00,1797.4022161674316,438.17294950806433,1359.229266659367,0.0,0.0,0.0,0.0,False,NORMAL,0.7,IDLE,0.0,0.0,0.0,0.0,1359.229266659367
2024-01-26 09:30:00,1873.5535446480321,494.51202363077215,1379.04152101726,0.0,0.0,0.0,0.0,False,NORMAL,0.7,IDLE,0.0,0.0,0.0,0.0,1379.04152101726
2024-01-26 09:45:00,1887.5963857433678,535.2799633158133,1352.3164224275545,0.0,0.0,0.0,0.0,False,NORMAL,0.7,IDLE,0.0,0.0,0.0,0.0,1352.3164224275545
2024-01-26 10:00:00,1808.7006464723315,573.9290365760734,1234.7716098962583,0.0,0.0,0.0,0.0,False,NORMAL,0.7,IDLE,0.0,0.0,0.0,0.0,1234.7716098962583
2024-01-26 10:15:00,1833.4222473025354,595.7265665829458,1237.6956807195897,0.0,0.0,0.0,0.0,False,NORMAL,0.7,IDLE,0.0,0.0,0.0,0.0,1237.6956807195897
2024-01-26 10:30:00,1835.2664324751472,629.3982625086576,1205.8681699664896,0.0,0.0,0.0,0.0,False,NORMAL,0.7,IDLE,0.0,0.0,0.0,0.0,1205.8681699664896
2024-01-26 10:45:00,1841.3402814275064,670.1375570258892,1171.2027244016172,0.0,0.0,0.0,0.0,False,NORMAL,0.7,IDLE,0.0,0.0,0.0,0.0,1171.2027244016172
2024-01-26 11:00:00,1884.2491068436448,677.4794308676062,1206.7696759760386,0.0,0.0,0.0,0.0,False,NORMAL,0.7,IDLE,0.0,0.0,0.0,0.0,1206.7696759760386
2024-01-26 11:15:00,1906.6714996402593,724.3847341764515,1182.2867654638078,0.0,0.0,0.0,0.0,False,NORMAL,0.7,IDLE,0.0,0.0,0.0,0.0,1182.2867654638078
2024-01-26 11:30:00,1799.2012767617953,456.35129010675433,1342.849986655041,0.0,0.0,0.0,0.0,False,NORMAL,0.7,IDLE,0.0,0.0,0.0,0.0,1342.849986655041
2024-01-26 11:45:00,1805.8646279527436,791.6600478818401,1014.2045800709035,0.0,0.0,0.0,0.0,False,NORMAL,0.7,IDLE,0.0,0.0,0.0,0.0,1014.2045800709035
2024-01-26 12:00:00,1814.5513631594845,770.6849780643379,1043.8663850951466,0.0,0.0,0.0,0.0,False,NORMAL,0.7,IDLE,0.0,0.0,0.0,0.0,1043.8663850951466
2024-01-26 12:15:00,1844.4498257434554,753.1741375645398,1091.2756881789155,0.0,0.0,0.0,0.0,False,NORMAL,0.7,IDLE,0.0,0.0,0.0,0.0,1091.2756881789155
2024-01-26 12:30:00,1781.5874402357067,731.6364719651712,1049.9509682705357,0.0,0.0,0.0,0.0,False,NORMAL,0.7,IDLE,0.0,0.0,0.0,0.0,1049.9509682705357
2024-01-26 12:45:00,1829.0001559397338,745.4058412440772,1083.5943146956565,0.0,0.0,0.0,0.0,False,NORMAL,0.7,IDLE,0.0,0.0,0.0,0.0,1083.5943146956565
2024-01-26 13:00:00,1749.4051743137945,735.0751790753063,1014.3299952384882,0.0,0.0,0.0,0.0,False,NORMAL,0.7,IDLE,0.0,0.0,0.0,0.0,1014.3299952384882
2024-01-26 13:15:00,1812.5276800505067,701.7865079114364,1110.7411721390704,0.0,0.0,0.0,0.0,False,NORMAL,0.7,IDLE,0.0,0.0,0.0,0.0,1110.7411721390704
2024-01-26 13:30:00,1783.628644612509,709.8097260015755,1073.8189186109335,0.0,0.0,0.0,0.0,False,NORMAL,0.7,IDLE,0.0,0.0,0.0,0.0,1073.8189186109335
2024-01-26 13:45:00,1859.7400760105115,642.2420790712061,1217.4979969393053,0.0,0.0,0.0,0.0,False,NORMAL,0.7,IDLE,0.0,0.0,0.0,0.0,1217.4979969393053
2024-01-26 14:00:00,1931.5211409410567,638.8397521060522,1292.6813888350046,0.0,0.0,0.0,0.0,False,NORMAL,0.7,IDLE,0.0,0.0,0.0,0.0,1292.6813888350046
2024-01-26 14:15:00,1842.0457352113503,623.6001245047149,1218.4456107066353,0.0,0.0,0.0,0.0,False,NORMAL,0.7,IDLE,0.0,0.0,0.0,0.0,1218.4456107066353
2024-01-26 14:30:00,1840.3366256846816,575.0996861198053,1265.2369395648764,0.0,0.0,0.0,0.0,False,NORMAL,0.7,IDLE,0.0,0.0,0.0,0.0,1265.2369395648764
2024-01-26 14:45:00,1863.6215395987153,540.721766701825,1322.8997728968902,0.0,0.0,0.0,0.0,False,NORMAL,0.7,IDLE,0.0,0.0,0.0,0.0,1322.8997728968902
2024-01-26 15:00:00,1872.3690334922176,503.62907526139264,1368.7399582308249,0.0,0.0,0.0,0.0,False,NORMAL,0.7,IDLE,0.0,0.0,0.0,0.0,1368.7399582308249
2024-01-26 15:15:00,1858.0957433051205,453.708702211934,1404.3870410931866,0.0,0.0,0.0,0.0,False,NORMAL,0.7,IDLE,0.0,0.0,0.0,0.0,1404.3870410931866
2024-01-26 15:30:00,1891.9973977636703,438.40546412735137,1453.591933636319,0.0,0.0,0.0,0.0,False,NORMAL,0.7,IDLE,0.0,0.0,0.0,0.0,1453.591933636319
2024-01-26 15:45:00,1831.0977490378273,368.90244897293996,1462.1953000648873,0.0,0.0,0.0,0.0,False,NORMAL,0.7,IDLE,0.0,0.0,0.0,0.0,1462.1953000648873
2024-01-26 16:00:00,1846.8405052773687,340.16776671394064,1506.672738563428,0.0,0.0,0.0,0.0,False,NORMAL,0.7,IDLE,0.0,0.0,0.0,0.0,1506.672738563428
2024-01-26 16:15:00,1906.8471618395356,296.9151577812868,1609.9320040582488,0.0,0.0,0.0,0.0,False,NORMAL,0.7,IDLE,0.0,0.0,0.0,0.0,1609.9320040582488
2024-01-26 16:30:00,1992.6529474144263,242.9060785763867,1749.7468688380395,0.0,0.0,0.0,0.0,False,WATCH,0.7,IDLE,0.0,0.0,0.0,0.0,1749.7468688380395
2024-01-26 16:45:00,2163.4616173737854,208.19378759552887,1955.2678297782566,0.0,0.0,0.0,0.0,False,WARNING,0.7,IDLE,0.0,0.0,0.0,0.0,1955.2678297782566
2024-01-26 17:00:00,2178.3346892510503,162.44844656085178,2015.8862426901985,0.0,0.0,0.0,0.0,False,WARNING,0.7,IDLE,0.0,0.0,0.0,0.0,2015.8862426901985
2024-01-26 17:15:00,2318.9929530881805,133.80390614023887,2185.1890469479417,0.0,0.0,0.0,0.0,False,WARNING,0.7,IDLE,0.0,0.0,0.0,0.0,2185.1890469479417
2024-01-26 17:30:00,2361.5110850874885,89.5633543391389,2271.9477307483494,0.0,0.0,0.0,0.0,False,WARNING,0.7,IDLE,0.0,0.0,0.0,0.0,2271.9477307483494
2024-01-26 17:45:00,2319.13152354999,59.459982363861066,2259.671541186129,0.0,0.0,0.0,0.0,False,WARNING,0.7,IDLE,0.0,0.0,0.0,0.0,2259.671541186129
2024-01-26 18:00:00,2414.6690821269663,15.095238604034348,2399.573843522932,0.0,0.0,0.0,0.0,True,CRITICAL,0.7,IDLE,0.0,0.0,0.0,99.57384352293184,2399.573843522932
2024-01-26 18:15:00,2418.473576534637,5.360212691211795,2413.113363843425,0.0,0.0,0.0,0.0,True,CRITICAL,0.7,IDLE,0.0,0.0,0.0,113.11336384342485,2413.113363843425
2024-01-26 18:30:00,2446.9036095133115,3.7537287273195977e-22,2446.9036095133115,0.0,0.0,0.0,0.0,True,CRITICAL,0.7,IDLE,0.0,0.0,0.0,146.9036095133115,2446.9036095133115
2024-01-26 18:45:00,2507.961998090331,0.0,2507.961998090331,0.0,0.0,0.0,0.0,True,CRITICAL,0.7,IDLE,0.0,0.0,0.0,207.96199809033078,2507.961998090331
2024-01-26 19:00:00,2386.4894109246657,0.0,2386.4894109246657,0.0,0.0,0.0,0.0,True,CRITICAL,0.7,IDLE,0.0,0.0,0.0,86.48941092466566,2386.4894109246657
2024-01-26 19:15:00,2411.4970776128002,0.0,2411.4970776128002,0.0,0.0,0.0,0.0,True,CRITICAL,0.7,IDLE,0.0,0.0,0.0,111.49707761280024,2411.4970776128002
2024-01-26 19:30:00,2354.6724238408765,0.0,2354.6724238408765,0.0,0.0,0.0,0.0,True,CRITICAL,0.7,IDLE,0.0,0.0,0.0,54.67242384087649,2354.6724238408765
2024-01-26 19:45:00,2357.5909599621964,0.0,2357.5909599621964,0.0,0.0,0.0,0.0,True,CRITICAL,0.7,IDLE,0.0,0.0,0.0,57.59095996219639,2357.5909599621964
2024-01-26 20:00:00,2483.654489107126,0.0,2483.654489107126,0.0,0.0,0.0,0.0,True,CRITICAL,0.7,IDLE,0.0,0.0,0.0,183.6544891071262,2483.654489107126
2024-01-26 20:15:00,2338.8428927378277,0.0,2338.8428927378277,0.0,0.0,0.0,0.0,True,CRITICAL,0.7,IDLE,0.0,0.0,0.0,38.8428927378277,2338.8428927378277
2024-01-26 20:30:00,2213.663601140582,0.0,2213.663601140582,0.0,0.0,0.0,0.0,False,WARNING,0.7,IDLE,0.0,0.0,0.0,0.0,2213.663601140582
2024-01-26 20:45:00,2161.1593801611366,0.0,2161.1593801611366,0.0,0.0,0.0,0.0,False,WARNING,0.7,IDLE,0.0,0.0,0.0,0.0,2161.1593801611366
2024-01-26 21:00:00,2151.839628591669,0.0,2151.839628591669,0.0,0.0,0.0,0.0,False,WARNING,0.7,IDLE,0.0,0.0,0.0,0.0,2151.839628591669
2024-01-26 21:15:00,2110.0631585261017,0.0,2110.0631585261017,0.0,0.0,0.0,0.0,False,WARNING,0.7,IDLE,0.0,0.0,0.0,0.0,2110.0631585261017
2024-01-26 21:30:00,1993.3586025668942,0.0,1993.3586025668942,0.0,0.0,0.0,0.0,False,WARNING,0.7,IDLE,0.0,0.0,0.0,0.0,1993.3586025668942
2024-01-26 21:45:00,1816.3072034157683,0.0,1816.3072034157683,0.0,0.0,0.0,0.0,False,WATCH,0.7,IDLE,0.0,0.0,0.0,0.0,1816.3072034157683
2024-01-26 22:00:00,1640.976620608695,0.0,1640.976620608695,0.0,0.0,0.0,0.0,False,NORMAL,0.7,IDLE,0.0,0.0,0.0,0.0,1640.976620608695
2024-01-26 22:15:00,1545.4404001537864,0.0,1545.4404001537864,0.0,0.0,0.0,0.0,False,NORMAL,0.7,IDLE,0.0,0.0,0.0,0.0,1545.4404001537864
2024-01-26 22:30:00,1396.2757109792678,0.0,1396.2757109792678,0.0,0.0,0.0,0.0,False,NORMAL,0.7,IDLE,0.0,0.0,0.0,0.0,1396.2757109792678
2024-01-26 22:45:00,1159.542755051627,0.0,1159.542755051627,0.0,0.0,0.0,0.0,False,NORMAL,0.7,IDLE,0.0,0.0,0.0,0.0,1159.542755051627
2024-01-26 23:00:00,1022.9894651954861,0.0,1022.9894651954861,0.0,0.0,0.0,0.0,False,NORMAL,0.7,IDLE,0.0,0.0,0.0,0.0,1022.9894651954861
2024-01-26 23:15:00,1006.1110513305248,0.0,1006.1110513305248,0.0,0.0,0.0,0.0,False,NORMAL,0.7,IDLE,0.0,0.0,0.0,0.0,1006.1110513305248
2024-01-26 23:30:00,963.9141111786269,0.0,963.9141111786269,0.0,0.0,0.0,0.0,False,NORMAL,0.7,IDLE,0.0,0.0,0.0,0.0,963.9141111786269
2024-01-26 23:45:00,1038.0925802630786,0.0,1038.0925802630786,0.0,0.0,0.0,0.0,False,NORMAL,0.7,IDLE,0.0,0.0,0.0,0.0,1038.0925802630786
2024-01-27 00:00:00,877.2614797924971,0.0,877.2614797924971,0.0,0.0,0.0,0.0,False,NORMAL,0.7,IDLE,0.0,0.0,0.0,0.0,877.2614797924971
2024-01-27 00:15:00,815.4815200839789,0.0,815.4815200839789,0.0,0.0,0.0,0.0,False,NORMAL,0.7,IDLE,0.0,0.0,0.0,0.0,815.4815200839789
2024-01-27 00:30:00,861.0741707106648,0.0,861.0741707106648,0.0,0.0,0.0,0.0,False,NORMAL,0.7,IDLE,0.0,0.0,0.0,0.0,861.0741707106648
2024-01-27 00:45:00,875.4029099773923,0.0,875.4029099773923,0.0,0.0,0.0,0.0,False,NORMAL,0.7,IDLE,0.0,0.0,0.0,0.0,875.4029099773923
2024-01-27 01:00:00,846.2300442186481,0.0,846.2300442186481,0.0,0.0,0.0,0.0,False,NORMAL,0.7,IDLE,0.0,0.0,0.0,0.0,846.2300442186481
2024-01-27 01:15:00,876.6216850451947,0.0,876.6216850451947,0.0,0.0,0.0,0.0,False,NORMAL,0.7,IDLE,0.0,0.0,0.0,0.0,876.6216850451947
2024-01-27 01:30:00,909.9159747067656,0.0,909.9159747067656,0.0,0.0,0.0,0.0,False,NORMAL,0.7,IDLE,0.0,0.0,0.0,0.0,909.9159747067656
2024-01-27 01:45:00,811.4429658890924,0.0,811.4429658890924,0.0,0.0,0.0,0.0,False,NORMAL,0.7,IDLE,0.0,0.0,0.0,0.0,811.4429658890924
2024-01-27 02:00:00,858.8854954214835,0.0,858.8854954214835,0.0,0.0,0.0,0.0,False,NORMAL,0.7,IDLE,0.0,0.0,0.0,0.0,858.8854954214835
2024-01-27 02:15:00,833.8350547641951,0.0,833.8350547641951,0.0,0.0,0.0,0.0,False,NORMAL,0.7,IDLE,0.0,0.0,0.0,0.0,833.8350547641951
2024-01-27 02:30:00,866.5132338554256,0.0,866.5132338554256,0.0,0.0,0.0,0.0,False,NORMAL,0.7,IDLE,0.0,0.0,0.0,0.0,866.5132338554256
2024-01-27 02:45:00,852.1009632268456,0.0,852.1009632268456,0.0,0.0,0.0,0.0,False,NORMAL,0.7,IDLE,0.0,0.0,0.0,0.0,852.1009632268456
2024-01-27 03:00:00,836.1090719876884,0.0,836.1090719876884,0.0,0.0,0.0,0.0,False,NORMAL,0.7,IDLE,0.0,0.0,0.0,0.0,836.1090719876884
2024-01-27 03:15:00,859.0156125457271,0.0,859.0156125457271,0.0,0.0,0.0,0.0,False,NORMAL,0.7,IDLE,0.0,0.0,0.0,0.0,859.0156125457271
2024-01-27 03:30:00,895.7420317723115,0.0,895.7420317723115,0.0,0.0,0.0,0.0,False,NORMAL,0.7,IDLE,0.0,0.0,0.0,0.0,895.7420317723115
2024-01-27 03:45:00,858.779304782141,0.0,858.779304782141,0.0,0.0,0.0,0.0,False,NORMAL,0.7,IDLE,0.0,0.0,0.0,0.0,858.779304782141
2024-01-27 04:00:00,801.2039110451524,0.0,801.2039110451524,0.0,0.0,0.0,0.0,False,NORMAL,0.7,IDLE,0.0,0.0,0.0,0.0,801.2039110451524
2024-01-27 04:15:00,846.7998543223111,0.0,846.7998543223111,0.0,0.0,0.0,0.0,False,NORMAL,0.7,IDLE,0.0,0.0,0.0,0.0,846.7998543223111
2024-01-27 04:30:00,841.3600343214046,0.0,841.3600343214046,0.0,0.0,0.0,0.0,False,NORMAL,0.7,IDLE,0.0,0.0,0.0,0.0,841.3600343214046
2024-01-27 04:45:00,790.0899051024734,0.0,790.0899051024734,0.0,0.0,0.0,0.0,False,NORMAL,0.7,IDLE,0.0,0.0,0.0,0.0,790.0899051024734
2024-01-27 05:00:00,849.4850950490879,0.0,849.4850950490879,0.0,0.0,0.0,0.0,False,NORMAL,0.7,IDLE,0.0,0.0,0.0,0.0,849.4850950490879
2024-01-27 05:15:00,927.4609535850938,0.0,927.4609535850938,0.0,0.0,0.0,0.0,False,NORMAL,0.7,IDLE,0.0,0.0,0.0,0.0,927.4609535850938
2024-01-27 05:30:00,1108.4556182649058,0.0,1108.4556182649058,0.0,0.0,0.0,0.0,False,NORMAL,0.7,IDLE,0.0,0.0,0.0,0.0,1108.4556182649058
2024-01-27 05:45:00,1140.2390754399485,0.0,1140.2390754399485,0.0,0.0,0.0,0.0,False,NORMAL,0.7,IDLE,0.0,0.0,0.0,0.0,1140.2390754399485
2024-01-27 06:00:00,1151.4816860186709,2.7556518932633944e-22,1151.4816860186709,0.0,0.0,0.0,0.0,False,NORMAL,0.7,IDLE,0.0,0.0,0.0,0.0,1151.4816860186709
2024-01-27 06:15:00,1295.7986820767865,12.679895483903167,1283.1187865928832,0.0,0.0,0.0,0.0,False,NORMAL,0.7,IDLE,0.0,0.0,0.0,0.0,1283.1187865928832
2024-01-27 06:30:00,1415.4338913150164,34.26997957923781,1381.1639117357786,0.0,0.0,0.0,0.0,False,NORMAL,0.7,IDLE,0.0,0.0,0.0,0.0,1381.1639117357786
2024-01-27 06:45:00,1541.1827591351544,65.18989516916218,1475.9928639659922,0.0,0.0,0.0,0.0,False,NORMAL,0.7,IDLE,0.0,0.0,0.0,0.0,1475.9928639659922
2024-01-27 07:00:00,1529.940804682809,99.21801859216316,1430.7227860906457,0.0,0.0,0.0,0.0,False,NORMAL,0.7,IDLE,0.0,0.0,0.0,0.0,1430.7227860906457
2024-01-27 07:15:00,1586.9050845818733,133.24962465195713,1453.655459929916,0.0,0.0,0.0,0.0,False,NORMAL,0.7,IDLE,0.0,0.0,0.0,0.0,1453.655459929916
2024-01-27 07:30:00,1730.1407723996313,182.10616845011577,1548.0346039495155,0.0,0.0,0.0,0.0,False,NORMAL,0.7,IDLE,0.0,0.0,0.0,0.0,1548.0346039495155
2024-01-27 07:45:00,1699.2569432471546,215.1415955654631,1484.1153476816914,0.0,0.0,0.0,0.0,False,NORMAL,0.7,IDLE,0.0,0.0,0.0,0.0,1484.1153476816914
2024-01-27 08:00:00,1720.2599296666003,273.5758009273349,1446.6841287392654,0.0,0.0,0.0,0.0,False,NORMAL,0.7,IDLE,0.0,0.0,0.0,0.0,1446.6841287392654
2024-01-27 08:15:00,1767.5803886006745,311.00052190034296,1456.5798667003314,0.0,0.0,0.0,0.0,False,NORMAL,0.7,IDLE,0.0,0.0,0.0,0.0,1456.5798667003314
2024-01-27 08:30:00,1681.7344651346125,178.5783628769246,1503.156102257688,0.0,0.0,0.0,0.0,False,NORMAL,0.7,IDLE,0.0,0.0,0.0,0.0,1503.156102257688
2024-01-27 08:45:00,1812.632087408681,387.72480289565857,1424.9072845130224,0.0,0.0,0.0,0.0,False,NORMAL,0.7,IDLE,0.0,0.0,0.0,0.0,1424.9072845130224
2024-01-27 09:00:00,1647.972182207087,442.13854611561584,1205.8336360914711,0.0,0.0,0.0,0.0,False,NORMAL,0.7,IDLE,0.0,0.0,0.0,0.0,1205.8336360914711
2024-01-27 09:15:00,1665.2432107675736,484.178147686561,1181.0650630810126,0.0,0.0,0.0,0.0,False,NORMAL,0.7,IDLE,0.0,0.0,0.0,0.0,1181.0650630810126
2024-01-27 09:30:00,1581.1647044449633,509.40523617776535,1071.759468267198,0.0,0.0,0.0,0.0,False,NORMAL,0.7,IDLE,0.0,0.0,0.0,0.0,1071.759468267198
2024-01-27 09:45:00,1622.8907319838002,565.8440061013443,1057.0467258824558,0.0,0.0,0.0,0.0,False,NORMAL,0.7,IDLE,0.0,0.0,0.0,0.0,1057.0467258824558
2024-01-27 10:00:00,1615.1856494116937,592.6122152822777,1022.573434129416,0.0,0.0,0.0,0.0,False,NORMAL,0.7,IDLE,0.0,0.0,0.0,0.0,1022.573434129416
2024-01-27 10:15:00,1656.3271469260544,653.3674044867627,1002.9597424392917,0.0,0.0,0.0,0.0,False,NORMAL,0.7,IDLE,0.0,0.0,0.0,0.0,1002.9597424392917
2024-01-27 10:30:00,1621.374258721427,360.67847759284257,1260.6957811285843,0.0,0.0,0.0,0.0,False,NORMAL,0.7,IDLE,0.0,0.0,0.0,0.0,1260.6957811285843
2024-01-27 10:45:00,1638.973267778551,675.9051684222086,963.0680993563424,0.0,0.0,0.0,0.0,False,NORMAL,0.7,IDLE,0.0,0.0,0.0,0.0,963.0680993563424
2024-01-27 11:00:00,1588.6854460301097,763.2548547963372,825.4305912337725,0.0,0.0,0.0,0.0,False,NORMAL,0.7,IDLE,0.0,0.0,0.0,0.0,825.4305912337725
2024-01-27 11:15:00,1682.3239929154806,743.2451561045622,939.0788368109185,0.0,0.0,0.0,0.0,False,NORMAL,0.7,IDLE,0.0,0.0,0.0,0.0,939.0788368109185
2024-01-27 11:30:00,1672.9758245569315,739.7239786896549,933.2518458672765,0.0,0.0,0.0,0.0,False,NORMAL,0.7,IDLE,0.0,0.0,0.0,0.0,933.2518458672765
2024-01-27 11:45:00,1613.1496785189904,791.0606273229167,822.0890511960737,0.0,0.0,0.0,0.0,False,NORMAL,0.7,IDLE,0.0,0.0,0.0,0.0,822.0890511960737
2024-01-27 12:00:00,1633.8059091902019,769.9490643954385,863.8568447947633,0.0,0.0,0.0,0.0,False,NORMAL,0.7,IDLE,0.0,0.0,0.0,0.0,863.8568447947633
2024-01-27 12:15:00,1604.5994964037795,585.7065029002389,1018.8929935035407,0.0,0.0,0.0,0.0,False,NORMAL,0.7,IDLE,0.0,0.0,0.0,0.0,1018.8929935035407
2024-01-27 12:30:00,1653.947821429831,770.9364962549412,883.0113251748899,0.0,0.0,0.0,0.0,False,NORMAL,0.7,IDLE,0.0,0.0,0.0,0.0,883.0113251748899
2024-01-27 12:45:00,1630.6015126664552,754.525589532992,876.0759231334632,0.0,0.0,0.0,0.0,False,NORMAL,0.7,IDLE,0.0,0.0,0.0,0.0,876.0759231334632
2024-01-27 13:00:00,1747.9072178769845,778.5642205893687,969.3429972876158,0.0,0.0,0.0,0.0,False,NORMAL,0.7,IDLE,0.0,0.0,0.0,0.0,969.3429972876158
2024-01-27 13:15:00,1625.5620036898993,739.7141226464154,885.8478810434839,0.0,0.0,0.0,0.0,False,NORMAL,0.7,IDLE,0.0,0.0,0.0,0.0,885.8478810434839
2024-01-27 13:30:00,1671.2099775292422,694.6740393567636,976.5359381724786,0.0,0.0,0.0,0.0,False,NORMAL,0.7,IDLE,0.0,0.0,0.0,0.0,976.5359381724786
2024-01-27 13:45:00,1657.0501415676538,713.3351628156094,943.7149787520444,0.0,0.0,0.0,0.0,False,NORMAL,0.7,IDLE,0.0,0.0,0.0,0.0,943.7149787520444
2024-01-27 14:00:00,1637.2801456454154,649.3140022335701,987.9661434118452,0.0,0.0,0.0,0.0,False,NORMAL,0.7,IDLE,0.0,0.0,0.0,0.0,987.9661434118452
2024-01-27 14:15:00,1693.5569179768936,619.8652483135668,1073.6916696633268,0.0,0.0,0.0,0.0,False,NORMAL,0.7,IDLE,0.0,0.0,0.0,0.0,1073.6916696633268
2024-01-27 14:30:00,1652.7150318692486,628.982140784616,1023.7328910846326,0.0,0.0,0.0,0.0,False,NORMAL,0.7,IDLE,0.0,0.0,0.0,0.0,1023.7328910846326
2024-01-27 14:45:00,1661.392799041356,549.1206670469778,1112.2721319943782,0.0,0.0,0.0,0.0,False,NORMAL,0.7,IDLE,0.0,0.0,0.0,0.0,1112.2721319943782
2024-01-27 15:00:00,1675.9238324322723,492.6000685641462,1183.3237638681262,0.0,0.0,0.0,0.0,False,NORMAL,0.7,IDLE,0.0,0.0,0.0,0.0,1183.3237638681262
2024-01-27 15:15:00,1658.5497470354169,496.25894975324894,1162.290797282168,0.0,0.0,0.0,0.0,False,NORMAL,0.7,IDLE,0.0,0.0,0.0,0.0,1162.290797282168
2024-01-27 15:30:00,1632.606131403469,185.61335133170715,1446.9927800717617,0.0,0.0,0.0,0.0,False,NORMAL,0.7,IDLE,0.0,0.0,0.0,0.0,1446.9927800717617
2024-01-27 15:45:00,1622.4918917911405,395.7330650698102,1226.7588267213303,0.0,0.0,0.0,0.0,False,NORMAL,0.7,IDLE,0.0,0.0,0.0,0.0,1226.7588267213303
2024-01-27 16:00:00,1597.5251313561,349.3943078009284,1248.1308235551717,0.0,0.0,0.0,0.0,False,NORMAL,0.7,IDLE,0.0,0.0,0.0,0.0,1248.1308235551717
2024-01-27 16:15:00,1716.5255699841075,309.13587927398936,1407.3896907101182,0.0,0.0,0.0,0.0,False,NORMAL,0.7,IDLE,0.0,0.0,0.0,0.0,1407.3896907101182
2024-01-27 16:30:00,1768.7625963248947,255.813168849472,1512.9494274754227,0.0,0.0,0.0,0.0,False,NORMAL,0.7,IDLE,0.0,0.0,0.0,0.0,1512.9494274754227
2024-01-27 16:45:00,1881.8567946983678,227.09105086175575,1654.765743836612,0.0,0.0,0.0,0.0,False,NORMAL,0.7,IDLE,0.0,0.0,0.0,0.0,1654.765743836612
2024-01-27 17:00:00,1994.1949722036327,167.08002545463833,1827.1149467489943,0.0,0.0,0.0,0.0,False,WATCH,0.7,IDLE,0.0,0.0,0.0,0.0,1827.1149467489943
2024-01-27 17:15:00,2009.4329804070871,81.54286744457885,1927.8901129625083,0.0,0.0,0.0,0.0,False,WATCH,0.7,IDLE,0.0,0.0,0.0,0.0,1927.8901129625083
2024-01-27 17:30:00,2098.8790649869147,98.9415112223373,1999.9375537645774,0.0,0.0,0.0,0.0,False,WARNING,0.7,IDLE,0.0,0.0,0.0,0.0,1999.9375537645774
2024-01-27 17:45:00,2154.829716143614,62.0415082623215,2092.7882078812922,0.0,0.0,0.0,0.0,False,WARNING,0.7,IDLE,0.0,0.0,0.0,0.0,2092.7882078812922
2024-01-27 18:00:00,2249.0038713528666,33.66332513035381,2215.340546222513,0.0,0.0,0.0,0.0,False,WARNING,0.7,IDLE,0.0,0.0,0.0,0.0,2215.340546222513
2024-01-27 18:15:00,2211.359334450021,12.691131715852471,2198.6682027341685,0.0,0.0,0.0,0.0,False,WARNING,0.7,IDLE,0.0,0.0,0.0,0.0,2198.6682027341685
2024-01-27 18:30:00,2283.4469984273783,3.638903855889172e-22,2283.4469984273783,0.0,0.0,0.0,0.0,False,WARNING,0.7,IDLE,0.0,0.0,0.0,0.0,2283.4469984273783
2024-01-27 18:45:00,2356.0442773608324,0.0,2356.0442773608324,0.0,0.0,0.0,0.0,True,CRITICAL,0.7,IDLE,0.0,0.0,0.0,56.04427736083244,2356.0442773608324
2024-01-27 19:00:00,2067.187223544299,0.0,2067.187223544299,0.0,0.0,0.0,0.0,False,WARNING,0.7,IDLE,0.0,0.0,0.0,0.0,2067.187223544299
2024-01-27 19:15:00,2056.777928995464,0.0,2056.777928995464,0.0,0.0,0.0,0.0,False,WARNING,0.7,IDLE,0.0,0.0,0.0,0.0,2056.777928995464
2024-01-27 19:30:00,2048.934790000236,0.0,2048.934790000236,0.0,0.0,0.0,0.0,False,WARNING,0.7,IDLE,0.0,0.0,0.0,0.0,2048.934790000236
2024-01-27 19:45:00,2112.766024893903,0.0,2112.766024893903,0.0,0.0,0.0,0.0,False,WARNING,0.7,IDLE,0.0,0.0,0.0,0.0,2112.766024893903
2024-01-27 20:00:00,2048.519844601106,0.0,2048.519844601106,0.0,0.0,0.0,0.0,False,WARNING,0.7,IDLE,0.0,0.0,0.0,0.0,2048.519844601106
2024-01-27 20:15:00,2023.9834778151262,0.0,2023.9834778151262,0.0,0.0,0.0,0.0,False,WARNING,0.7,IDLE,0.0,0.0,0.0,0.0,2023.9834778151262
2024-01-27 20:30:00,1999.4089220027263,0.0,1999.4089220027263,0.0,0.0,0.0,0.0,False,WARNING,0.7,IDLE,0.0,0.0,0.0,0.0,1999.4089220027263
2024-01-27 20:45:00,2016.7286240239082,0.0,2016.7286240239082,0.0,0.0,0.0,0.0,False,WARNING,0.7,IDLE,0.0,0.0,0.0,0.0,2016.7286240239082
2024-01-27 21:00:00,1954.3801411874451,0.0,1954.3801411874451,0.0,0.0,0.0,0.0,False,WATCH,0.7,IDLE,0.0,0.0,0.0,0.0,1954.3801411874451
2024-01-27 21:15:00,1851.9637464324612,0.0,1851.9637464324612,0.0,0.0,0.0,0.0,False,WATCH,0.7,IDLE,0.0,0.0,0.0,0.0,1851.9637464324612
2024-01-27 21:30:00,1876.4407266187798,0.0,1876.4407266187798,0.0,0.0,0.0,0.0,False,WATCH,0.7,IDLE,0.0,0.0,0.0,0.0,1876.4407266187798
2024-01-27 21:45:00,1744.7825786920657,0.0,1744.7825786920657,0.0,0.0,0.0,0.0,False,WATCH,0.7,IDLE,0.0,0.0,0.0,0.0,1744.7825786920657
2024-01-27 22:00:00,1582.704879258315,0.0,1582.704879258315,0.0,0.0,0.0,0.0,False,NORMAL,0.7,IDLE,0.0,0.0,0.0,0.0,1582.704879258315
2024-01-27 22:15:00,1402.3045442991024,0.0,1402.3045442991024,0.0,0.0,0.0,0.0,False,NORMAL,0.7,IDLE,0.0,0.0,0.0,0.0,1402.3045442991024
2024-01-27 22:30:00,1289.4513191895653,0.0,1289.4513191895653,0.0,0.0,0.0,0.0,False,NORMAL,0.7,IDLE,0.0,0.0,0.0,0.0,1289.4513191895653
2024-01-27 22:45:00,1167.862408950406,0.0,1167.862408950406,0.0,0.0,0.0,0.0,False,NORMAL,0.7,IDLE,0.0,0.0,0.0,0.0,1167.862408950406
2024-01-27 23:00:00,1050.740517675689,0.0,1050.740517675689,0.0,0.0,0.0,0.0,False,NORMAL,0.7,IDLE,0.0,0.0,0.0,0.0,1050.740517675689
2024-01-27 23:15:00,992.2157981990135,0.0,992.2157981990135,0.0,0.0,0.0,0.0,False,NORMAL,0.7,IDLE,0.0,0.0,0.0,0.0,992.2157981990135
2024-01-27 23:30:00,912.4188416531365,0.0,912.4188416531365,0.0,0.0,0.0,0.0,False,NORMAL,0.7,IDLE,0.0,0.0,0.0,0.0,912.4188416531365
2024-01-27 23:45:00,897.8129167576658,0.0,897.8129167576658,0.0,0.0,0.0,0.0,False,NORMAL,0.7,IDLE,0.0,0.0,0.0,0.0,897.8129167576658
2024-01-28 00:00:00,788.6094133029676,0.0,788.6094133029676,0.0,0.0,0.0,0.0,False,NORMAL,0.7,IDLE,0.0,0.0,0.0,0.0,788.6094133029676
2024-01-28 00:15:00,865.3713163057286,0.0,865.3713163057286,0.0,0.0,0.0,0.0,False,NORMAL,0.7,IDLE,0.0,0.0,0.0,0.0,865.3713163057286
2024-01-28 00:30:00,827.9907103128699,0.0,827.9907103128699,0.0,0.0,0.0,0.0,False,NORMAL,0.7,IDLE,0.0,0.0,0.0,0.0,827.9907103128699
2024-01-28 00:45:00,830.387375023634,0.0,830.387375023634,0.0,0.0,0.0,0.0,False,NORMAL,0.7,IDLE,0.0,0.0,0.0,0.0,830.387375023634
2024-01-28 01:00:00,800.6214250171018,0.0,800.6214250171018,0.0,0.0,0.0,0.0,False,NORMAL,0.7,IDLE,0.0,0.0,0.0,0.0,800.6214250171018
2024-01-28 01:15:00,834.237947129253,0.0,834.237947129253,0.0,0.0,0.0,0.0,False,NORMAL,0.7,IDLE,0.0,0.0,0.0,0.0,834.237947129253
2024-01-28 01:30:00,803.119481657363,0.0,803.119481657363,0.0,0.0,0.0,0.0,False,NORMAL,0.7,IDLE,0.0,0.0,0.0,0.0,803.119481657363
2024-01-28 01:45:00,764.558055793523,0.0,764.558055793523,0.0,0.0,0.0,0.0,False,NORMAL,0.7,IDLE,0.0,0.0,0.0,0.0,764.558055793523
2024-01-28 02:00:00,841.7919057281663,0.0,841.7919057281663,0.0,0.0,0.0,0.0,False,NORMAL,0.7,IDLE,0.0,0.0,0.0,0.0,841.7919057281663
2024-01-28 02:15:00,788.1378967151006,0.0,788.1378967151006,0.0,0.0,0.0,0.0,False,NORMAL,0.7,IDLE,0.0,0.0,0.0,0.0,788.1378967151006
2024-01-28 02:30:00,772.1531972391663,0.0,772.1531972391663,0.0,0.0,0.0,0.0,False,NORMAL,0.7,IDLE,0.0,0.0,0.0,0.0,772.1531972391663
2024-01-28 02:45:00,766.0935147074069,0.0,766.0935147074069,0.0,0.0,0.0,0.0,False,NORMAL,0.7,IDLE,0.0,0.0,0.0,0.0,766.0935147074069
2024-01-28 03:00:00,809.9199711364919,0.0,809.9199711364919,0.0,0.0,0.0,0.0,False,NORMAL,0.7,IDLE,0.0,0.0,0.0,0.0,809.9199711364919
2024-01-28 03:15:00,818.4587355345449,0.0,818.4587355345449,0.0,0.0,0.0,0.0,False,NORMAL,0.7,IDLE,0.0,0.0,0.0,0.0,818.4587355345449
2024-01-28 03:30:00,823.8040521278133,0.0,823.8040521278133,0.0,0.0,0.0,0.0,False,NORMAL,0.7,IDLE,0.0,0.0,0.0,0.0,823.8040521278133
2024-01-28 03:45:00,805.3270339721272,0.0,805.3270339721272,0.0,0.0,0.0,0.0,False,NORMAL,0.7,IDLE,0.0,0.0,0.0,0.0,805.3270339721272
2024-01-28 04:00:00,858.490485495008,0.0,858.490485495008,0.0,0.0,0.0,0.0,False,NORMAL,0.7,IDLE,0.0,0.0,0.0,0.0,858.490485495008
2024-01-28 04:15:00,818.2514183000063,0.0,818.2514183000063,0.0,0.0,0.0,0.0,False,NORMAL,0.7,IDLE,0.0,0.0,0.0,0.0,818.2514183000063
2024-01-28 04:30:00,816.0172828653992,0.0,816.0172828653992,0.0,0.0,0.0,0.0,False,NORMAL,0.7,IDLE,0.0,0.0,0.0,0.0,816.0172828653992
2024-01-28 04:45:00,835.3401154313441,0.0,835.3401154313441,0.0,0.0,0.0,0.0,False,NORMAL,0.7,IDLE,0.0,0.0,0.0,0.0,835.3401154313441
2024-01-28 05:00:00,751.1057704730558,0.0,751.1057704730558,0.0,0.0,0.0,0.0,False,NORMAL,0.7,IDLE,0.0,0.0,0.0,0.0,751.1057704730558
2024-01-28 05:15:00,880.2626856436551,0.0,880.2626856436551,0.0,0.0,0.0,0.0,False,NORMAL,0.7,IDLE,0.0,0.0,0.0,0.0,880.2626856436551
2024-01-28 05:30:00,1030.929403712689,0.0,1030.929403712689,0.0,0.0,0.0,0.0,False,NORMAL,0.7,IDLE,0.0,0.0,0.0,0.0,1030.929403712689
2024-01-28 05:45:00,1066.3429009241324,0.0,1066.3429009241324,0.0,0.0,0.0,0.0,False,NORMAL,0.7,IDLE,0.0,0.0,0.0,0.0,1066.3429009241324
2024-01-28 06:00:00,1151.523385780538,3.646962697053407e-22,1151.523385780538,0.0,0.0,0.0,0.0,False,NORMAL,0.7,IDLE,0.0,0.0,0.0,0.0,1151.523385780538
2024-01-28 06:15:00,1239.2759911262565,12.015120313496396,1227.26087081276,0.0,0.0,0.0,0.0,False,NORMAL,0.7,IDLE,0.0,0.0,0.0,0.0,1227.26087081276
2024-01-28 06:30:00,1341.8125784723811,33.946076186271945,1307.8665022861092,0.0,0.0,0.0,0.0,False,NORMAL,0.7,IDLE,0.0,0.0,0.0,0.0,1307.8665022861092
2024-01-28 06:45:00,1427.8012699914393,64.48362883571325,1363.317641155726,0.0,0.0,0.0,0.0,False,NORMAL,0.7,IDLE,0.0,0.0,0.0,0.0,1363.317641155726
2024-01-28 07:00:00,1609.8862613438466,47.14109920448997,1562.7451621393566,0.0,0.0,0.0,0.0,False,NORMAL,0.7,IDLE,0.0,0.0,0.0,0.0,1562.7451621393566
2024-01-28 07:15:00,1562.403069773696,89.61379478182076,1472.7892749918751,0.0,0.0,0.0,0.0,False,NORMAL,0.7,IDLE,0.0,0.0,0.0,0.0,1472.7892749918751
2024-01-28 07:30:00,1650.643983322531,185.9049700947739,1464.7390132277571,0.0,0.0,0.0,0.0,False,NORMAL,0.7,IDLE,0.0,0.0,0.0,0.0,1464.7390132277571
2024-01-28 07:45:00,1720.3716801049393,218.7050254811949,1501.6666546237443,0.0,0.0,0.0,0.0,False,NORMAL,0.7,IDLE,0.0,0.0,0.0,0.0,1501.6666546237443
2024-01-28 08:00:00,1713.018560307888,278.71486049195437,1434.3036998159337,0.0,0.0,0.0,0.0,False,NORMAL,0.7,IDLE,0.0,0.0,0.0,0.0,1434.3036998159337
2024-01-28 08:15:00,1796.718463573499,322.60502420728125,1474.1134393662178,0.0,0.0,0.0,0.0,False,NORMAL,0.7,IDLE,0.0,0.0,0.0,0.0,1474.1134393662178
2024-01-28 08:30:00,1792.4990751326138,350.01119954611625,1442.4878755864975,0.0,0.0,0.0,0.0,False,NORMAL,0.7,IDLE,0.0,0.0,0.0,0.0,1442.4878755864975
2024-01-28 08:45:00,1827.4941172832816,376.5380485904178,1450.956068692864,0.0,0.0,0.0,0.0,False,NORMAL,0.7,IDLE,0.0,0.0,0.0,0.0,1450.956068692864
2024-01-28 09:00:00,1288.509512988066,443.01860327926846,845.4909097087975,0.0,0.0,0.0,0.0,False,NORMAL,0.7,IDLE,0.0,0.0,0.0,0.0,845.4909097087975
2024-01-28 09:15:00,1380.421013960949,220.17714072115916,1160.24387323979,0.0,0.0,0.0,0.0,False,NORMAL,0.7,IDLE,0.0,0.0,0.0,0.0,1160.24387323979
2024-01-28 09:30:00,1267.2975615001988,535.8195359140276,731.4780255861712,0.0,0.0,0.0,0.0,False,NORMAL,0.7,IDLE,0.0,0.0,0.0,0.0,731.4780255861712
2024-01-28 09:45:00,1342.6596630258177,574.4650470086754,768.1946160171424,0.0,0.0,0.0,0.0,False,NORMAL,0.7,IDLE,0.0,0.0,0.0,0.0,768.1946160171424
2024-01-28 10:00:00,1451.4582805586256,287.06457278002324,1164.3937077786022,0.0,0.0,0.0,0.0,False,NORMAL,0.7,IDLE,0.0,0.0,0.0,0.0,1164.3937077786022
2024-01-28 10:15:00,1492.6928087082958,656.0248622727307,836.6679464355651,0.0,0.0,0.0,0.0,False,NORMAL,0.7,IDLE,0.0,0.0,0.0,0.0,836.6679464355651
2024-01-28 10:30:00,1452.9130289084742,292.5883743608727,1160.3246545476015,0.0,0.0,0.0,0.0,False,NORMAL,0.7,IDLE,0.0,0.0,0.0,0.0,1160.3246545476015
2024-01-28 10:45:00,1467.7437156163078,531.1008207905217,936.6428948257861,0.0,0.0,0.0,0.0,False,NORMAL,0.7,IDLE,0.0,0.0,0.0,0.0,936.6428948257861
2024-01-28 11:00:00,1496.8662462686912,720.6258754806485,776.2403707880427,0.0,0.0,0.0,0.0,False,NORMAL,0.7,IDLE,0.0,0.0,0.0,0.0,776.2403707880427
2024-01-28 11:15:00,1425.411110028053,755.0388128890485,670.3722971390044,0.0,0.0,0.0,0.0,False,NORMAL,0.7,IDLE,0.0,0.0,0.0,0.0,670.3722971390044
2024-01-28 11:30:00,1482.729918284008,788.5369858668665,694.1929324171414,0.0,0.0,0.0,0.0,False,NORMAL,0.7,IDLE,0.0,0.0,0.0,0.0,694.1929324171414
2024-01-28 11:45:00,1400.086915397496,749.4732195448059,650.6136958526902,0.0,0.0,0.0,0.0,False,NORMAL,0.7,IDLE,0.0,0.0,0.0,0.0,650.6136958526902
2024-01-28 12:00:00,1528.486199666125,778.3930219773389,750.0931776887861,0.0,0.0,0.0,0.0,False,NORMAL,0.7,IDLE,0.0,0.0,0.0,0.0,750.0931776887861
2024-01-28 12:15:00,1424.4510914513476,784.5471332795014,639.9039581718462,0.0,0.0,0.0,0.0,False,NORMAL,0.7,IDLE,0.0,0.0,0.0,0.0,639.9039581718462
2024-01-28 12:30:00,1462.4598816186945,772.9063299523492,689.5535516663452,0.0,0.0,0.0,0.0,False,NORMAL,0.7,IDLE,0.0,0.0,0.0,0.0,689.5535516663452
2024-01-28 12:45:00,1499.7358980993058,379.8525710400904,1119.8833270592154,0.0,0.0,0.0,0.0,False,NORMAL,0.7,IDLE,0.0,0.0,0.0,0.0,1119.8833270592154
2024-01-28 13:00:00,1424.4825130847757,749.9549717118703,674.5275413729055,0.0,0.0,0.0,0.0,False,NORMAL,0.7,IDLE,0.0,0.0,0.0,0.0,674.5275413729055
2024-01-28 13:15:00,1490.4193233365306,738.0305579047646,752.388765431766,0.0,0.0,0.0,0.0,False,NORMAL,0.7,IDLE,0.0,0.0,0.0,0.0,752.388765431766
2024-01-28 13:30:00,1467.350740085481,714.7041573454512,752.6465827400298,0.0,0.0,0.0,0.0,False,NORMAL,0.7,IDLE,0.0,0.0,0.0,0.0,752.6465827400298
2024-01-28 13:45:00,1464.1618904316576,379.19981852965293,1084.9620719020047,0.0,0.0,0.0,0.0,False,NORMAL,0.7,IDLE,0.0,0.0,0.0,0.0,1084.9620719020047
2024-01-28 14:00:00,1430.410517208174,409.0068908197832,1021.4036263883909,0.0,0.0,0.0,0.0,False,NORMAL,0.7,IDLE,0.0,0.0,0.0,0.0,1021.4036263883909
2024-01-28 14:15:00,1385.124411535514,654.7917650149664,730.3326465205475,0.0,0.0,0.0,0.0,False,NORMAL,0.7,IDLE,0.0,0.0,0.0,0.0,730.3326465205475
2024-01-28 14:30:00,1480.6448241660669,647.0532616856541,833.5915624804128,0.0,0.0,0.0,0.0,False,NORMAL,0.7,IDLE,0.0,0.0,0.0,0.0,833.5915624804128
2024-01-28 14:45:00,1431.0308428012381,571.6454217373185,859.3854210639196,0.0,0.0,0.0,0.0,False,NORMAL,0.7,IDLE,0.0,0.0,0.0,0.0,859.3854210639196
2024-01-28 15:00:00,1469.3308438002223,550.2863343341095,919.0445094661128,0.0,0.0,0.0,0.0,False,NORMAL,0.7,IDLE,0.0,0.0,0.0,0.0,919.0445094661128
2024-01-28 15:15:00,1472.8672098771494,514.6083997974664,958.258810079683,0.0,0.0,0.0,0.0,False,NORMAL,0.7,IDLE,0.0,0.0,0.0,0.0,958.258810079683
2024-01-28 15:30:00,1468.2652529873221,459.676400061931,1008.5888529253912,0.0,0.0,0.0,0.0,False,NORMAL,0.7,IDLE,0.0,0.0,0.0,0.0,1008.5888529253912
2024-01-28 15:45:00,1469.1865469427462,400.48827411189563,1068.6982728308506,0.0,0.0,0.0,0.0,False,NORMAL,0.7,IDLE,0.0,0.0,0.0,0.0,1068.6982728308506
2024-01-28 16:00:00,1445.7896487686698,361.64339830605627,1084.1462504626136,0.0,0.0,0.0,0.0,False,NORMAL,0.7,IDLE,0.0,0.0,0.0,0.0,1084.1462504626136
2024-01-28 16:15:00,1570.6317775272512,296.8911596838014,1273.7406178434499,0.0,0.0,0.0,0.0,False,NORMAL,0.7,IDLE,0.0,0.0,0.0,0.0,1273.7406178434499
2024-01-28 16:30:00,1643.8339779581956,257.11052348156534,1386.7234544766302,0.0,0.0,0.0,0.0,False,NORMAL,0.7,IDLE,0.0,0.0,0.0,0.0,1386.7234544766302
2024-01-28 16:45:00,1724.4068962031013,214.77929494961165,1509.6276012534895,0.0,0.0,0.0,0.0,False,NORMAL,0.7,IDLE,0.0,0.0,0.0,0.0,1509.6276012534895
2024-01-28 17:00:00,1830.2142925583094,187.6772457419481,1642.5370468163612,0.0,0.0,0.0,0.0,False,NORMAL,0.7,IDLE,0.0,0.0,0.0,0.0,1642.5370468163612
2024-01-28 17:15:00,1855.388012321088,131.953675898123,1723.4343364229649,0.0,0.0,0.0,0.0,False,NORMAL,0.7,IDLE,0.0,0.0,0.0,0.0,1723.4343364229649
2024-01-28 17:30:00,1979.9248428144344,95.22176183432752,1884.703080980107,0.0,0.0,0.0,0.0,False,WATCH,0.7,IDLE,0.0,0.0,0.0,0.0,1884.703080980107
2024-01-28 17:45:00,2023.403938738384,61.86385414839086,1961.5400845899933,0.0,0.0,0.0,0.0,False,WARNING,0.7,IDLE,0.0,0.0,0.0,0.0,1961.5400845899933
2024-01-28 18:00:00,2018.9354648730173,35.52210122023663,1983.4133636527806,0.0,0.0,0.0,0.0,False,WARNING,0.7,IDLE,0.0,0.0,0.0,0.0,1983.4133636527806
2024-01-28 18:15:00,2111.8454686428086,12.441177789516246,2099.4042908532924,0.0,0.0,0.0,0.0,False,WARNING,0.7,IDLE,0.0,0.0,0.0,0.0,2099.4042908532924
2024-01-28 18:30:00,2163.5974797311214,3.895567417129837e-22,2163.5974797311214,0.0,0.0,0.0,0.0,False,WARNING,0.7,IDLE,0.0,0.0,0.0,0.0,2163.5974797311214
2024-01-28 18:45:00,2217.091738675005,0.0,2217.091738675005,0.0,0.0,0.0,0.0,False,WARNING,0.7,IDLE,0.0,0.0,0.0,0.0,2217.091738675005
2024-01-28 19:00:00,2192.9212713873144,0.0,2192.9212713873144,0.0,0.0,0.0,0.0,False,WARNING,0.7,IDLE,0.0,0.0,0.0,0.0,2192.9212713873144
2024-01-28 19:15:00,2259.471760220159,0.0,2259.471760220159,0.0,0.0,0.0,0.0,False,WARNING,0.7,IDLE,0.0,0.0,0.0,0.0,2259.471760220159
2024-01-28 19:30:00,2283.895362746198,0.0,2283.895362746198,0.0,0.0,0.0,0.0,False,WARNING,0.7,IDLE,0.0,0.0,0.0,0.0,2283.895362746198
2024-01-28 19:45:00,2214.328305794293,0.0,2214.328305794293,0.0,0.0,0.0,0.0,False,WARNING,0.7,IDLE,0.0,0.0,0.0,0.0,2214.328305794293
2024-01-28 20:00:00,2096.172941173743,0.0,2096.172941173743,0.0,0.0,0.0,0.0,False,WARNING,0.7,IDLE,0.0,0.0,0.0,0.0,2096.172941173743
2024-01-28 20:15:00,2144.9791695604335,0.0,2144.9791695604335,0.0,0.0,0.0,0.0,False,WARNING,0.7,IDLE,0.0,0.0,0.0,0.0,2144.9791695604335
2024-01-28 20:30:00,2093.2401481550855,0.0,2093.2401481550855,0.0,0.0,0.0,0.0,False,WARNING,0.7,IDLE,0.0,0.0,0.0,0.0,2093.2401481550855
2024-01-28 20:45:00,2057.5386115010415,0.0,2057.5386115010415,0.0,0.0,0.0,0.0,False,WARNING,0.7,IDLE,0.0,0.0,0.0,0.0,2057.5386115010415
2024-01-28 21:00:00,2074.4474456438465,0.0,2074.4474456438465,0.0,0.0,0.0,0.0,False,WARNING,0.7,IDLE,0.0,0.0,0.0,0.0,2074.4474456438465
2024-01-28 21:15:00,1956.656366505516,0.0,1956.656366505516,0.0,0.0,0.0,0.0,False,WARNING,0.7,IDLE,0.0,0.0,0.0,0.0,1956.656366505516
2024-01-28 21:30:00,1882.6063329837643,0.0,1882.6063329837643,0.0,0.0,0.0,0.0,False,WATCH,0.7,IDLE,0.0,0.0,0.0,0.0,1882.6063329837643
2024-01-28 21:45:00,1726.8752856488156,0.0,1726.8752856488156,0.0,0.0,0.0,0.0,False,WATCH,0.7,IDLE,0.0,0.0,0.0,0.0,1726.8752856488156
2024-01-28 22:00:00,1562.5013393946897,0.0,1562.5013393946897,0.0,0.0,0.0,0.0,False,NORMAL,0.7,IDLE,0.0,0.0,0.0,0.0,1562.5013393946897
2024-01-28 22:15:00,1393.656659759832,0.0,1393.656659759832,0.0,0.0,0.0,0.0,False,NORMAL,0.7,IDLE,0.0,0.0,0.0,0.0,1393.656659759832
2024-01-28 22:30:00,1264.083103924779,0.0,1264.083103924779,0.0,0.0,0.0,0.0,False,NORMAL,0.7,IDLE,0.0,0.0,0.0,0.0,1264.083103924779
2024-01-28 22:45:00,1192.2524206915143,0.0,1192.2524206915143,0.0,0.0,0.0,0.0,False,NORMAL,0.7,IDLE,0.0,0.0,0.0,0.0,1192.2524206915143
2024-01-28 23:00:00,946.7269033247688,0.0,946.7269033247688,0.0,0.0,0.0,0.0,False,NORMAL,0.7,IDLE,0.0,0.0,0.0,0.0,946.7269033247688
2024-01-28 23:15:00,1001.0155122955885,0.0,1001.0155122955885,0.0,0.0,0.0,0.0,False,NORMAL,0.7,IDLE,0.0,0.0,0.0,0.0,1001.0155122955885
2024-01-28 23:30:00,899.9990363833014,0.0,899.9990363833014,0.0,0.0,0.0,0.0,False,NORMAL,0.7,IDLE,0.0,0.0,0.0,0.0,899.9990363833014
2024-01-28 23:45:00,812.2544159320494,0.0,812.2544159320494,0.0,0.0,0.0,0.0,False,NORMAL,0.7,IDLE,0.0,0.0,0.0,0.0,812.2544159320494
2024-01-29 00:00:00,817.7544111542359,0.0,817.7544111542359,0.0,0.0,0.0,0.0,False,NORMAL,0.7,IDLE,0.0,0.0,0.0,0.0,817.7544111542359
2024-01-29 00:15:00,690.2829300124151,0.0,690.2829300124151,0.0,0.0,0.0,0.0,False,NORMAL,0.7,IDLE,0.0,0.0,0.0,0.0,690.2829300124151
2024-01-29 00:30:00,813.9544369992748,0.0,813.9544369992748,0.0,0.0,0.0,0.0,False,NORMAL,0.7,IDLE,0.0,0.0,0.0,0.0,813.9544369992748
2024-01-29 00:45:00,798.1913906771499,0.0,798.1913906771499,0.0,0.0,0.0,0.0,False,NORMAL,0.7,IDLE,0.0,0.0,0.0,0.0,798.1913906771499
2024-01-29 01:00:00,788.8379478332262,0.0,788.8379478332262,0.0,0.0,0.0,0.0,False,NORMAL,0.7,IDLE,0.0,0.0,0.0,0.0,788.8379478332262
2024-01-29 01:15:00,784.6824396112006,0.0,784.6824396112006,0.0,0.0,0.0,0.0,False,NORMAL,0.7,IDLE,0.0,0.0,0.0,0.0,784.6824396112006
2024-01-29 01:30:00,845.3634330481477,0.0,845.3634330481477,0.0,0.0,0.0,0.0,False,NORMAL,0.7,IDLE,0.0,0.0,0.0,0.0,845.3634330481477
2024-01-29 01:45:00,768.6280153582527,0.0,768.6280153582527,0.0,0.0,0.0,0.0,False,NORMAL,0.7,IDLE,0.0,0.0,0.0,0.0,768.6280153582527
2024-01-29 02:00:00,766.6124289387219,0.0,766.6124289387219,0.0,0.0,0.0,0.0,False,NORMAL,0.7,IDLE,0.0,0.0,0.0,0.0,766.6124289387219
2024-01-29 02:15:00,835.945782859852,0.0,835.945782859852,0.0,0.0,0.0,0.0,False,NORMAL,0.7,IDLE,0.0,0.0,0.0,0.0,835.945782859852
2024-01-29 02:30:00,874.2787088357952,0.0,874.2787088357952,0.0,0.0,0.0,0.0,False,NORMAL,0.7,IDLE,0.0,0.0,0.0,0.0,874.2787088357952
2024-01-29 02:45:00,796.6079168544005,0.0,796.6079168544005,0.0,0.0,0.0,0.0,False,NORMAL,0.7,IDLE,0.0,0.0,0.0,0.0,796.6079168544005
2024-01-29 03:00:00,807.1112178079347,0.0,807.1112178079347,0.0,0.0,0.0,0.0,False,NORMAL,0.7,IDLE,0.0,0.0,0.0,0.0,807.1112178079347
2024-01-29 03:15:00,816.8879135973992,0.0,816.8879135973992,0.0,0.0,0.0,0.0,False,NORMAL,0.7,IDLE,0.0,0.0,0.0,0.0,816.8879135973992
2024-01-29 03:30:00,779.3486268632188,0.0,779.3486268632188,0.0,0.0,0.0,0.0,False,NORMAL,0.7,IDLE,0.0,0.0,0.0,0.0,779.3486268632188
2024-01-29 03:45:00,764.9140660367755,0.0,764.9140660367755,0.0,0.0,0.0,0.0,False,NORMAL,0.7,IDLE,0.0,0.0,0.0,0.0,764.9140660367755
2024-01-29 04:00:00,847.0283479680763,0.0,847.0283479680763,0.0,0.0,0.0,0.0,False,NORMAL,0.7,IDLE,0.0,0.0,0.0,0.0,847.0283479680763
2024-01-29 04:15:00,856.1299530605298,0.0,856.1299530605298,0.0,0.0,0.0,0.0,False,NORMAL,0.7,IDLE,0.0,0.0,0.0,0.0,856.1299530605298
2024-01-29 04:30:00,817.6945475817834,0.0,817.6945475817834,0.0,0.0,0.0,0.0,False,NORMAL,0.7,IDLE,0.0,0.0,0.0,0.0,817.6945475817834
2024-01-29 04:45:00,754.2485622429328,0.0,754.2485622429328,0.0,0.0,0.0,0.0,False,NORMAL,0.7,IDLE,0.0,0.0,0.0,0.0,754.2485622429328
2024-01-29 05:00:00,836.2512234826563,0.0,836.2512234826563,0.0,0.0,0.0,0.0,False,NORMAL,0.7,IDLE,0.0,0.0,0.0,0.0,836.2512234826563
2024-01-29 05:15:00,836.5864767254716,0.0,836.5864767254716,0.0,0.0,0.0,0.0,False,NORMAL,0.7,IDLE,0.0,0.0,0.0,0.0,836.5864767254716
2024-01-29 05:30:00,965.8132112467175,0.0,965.8132112467175,0.0,0.0,0.0,0.0,False,NORMAL,0.7,IDLE,0.0,0.0,0.0,0.0,965.8132112467175
2024-01-29 05:45:00,1085.6480689647913,0.0,1085.6480689647913,0.0,0.0,0.0,0.0,False,NORMAL,0.7,IDLE,0.0,0.0,0.0,0.0,1085.6480689647913
2024-01-29 06:00:00,1201.3562232191362,3.5296369893776176e-22,1201.3562232191362,0.0,0.0,0.0,0.0,False,NORMAL,0.7,IDLE,0.0,0.0,0.0,0.0,1201.3562232191362
2024-01-29 06:15:00,1304.7121761881592,12.588967586979647,1292.1232086011796,0.0,0.0,0.0,0.0,False,NORMAL,0.7,IDLE,0.0,0.0,0.0,0.0,1292.1232086011796
2024-01-29 06:30:00,1408.8916300978774,33.88824685580759,1375.0033832420697,0.0,0.0,0.0,0.0,False,NORMAL,0.7,IDLE,0.0,0.0,0.0,0.0,1375.0033832420697
2024-01-29 06:45:00,1472.625173372191,33.98077556968699,1438.644397802504,0.0,0.0,0.0,0.0,False,NORMAL,0.7,IDLE,0.0,0.0,0.0,0.0,1438.644397802504
2024-01-29 07:00:00,1598.6633802071926,91.57505194245455,1507.088328264738,0.0,0.0,0.0,0.0,False,NORMAL,0.7,IDLE,0.0,0.0,0.0,0.0,1507.088328264738
2024-01-29 07:15:00,1706.235613569369,134.7901062522816,1571.4455073170875,0.0,0.0,0.0,0.0,False,NORMAL,0.7,IDLE,0.0,0.0,0.0,0.0,1571.4455073170875
2024-01-29 07:30:00,1703.147680939038,171.89452085276088,1531.2531600862771,0.0,0.0,0.0,0.0,False,NORMAL,0.7,IDLE,0.0,0.0,0.0,0.0,1531.2531600862771
2024-01-29 07:45:00,1853.9443425812556,214.5263987096909,1639.4179438715646,0.0,0.0,0.0,0.0,False,NORMAL,0.7,IDLE,0.0,0.0,0.0,0.0,1639.4179438715646
2024-01-29 08:00:00,1981.0012799507358,249.54925201659586,1731.45202793414,0.0,0.0,0.0,0.0,False,WATCH,0.7,IDLE,0.0,0.0,0.0,0.0,1731.45202793414
2024-01-29 08:15:00,2004.3053847286842,220.69447040861684,1783.6109143200674,0.0,0.0,0.0,0.0,False,WATCH,0.7,IDLE,0.0,0.0,0.0,0.0,1783.6109143200674
2024-01-29 08:30:00,2111.4832655046393,350.8572342696418,1760.6260312349975,0.0,0.0,0.0,0.0,False,WATCH,0.7,IDLE,0.0,0.0,0.0,0.0,1760.6260312349975
2024-01-29 08:45:00,2195.90963519119,377.93988585138396,1817.969749339806,0.0,0.0,0.0,0.0,False,WATCH,0.7,IDLE,0.0,0.0,0.0,0.0,1817.969749339806
2024-01-29 09:00:00,1857.4150070121896,410.9807763871022,1446.4342306250874,0.0,0.0,0.0,0.0,False,NORMAL,0.7,IDLE,0.0,0.0,0.0,0.0,1446.4342306250874
2024-01-29 09:15:00,1877.5518512962337,479.90435654436226,1397.6474947518714,0.0,0.0,0.0,0.0,False,NORMAL,0.7,IDLE,0.0,0.0,0.0,0.0,1397.6474947518714
2024-01-29 09:30:00,1798.4866453889774,488.3754701685653,1310.1111752204122,0.0,0.0,0.0,0.0,False,NORMAL,0.7,IDLE,0.0,0.0,0.0,0.0,1310.1111752204122
2024-01-29 09:45:00,1812.873890298436,553.9807473540164,1258.8931429444197,0.0,0.0,0.0,0.0,False,NORMAL,0.7,IDLE,0.0,0.0,0.0,0.0,1258.8931429444197
2024-01-29 10:00:00,1793.127204174822,580.0725596063338,1213.0546445684881,0.0,0.0,0.0,0.0,False,NORMAL,0.7,IDLE,0.0,0.0,0.0,0.0,1213.0546445684881
2024-01-29 10:15:00,1806.117516291738,334.0360064348915,1472.0815098568464,0.0,0.0,0.0,0.0,False,NORMAL,0.7,IDLE,0.0,0.0,0.0,0.0,1472.0815098568464
2024-01-29 10:30:00,1834.7420099114036,644.5873622887888,1190.154647622615,0.0,0.0,0.0,0.0,False,NORMAL,0.7,IDLE,0.0,0.0,0.0,0.0,1190.154647622615
2024-01-29 10:45:00,1783.3070089182836,702.0079010341195,1081.2991078841642,0.0,0.0,0.0,0.0,False,NORMAL,0.7,IDLE,0.0,0.0,0.0,0.0,1081.2991078841642
2024-01-29 11:00:00,1762.5133210057131,692.0537805243665,1070.4595404813467,0.0,0.0,0.0,0.0,False,NORMAL,0.7,IDLE,0.0,0.0,0.0,0.0,1070.4595404813467
2024-01-29 11:15:00,1843.1429635826125,744.0885159580479,1099.0544476245645,0.0,0.0,0.0,0.0,False,NORMAL,0.7,IDLE,0.0,0.0,0.0,0.0,1099.0544476245645
2024-01-29 11:30:00,1838.316217520097,783.4058169233608,1054.9104005967363,0.0,0.0,0.0,0.0,False,NORMAL,0.7,IDLE,0.0,0.0,0.0,0.0,1054.9104005967363
2024-01-29 11:45:00,1777.852546056115,498.05926244635435,1279.7932836097607,0.0,0.0,0.0,0.0,False,NORMAL,0.7,IDLE,0.0,0.0,0.0,0.0,1279.7932836097607
2024-01-29 12:00:00,1758.603829865009,762.2258829238059,996.377946941203,0.0,0.0,0.0,0.0,False,NORMAL,0.7,IDLE,0.0,0.0,0.0,0.0,996.377946941203
2024-01-29 12:15:00,1758.4826948088576,820.342797058982,938.1398977498756,0.0,0.0,0.0,0.0,False,NORMAL,0.7,IDLE,0.0,0.0,0.0,0.0,938.1398977498756
2024-01-29 12:30:00,1773.072021358932,757.1154123686341,1015.9566089902979,0.0,0.0,0.0,0.0,False,NORMAL,0.7,IDLE,0.0,0.0,0.0,0.0,1015.9566089902979
2024-01-29 12:45:00,1765.2787958977126,750.2901253857764,1014.9886705119362,0.0,0.0,0.0,0.0,False,NORMAL,0.7,IDLE,0.0,0.0,0.0,0.0,1014.9886705119362
2024-01-29 13:00:00,1758.697077171055,755.2547732197702,1003.4423039512849,0.0,0.0,0.0,0.0,False,NORMAL,0.7,IDLE,0.0,0.0,0.0,0.0,1003.4423039512849
2024-01-29 13:15:00,1807.7730940292745,723.3065486572648,1084.4665453720097,0.0,0.0,0.0,0.0,False,NORMAL,0.7,IDLE,0.0,0.0,0.0,0.0,1084.4665453720097
2024-01-29 13:30:00,1781.637299913322,666.896752670959,1114.740547242363,0.0,0.0,0.0,0.0,False,NORMAL,0.7,IDLE,0.0,0.0,0.0,0.0,1114.740547242363
2024-01-29 13:45:00,1772.3758278875,702.5177732551319,1069.858054632368,0.0,0.0,0.0,0.0,False,NORMAL,0.7,IDLE,0.0,0.0,0.0,0.0,1069.858054632368
2024-01-29 14:00:00,1818.6510700992742,613.0804525519877,1205.5706175472865,0.0,0.0,0.0,0.0,False,NORMAL,0.7,IDLE,0.0,0.0,0.0,0.0,1205.5706175472865
2024-01-29 14:15:00,1799.2910734476163,613.9058301669322,1185.385243280684,0.0,0.0,0.0,0.0,False,NORMAL,0.7,IDLE,0.0,0.0,0.0,0.0,1185.385243280684
2024-01-29 14:30:00,1832.447803969555,609.2590396425976,1223.1887643269574,0.0,0.0,0.0,0.0,False,NORMAL,0.7,IDLE,0.0,0.0,0.0,0.0,1223.1887643269574
2024-01-29 14:45:00,1812.0858314565585,545.5671735739201,1266.5186578826383,0.0,0.0,0.0,0.0,False,NORMAL,0.7,IDLE,0.0,0.0,0.0,0.0,1266.5186578826383
2024-01-29 15:00:00,1819.5600756045671,501.9019150605726,1317.6581605439947,0.0,0.0,0.0,0.0,False,NORMAL,0.7,IDLE,0.0,0.0,0.0,0.0,1317.6581605439947
2024-01-29 15:15:00,1822.2083525955861,484.1196109249296,1338.0887416706564,0.0,0.0,0.0,0.0,False,NORMAL,0.7,IDLE,0.0,0.0,0.0,0.0,1338.0887416706564
2024-01-29 15:30:00,1846.1131635866218,418.26744737068395,1427.845716215938,0.0,0.0,0.0,0.0,False,NORMAL,0.7,IDLE,0.0,0.0,0.0,0.0,1427.845716215938
2024-01-29 15:45:00,1842.4147306247035,371.53631240252145,1470.878418222182,0.0,0.0,0.0,0.0,False,NORMAL,0.7,IDLE,0.0,0.0,0.0,0.0,1470.878418222182
2024-01-29 16:00:00,1854.4989014471687,344.3278075550547,1510.171093892114,0.0,0.0,0.0,0.0,False,NORMAL,0.7,IDLE,0.0,0.0,0.0,0.0,1510.171093892114
2024-01-29 16:15:00,1931.6340062447232,295.6166693348208,1636.0173369099025,0.0,0.0,0.0,0.0,False,NORMAL,0.7,IDLE,0.0,0.0,0.0,0.0,1636.0173369099025
2024-01-29 16:30:00,2027.1292732937936,243.95293396458962,1783.176339329204,0.0,0.0,0.0,0.0,False,WATCH,0.7,IDLE,0.0,0.0,0.0,0.0,1783.176339329204
2024-01-29 16:45:00,2039.8956345530248,214.5751268751671,1825.3205076778577,0.0,0.0,0.0,0.0,False,WATCH,0.7,IDLE,0.0,0.0,0.0,0.0,1825.3205076778577
2024-01-29 17:00:00,2123.2501015953067,171.62646253225677,1951.62363906305,0.0,0.0,0.0,0.0,False,WATCH,0.7,IDLE,0.0,0.0,0.0,0.0,1951.62363906305
2024-01-29 17:15:00,2169.28627920527,91.0958182613912,2078.190460943879,0.0,0.0,0.0,0.0,False,WARNING,0.7,IDLE,0.0,0.0,0.0,0.0,2078.190460943879
2024-01-29 17:30:00,2254.9519495713334,93.16588334225011,2161.786066229083,0.0,0.0,0.0,0.0,False,WARNING,0.7,IDLE,0.0,0.0,0.0,0.0,2161.786066229083
2024-01-29 17:45:00,2290.09041537194,62.33864666347434,2227.7517687084655,0.0,0.0,0.0,0.0,False,WARNING,0.7,IDLE,0.0,0.0,0.0,0.0,2227.7517687084655
2024-01-29 18:00:00,2313.7639139906523,18.864533109877488,2294.899380880775,0.0,0.0,0.0,0.0,False,WARNING,0.7,IDLE,0.0,0.0,0.0,0.0,2294.899380880775
2024-01-29 18:15:00,2332.989845108234,11.822873687205716,2321.1669714210284,0.0,0.0,0.0,0.0,True,CRITICAL,0.7,IDLE,0.0,0.0,0.0,21.166971421028393,2321.1669714210284
2024-01-29 18:30:00,2340.380664687806,3.7025467119423913e-22,2340.380664687806,0.0,0.0,0.0,0.0,True,CRITICAL,0.7,IDLE,0.0,0.0,0.0,40.380664687806075,2340.380664687806
2024-01-29 18:45:00,2428.4303274146387,0.0,2428.4303274146387,0.0,0.0,0.0,0.0,True,CRITICAL,0.7,IDLE,0.0,0.0,0.0,128.43032741463867,2428.4303274146387
2024-01-29 19:00:00,2390.9213772582634,0.0,2390.9213772582634,0.0,0.0,0.0,0.0,True,CRITICAL,0.7,IDLE,0.0,0.0,0.0,90.92137725826342,2390.9213772582634
2024-01-29 19:15:00,2324.824660854926,0.0,2324.824660854926,0.0,0.0,0.0,0.0,True,CRITICAL,0.7,IDLE,0.0,0.0,0.0,24.82466085492615,2324.824660854926
2024-01-29 19:30:00,2319.8076378229275,0.0,2319.8076378229275,0.0,0.0,0.0,0.0,True,CRITICAL,0.7,IDLE,0.0,0.0,0.0,19.807637822927518,2319.8076378229275
2024-01-29 19:45:00,2329.6845574876115,0.0,2329.6845574876115,0.0,0.0,0.0,0.0,True,CRITICAL,0.7,IDLE,0.0,0.0,0.0,29.684557487611528,2329.6845574876115
2024-01-29 20:00:00,2289.4063602477754,0.0,2289.4063602477754,0.0,0.0,0.0,0.0,False,WARNING,0.7,IDLE,0.0,0.0,0.0,0.0,2289.4063602477754
2024-01-29 20:15:00,2238.727306146696,0.0,2238.727306146696,0.0,0.0,0.0,0.0,False,WARNING,0.7,IDLE,0.0,0.0,0.0,0.0,2238.727306146696
2024-01-29 20:30:00,2237.558604920127,0.0,2237.558604920127,0.0,0.0,0.0,0.0,False,WARNING,0.7,IDLE,0.0,0.0,0.0,0.0,2237.558604920127
2024-01-29 20:45:00,2142.7465203336033,0.0,2142.7465203336033,0.0,0.0,0.0,0.0,False,WARNING,0.7,IDLE,0.0,0.0,0.0,0.0,2142.7465203336033
2024-01-29 21:00:00,2090.6551700860286,0.0,2090.6551700860286,0.0,0.0,0.0,0.0,False,WARNING,0.7,IDLE,0.0,0.0,0.0,0.0,2090.6551700860286
2024-01-29 21:15:00,2036.2677636526585,0.0,2036.2677636526585,0.0,0.0,0.0,0.0,False,WARNING,0.7,IDLE,0.0,0.0,0.0,0.0,2036.2677636526585
2024-01-29 21:30:00,1913.428325345542,0.0,1913.428325345542,0.0,0.0,0.0,0.0,False,WATCH,0.7,IDLE,0.0,0.0,0.0,0.0,1913.428325345542
2024-01-29 21:45:00,1866.3037339775758,0.0,1866.3037339775758,0.0,0.0,0.0,0.0,False,WATCH,0.7,IDLE,0.0,0.0,0.0,0.0,1866.3037339775758
2024-01-29 22:00:00,1635.9049727360302,0.0,1635.9049727360302,0.0,0.0,0.0,0.0,False,NORMAL,0.7,IDLE,0.0,0.0,0.0,0.0,1635.9049727360302
2024-01-29 22:15:00,1451.7756034466483,0.0,1451.7756034466483,0.0,0.0,0.0,0.0,False,NORMAL,0.7,IDLE,0.0,0.0,0.0,0.0,1451.7756034466483
2024-01-29 22:30:00,1303.3690595271523,0.0,1303.3690595271523,0.0,0.0,0.0,0.0,False,NORMAL,0.7,IDLE,0.0,0.0,0.0,0.0,1303.3690595271523
2024-01-29 22:45:00,1110.5797679584261,0.0,1110.5797679584261,0.0,0.0,0.0,0.0,False,NORMAL,0.7,IDLE,0.0,0.0,0.0,0.0,1110.5797679584261
2024-01-29 23:00:00,1065.5822712829702,0.0,1065.5822712829702,0.0,0.0,0.0,0.0,False,NORMAL,0.7,IDLE,0.0,0.0,0.0,0.0,1065.5822712829702
2024-01-29 23:15:00,970.2330099345608,0.0,970.2330099345608,0.0,0.0,0.0,0.0,False,NORMAL,0.7,IDLE,0.0,0.0,0.0,0.0,970.2330099345608
2024-01-29 23:30:00,975.0259026285678,0.0,975.0259026285678,0.0,0.0,0.0,0.0,False,NORMAL,0.7,IDLE,0.0,0.0,0.0,0.0,975.0259026285678
2024-01-29 23:45:00,880.2777319716895,0.0,880.2777319716895,0.0,0.0,0.0,0.0,False,NORMAL,0.7,IDLE,0.0,0.0,0.0,0.0,880.2777319716895
2024-01-30 00:00:00,732.7588105148593,0.0,732.7588105148593,0.0,0.0,0.0,0.0,False,NORMAL,0.7,IDLE,0.0,0.0,0.0,0.0,732.7588105148593
2024-01-30 00:15:00,702.3877310737713,0.0,702.3877310737713,0.0,0.0,0.0,0.0,False,NORMAL,0.7,IDLE,0.0,0.0,0.0,0.0,702.3877310737713
2024-01-30 00:30:00,807.0376296091806,0.0,807.0376296091806,0.0,0.0,0.0,0.0,False,NORMAL,0.7,IDLE,0.0,0.0,0.0,0.0,807.0376296091806
2024-01-30 00:45:00,728.9866354160267,0.0,728.9866354160267,0.0,0.0,0.0,0.0,False,NORMAL,0.7,IDLE,0.0,0.0,0.0,0.0,728.9866354160267
2024-01-30 01:00:00,823.036510284795,0.0,823.036510284795,0.0,0.0,0.0,0.0,False,NORMAL,0.7,IDLE,0.0,0.0,0.0,0.0,823.036510284795
2024-01-30 01:15:00,779.2589872981889,0.0,779.2589872981889,0.0,0.0,0.0,0.0,False,NORMAL,0.7,IDLE,0.0,0.0,0.0,0.0,779.2589872981889
2024-01-30 01:30:00,752.8845715296875,0.0,752.8845715296875,0.0,0.0,0.0,0.0,False,NORMAL,0.7,IDLE,0.0,0.0,0.0,0.0,752.8845715296875
2024-01-30 01:45:00,735.6602295145032,0.0,735.6602295145032,0.0,0.0,0.0,0.0,False,NORMAL,0.7,IDLE,0.0,0.0,0.0,0.0,735.6602295145032
2024-01-30 02:00:00,733.3827907133514,0.0,733.3827907133514,0.0,0.0,0.0,0.0,False,NORMAL,0.7,IDLE,0.0,0.0,0.0,0.0,733.3827907133514
2024-01-30 02:15:00,690.9827947650117,0.0,690.9827947650117,0.0,0.0,0.0,0.0,False,NORMAL,0.7,IDLE,0.0,0.0,0.0,0.0,690.9827947650117
2024-01-30 02:30:00,734.2869354552378,0.0,734.2869354552378,0.0,0.0,0.0,0.0,False,NORMAL,0.7,IDLE,0.0,0.0,0.0,0.0,734.2869354552378
2024-01-30 02:45:00,761.4223470259064,0.0,761.4223470259064,0.0,0.0,0.0,0.0,False,NORMAL,0.7,IDLE,0.0,0.0,0.0,0.0,761.4223470259064
2024-01-30 03:00:00,726.7596396122465,0.0,726.7596396122465,0.0,0.0,0.0,0.0,False,NORMAL,0.7,IDLE,0.0,0.0,0.0,0.0,726.7596396122465
2024-01-30 03:15:00,694.0401027729811,0.0,694.0401027729811,0.0,0.0,0.0,0.0,False,NORMAL,0.7,IDLE,0.0,0.0,0.0,0.0,694.0401027729811
2024-01-30 03:30:00,733.6037379892571,0.0,733.6037379892571,0.0,0.0,0.0,0.0,False,NORMAL,0.7,IDLE,0.0,0.0,0.0,0.0,733.6037379892571
2024-01-30 03:45:00,775.7931424169626,0.0,775.7931424169626,0.0,0.0,0.0,0.0,False,NORMAL,0.7,IDLE,0.0,0.0,0.0,0.0,775.7931424169626
2024-01-30 04:00:00,812.3805581126317,0.0,812.3805581126317,0.0,0.0,0.0,0.0,False,NORMAL,0.7,IDLE,0.0,0.0,0.0,0.0,812.3805581126317
2024-01-30 04:15:00,724.7562833548961,0.0,724.7562833548961,0.0,0.0,0.0,0.0,False,NORMAL,0.7,IDLE,0.0,0.0,0.0,0.0,724.7562833548961
2024-01-30 04:30:00,756.9333793489034,0.0,756.9333793489034,0.0,0.0,0.0,0.0,False,NORMAL,0.7,IDLE,0.0,0.0,0.0,0.0,756.9333793489034
2024-01-30 04:45:00,752.9867159116354,0.0,752.9867159116354,0.0,0.0,0.0,0.0,False,NORMAL,0.7,IDLE,0.0,0.0,0.0,0.0,752.9867159116354
2024-01-30 05:00:00,700.680370163047,0.0,700.680370163047,0.0,0.0,0.0,0.0,False,NORMAL,0.7,IDLE,0.0,0.0,0.0,0.0,700.680370163047
2024-01-30 05:15:00,767.3710620984559,0.0,767.3710620984559,0.0,0.0,0.0,0.0,False,NORMAL,0.7,IDLE,0.0,0.0,0.0,0.0,767.3710620984559
2024-01-30 05:30:00,989.0916642382563,0.0,989.0916642382563,0.0,0.0,0.0,0.0,False,NORMAL,0.7,IDLE,0.0,0.0,0.0,0.0,989.0916642382563
2024-01-30 05:45:00,990.488894229664,0.0,990.488894229664,0.0,0.0,0.0,0.0,False,NORMAL,0.7,IDLE,0.0,0.0,0.0,0.0,990.488894229664
2024-01-30 06:00:00,1072.9842880858607,3.680245853779665e-22,1072.9842880858607,0.0,0.0,0.0,0.0,False,NORMAL,0.7,IDLE,0.0,0.0,0.0,0.0,1072.9842880858607
2024-01-30 06:15:00,1157.2441128870726,12.3087028245916,1144.935410062481,0.0,0.0,0.0,0.0,False,NORMAL,0.7,IDLE,0.0,0.0,0.0,0.0,1144.935410062481
2024-01-30 06:30:00,1336.250298512202,33.107073935956,1303.1432245762462,0.0,0.0,0.0,0.0,False,NORMAL,0.7,IDLE,0.0,0.0,0.0,0.0,1303.1432245762462
2024-01-30 06:45:00,1428.9427767855266,59.75992621028036,1369.1828505752462,0.0,0.0,0.0,0.0,False,NORMAL,0.7,IDLE,0.0,0.0,0.0,0.0,1369.1828505752462
2024-01-30 07:00:00,1537.5971651900154,97.05156054731961,1440.5456046426957,0.0,0.0,0.0,0.0,False,NORMAL,0.7,IDLE,0.0,0.0,0.0,0.0,1440.5456046426957
2024-01-30 07:15:00,1530.0972868861752,125.76329875743315,1404.333988128742,0.0,0.0,0.0,0.0,False,NORMAL,0.7,IDLE,0.0,0.0,0.0,0.0,1404.333988128742
2024-01-30 07:30:00,1647.0436623675314,177.9267636463686,1469.1168987211627,0.0,0.0,0.0,0.0,False,NORMAL,0.7,IDLE,0.0,0.0,0.0,0.0,1469.1168987211627
2024-01-30 07:45:00,1701.9304515264062,212.11063687305497,1489.8198146533512,0.0,0.0,0.0,0.0,False,NORMAL,0.7,IDLE,0.0,0.0,0.0,0.0,1489.8198146533512
2024-01-30 08:00:00,1887.1146191145983,244.57605314879078,1642.5385659658075,0.0,0.0,0.0,0.0,False,NORMAL,0.7,IDLE,0.0,0.0,0.0,0.0,1642.5385659658075
2024-01-30 08:15:00,1858.7107472004805,181.81129010126875,1676.8994570992118,0.0,0.0,0.0,0.0,False,NORMAL,0.7,IDLE,0.0,0.0,0.0,0.0,1676.8994570992118
2024-01-30 08:30:00,1983.2186492807039,349.5921200395024,1633.6265292412015,0.0,0.0,0.0,0.0,False,NORMAL,0.7,IDLE,0.0,0.0,0.0,0.0,1633.6265292412015
2024-01-30 08:45:00,2010.4585305114297,384.12097569378926,1626.3375548176405,0.0,0.0,0.0,0.0,False,NORMAL,0.7,IDLE,0.0,0.0,0.0,0.0,1626.3375548176405
2024-01-30 09:00:00,1659.58889764653,434.6981992590893,1224.8906983874408,0.0,0.0,0.0,0.0,False,NORMAL,0.7,IDLE,0.0,0.0,0.0,0.0,1224.8906983874408
2024-01-30 09:15:00,1705.7391649856856,205.88082654762232,1499.8583384380634,0.0,0.0,0.0,0.0,False,NORMAL,0.7,IDLE,0.0,0.0,0.0,0.0,1499.8583384380634
2024-01-30 09:30:00,1679.652679362226,515.6437780780229,1164.0089012842031,0.0,0.0,0.0,0.0,False,NORMAL,0.7,IDLE,0.0,0.0,0.0,0.0,1164.0089012842031
2024-01-30 09:45:00,1695.1138665053988,542.4687869415534,1152.6450795638455,0.0,0.0,0.0,0.0,False,NORMAL,0.7,IDLE,0.0,0.0,0.0,0.0,1152.6450795638455
2024-01-30 10:00:00,1696.4015465217371,589.7605100893107,1106.6410364324265,0.0,0.0,0.0,0.0,False,NORMAL,0.7,IDLE,0.0,0.0,0.0,0.0,1106.6410364324265
2024-01-30 10:15:00,1753.3897030007251,357.94705473188134,1395.4426482688439,0.0,0.0,0.0,0.0,False,NORMAL,0.7,IDLE,0.0,0.0,0.0,0.0,1395.4426482688439
2024-01-30 10:30:00,1699.4810326720085,693.566067339009,1005.9149653329995,0.0,0.0,0.0,0.0,False,NORMAL,0.7,IDLE,0.0,0.0,0.0,0.0,1005.9149653329995
2024-01-30 10:45:00,1723.5792140597077,296.04771785236716,1427.5314962073405,0.0,0.0,0.0,0.0,False,NORMAL,0.7,IDLE,0.0,0.0,0.0,0.0,1427.5314962073405
2024-01-30 11:00:00,1752.6008571563275,734.7144487351406,1017.8864084211868,0.0,0.0,0.0,0.0,False,NORMAL,0.7,IDLE,0.0,0.0,0.0,0.0,1017.8864084211868
2024-01-30 11:15:00,1691.1062828448833,736.672204956216,954.4340778886673,0.0,0.0,0.0,0.0,False,NORMAL,0.7,IDLE,0.0,0.0,0.0,0.0,954.4340778886673
2024-01-30 11:30:00,1690.9251110787534,767.4574330600141,923.4676780187393,0.0,0.0,0.0,0.0,False,NORMAL,0.7,IDLE,0.0,0.0,0.0,0.0,923.4676780187393
2024-01-30 11:45:00,1737.7014412584122,745.4742913571372,992.227149901275,0.0,0.0,0.0,0.0,False,NORMAL,0.7,IDLE,0.0,0.0,0.0,0.0,992.227149901275
2024-01-30 12:00:00,1717.9991431967414,724.2078279811456,993.7913152155959,0.0,0.0,0.0,0.0,False,NORMAL,0.7,IDLE,0.0,0.0,0.0,0.0,993.7913152155959
2024-01-30 12:15:00,1703.2385506196836,780.4968598102281,922.7416908094555,0.0,0.0,0.0,0.0,False,NORMAL,0.7,IDLE,0.0,0.0,0.0,0.0,922.7416908094555
2024-01-30 12:30:00,1661.2624279198817,743.1885297595664,918.0738981603153,0.0,0.0,0.0,0.0,False,NORMAL,0.7,IDLE,0.0,0.0,0.0,0.0,918.0738981603153
2024-01-30 12:45:00,1690.4992317788021,246.91004341191075,1443.5891883668914,0.0,0.0,0.0,0.0,False,NORMAL,0.7,IDLE,0.0,0.0,0.0,0.0,1443.5891883668914
2024-01-30 13:00:00,1643.0117517985539,717.2219062832019,925.789845515352,0.0,0.0,0.0,0.0,False,NORMAL,0.7,IDLE,0.0,0.0,0.0,0.0,925.789845515352
2024-01-30 13:15:00,1695.285613192498,744.3664523501684,950.9191608423296,0.0,0.0,0.0,0.0,False,NORMAL,0.7,IDLE,0.0,0.0,0.0,0.0,950.9191608423296
2024-01-30 13:30:00,1680.9061124830585,714.4051037852852,966.5010086977733,0.0,0.0,0.0,0.0,False,NORMAL,0.7,IDLE,0.0,0.0,0.0,0.0,966.5010086977733
2024-01-30 13:45:00,1677.9478933690975,703.8280830083924,974.1198103607052,0.0,0.0,0.0,0.0,False,NORMAL,0.7,IDLE,0.0,0.0,0.0,0.0,974.1198103607052
2024-01-30 14:00:00,1710.876743823201,673.443628709548,1037.433115113653,0.0,0.0,0.0,0.0,False,NORMAL,0.7,IDLE,0.0,0.0,0.0,0.0,1037.433115113653
2024-01-30 14:15:00,1728.6282112276008,621.2793728985766,1107.3488383290241,0.0,0.0,0.0,0.0,False,NORMAL,0.7,IDLE,0.0,0.0,0.0,0.0,1107.3488383290241
2024-01-30 14:30:00,1769.4226753864314,593.840094722572,1175.5825806638595,0.0,0.0,0.0,0.0,False,NORMAL,0.7,IDLE,0.0,0.0,0.0,0.0,1175.5825806638595
2024-01-30 14:45:00,1767.679140659707,432.4240036173555,1335.2551370423514,0.0,0.0,0.0,0.0,False,NORMAL,0.7,IDLE,0.0,0.0,0.0,0.0,1335.2551370423514
2024-01-30 15:00:00,1712.9661851650267,310.843985629705,1402.1221995353217,0.0,0.0,0.0,0.0,False,NORMAL,0.7,IDLE,0.0,0.0,0.0,0.0,1402.1221995353217
2024-01-30 15:15:00,1742.706774614524,463.54995502574076,1279.1568195887833,0.0,0.0,0.0,0.0,False,NORMAL,0.7,IDLE,0.0,0.0,0.0,0.0,1279.1568195887833
2024-01-30 15:30:00,1709.820223963584,439.5263757534327,1270.2938482101513,0.0,0.0,0.0,0.0,False,NORMAL,0.7,IDLE,0.0,0.0,0.0,0.0,1270.2938482101513
2024-01-30 15:45:00,1719.9184126326468,187.04071535081687,1532.87769728183,0.0,0.0,0.0,0.0,False,NORMAL,0.7,IDLE,0.0,0.0,0.0,0.0,1532.87769728183
2024-01-30 16:00:00,1732.7728596252146,337.1925457395531,1395.5803138856613,0.0,0.0,0.0,0.0,False,NORMAL,0.7,IDLE,0.0,0.0,0.0,0.0,1395.5803138856613
2024-01-30 16:15:00,1766.8731116046724,312.4202659869477,1454.4528456177247,0.0,0.0,0.0,0.0,False,NORMAL,0.7,IDLE,0.0,0.0,0.0,0.0,1454.4528456177247
2024-01-30 16:30:00,1883.2774424208494,257.35703254881037,1625.920409872039,0.0,0.0,0.0,0.0,False,NORMAL,0.7,IDLE,0.0,0.0,0.0,0.0,1625.920409872039
2024-01-30 16:45:00,1932.9823127576228,214.64877972628486,1718.333533031338,0.0,0.0,0.0,0.0,False,NORMAL,0.7,IDLE,0.0,0.0,0.0,0.0,1718.333533031338
2024-01-30 17:00:00,2051.078192245582,162.58787998297333,1888.4903122626088,0.0,0.0,0.0,0.0,False,WATCH,0.7,IDLE,0.0,0.0,0.0,0.0,1888.4903122626088
2024-01-30 17:15:00,2088.1882839653344,124.61967020718251,1963.568613758152,0.0,0.0,0.0,0.0,False,WARNING,0.7,IDLE,0.0,0.0,0.0,0.0,1963.568613758152
2024-01-30 17:30:00,2075.5972686503283,95.53945420219443,1980.0578144481337,0.0,0.0,0.0,0.0,False,WARNING,0.7,IDLE,0.0,0.0,0.0,0.0,1980.0578144481337
2024-01-30 17:45:00,2084.5933970799592,63.69138065003061,2020.9020164299286,0.0,0.0,0.0,0.0,False,WARNING,0.7,IDLE,0.0,0.0,0.0,0.0,2020.9020164299286
2024-01-30 18:00:00,2152.1525722460433,15.24335124528036,2136.909221000763,0.0,0.0,0.0,0.0,False,WARNING,0.7,IDLE,0.0,0.0,0.0,0.0,2136.909221000763
2024-01-30 18:15:00,2193.137815442932,12.673450861834702,2180.4643645810975,0.0,0.0,0.0,0.0,False,WARNING,0.7,IDLE,0.0,0.0,0.0,0.0,2180.4643645810975
2024-01-30 18:30:00,2128.8967147996586,3.7563370821624765e-22,2128.8967147996586,0.0,0.0,0.0,0.0,False,WARNING,0.7,IDLE,0.0,0.0,0.0,0.0,2128.8967147996586
2024-01-30 18:45:00,2197.1640188470387,0.0,2197.1640188470387,0.0,0.0,0.0,0.0,False,WARNING,0.7,IDLE,0.0,0.0,0.0,0.0,2197.1640188470387
2024-01-30 19:00:00,2152.4639463663975,0.0,2152.4639463663975,0.0,0.0,0.0,0.0,False,WARNING,0.7,IDLE,0.0,0.0,0.0,0.0,2152.4639463663975
2024-01-30 19:15:00,2218.0008908203527,0.0,2218.0008908203527,0.0,0.0,0.0,0.0,False,WARNING,0.7,IDLE,0.0,0.0,0.0,0.0,2218.0008908203527
2024-01-30 19:30:00,2152.903589635235,0.0,2152.903589635235,0.0,0.0,0.0,0.0,False,WARNING,0.7,IDLE,0.0,0.0,0.0,0.0,2152.903589635235
2024-01-30 19:45:00,2126.5238674060934,0.0,2126.5238674060934,0.0,0.0,0.0,0.0,False,WARNING,0.7,IDLE,0.0,0.0,0.0,0.0,2126.5238674060934
2024-01-30 20:00:00,2139.9348329609975,0.0,2139.9348329609975,0.0,0.0,0.0,0.0,False,WARNING,0.7,IDLE,0.0,0.0,0.0,0.0,2139.9348329609975
2024-01-30 20:15:00,2019.8544649172643,0.0,2019.8544649172643,0.0,0.0,0.0,0.0,False,WARNING,0.7,IDLE,0.0,0.0,0.0,0.0,2019.8544649172643
2024-01-30 20:30:00,2082.610365819828,0.0,2082.610365819828,0.0,0.0,0.0,0.0,False,WARNING,0.7,IDLE,0.0,0.0,0.0,0.0,2082.610365819828
2024-01-30 20:45:00,1985.7482532920294,0.0,1985.7482532920294,0.0,0.0,0.0,0.0,False,WARNING,0.7,IDLE,0.0,0.0,0.0,0.0,1985.7482532920294
2024-01-30 21:00:00,1956.6261494483265,0.0,1956.6261494483265,0.0,0.0,0.0,0.0,False,WARNING,0.7,IDLE,0.0,0.0,0.0,0.0,1956.6261494483265
2024-01-30 21:15:00,1958.7373549851477,0.0,1958.7373549851477,0.0,0.0,0.0,0.0,False,WARNING,0.7,IDLE,0.0,0.0,0.0,0.0,1958.7373549851477
2024-01-30 21:30:00,1700.8095452862958,0.0,1700.8095452862958,0.0,0.0,0.0,0.0,False,NORMAL,0.7,IDLE,0.0,0.0,0.0,0.0,1700.8095452862958
2024-01-30 21:45:00,1701.5631663951149,0.0,1701.5631663951149,0.0,0.0,0.0,0.0,False,NORMAL,0.7,IDLE,0.0,0.0,0.0,0.0,1701.5631663951149
2024-01-30 22:00:00,1495.2329722577012,0.0,1495.2329722577012,0.0,0.0,0.0,0.0,False,NORMAL,0.7,IDLE,0.0,0.0,0.0,0.0,1495.2329722577012
2024-01-30 22:15:00,1391.9200404470078,0.0,1391.9200404470078,0.0,0.0,0.0,0.0,False,NORMAL,0.7,IDLE,0.0,0.0,0.0,0.0,1391.9200404470078
2024-01-30 22:30:00,1244.2319348851333,0.0,1244.2319348851333,0.0,0.0,0.0,0.0,False,NORMAL,0.7,IDLE,0.0,0.0,0.0,0.0,1244.2319348851333
2024-01-30 22:45:00,1074.3004698144996,0.0,1074.3004698144996,0.0,0.0,0.0,0.0,False,NORMAL,0.7,IDLE,0.0,0.0,0.0,0.0,1074.3004698144996
2024-01-30 23:00:00,972.8208019363033,0.0,972.8208019363033,0.0,0.0,0.0,0.0,False,NORMAL,0.7,IDLE,0.0,0.0,0.0,0.0,972.8208019363033
2024-01-30 23:15:00,994.2017089524356,0.0,994.2017089524356,0.0,0.0,0.0,0.0,False,NORMAL,0.7,IDLE,0.0,0.0,0.0,0.0,994.2017089524356
2024-01-30 23:30:00,849.6764139175816,0.0,849.6764139175816,0.0,0.0,0.0,0.0,False,NORMAL,0.7,IDLE,0.0,0.0,0.0,0.0,849.6764139175816
2024-01-30 23:45:00,906.8049387565122,0.0,906.8049387565122,0.0,0.0,0.0,0.0,False,NORMAL,0.7,IDLE,0.0,0.0,0.0,0.0,906.8049387565122
