timestamp,demand_kw,renewable_kw,net_demand_kw,forecast_demand_kw,forecast_renewable_kw,forecast_net_demand_kw,forecast_gap_kw,stress,risk_level,battery_soc,battery_action,flexibility_available_kw,flexibility_reserved_kw,flexibility_dispatched_kw,deficit_kw,controlled_net_demand_kw
2024-01-01 00:00:00,724.9828942418279,0.0,724.9828942418279,724.9828942418279,0.0,724.9828942418279,0.0,False,NORMAL,0.77125,CHARGING,362.0,0.0,0.0,0.0,874.9828942418279
2024-01-01 00:15:00,784.0682888609574,0.0,784.0682888609574,784.0682888609574,0.0,784.0682888609574,0.0,False,NORMAL,0.8425,CHARGING,362.0,0.0,0.0,0.0,934.0682888609574
2024-01-01 00:30:00,727.7776073987941,0.0,727.7776073987941,727.7776073987941,0.0,727.7776073987941,0.0,False,NORMAL,0.9,CHARGING,362.0,0.0,0.0,0.0,848.8302389777415
2024-01-01 00:45:00,776.6497983187694,0.0,776.6497983187694,776.6497983187694,0.0,776.6497983187694,0.0,False,NORMAL,0.9,IDLE,362.0,0.0,0.0,0.0,776.6497983187694
2024-01-01 01:00:00,727.7285960626011,0.0,727.7285960626011,727.7285960626011,0.0,727.7285960626011,0.0,False,NORMAL,0.9,IDLE,362.0,0.0,0.0,0.0,727.7285960626011
2024-01-01 01:15:00,811.6639042511088,0.0,811.6639042511088,811.6639042511088,0.0,811.6639042511088,0.0,False,NORMAL,0.9,IDLE,362.0,0.0,0.0,0.0,811.6639042511088
2024-01-01 01:30:00,761.7270223606006,0.0,761.7270223606006,761.7270223606006,0.0,761.7270223606006,0.0,False,NORMAL,0.9,IDLE,362.0,0.0,0.0,0.0,761.7270223606006
2024-01-01 01:45:00,745.5149715532481,0.0,745.5149715532481,745.5149715532481,0.0,745.5149715532481,0.0,False,NORMAL,0.9,IDLE,362.0,0.0,0.0,0.0,745.5149715532481
2024-01-01 02:00:00,802.2389415061389,0.0,802.2389415061389,802.2389415061389,0.0,802.2389415061389,0.0,False,NORMAL,0.9,IDLE,362.0,0.0,0.0,0.0,802.2389415061389
2024-01-01 02:15:00,752.148235384215,0.0,752.148235384215,752.148235384215,0.0,752.148235384215,0.0,False,NORMAL,0.9,IDLE,362.0,0.0,0.0,0.0,752.148235384215
2024-01-01 02:30:00,801.4258578875788,0.0,801.4258578875788,801.4258578875788,0.0,801.4258578875788,0.0,False,NORMAL,0.9,IDLE,362.0,0.0,0.0,0.0,801.4258578875788
2024-01-01 02:45:00,711.2813778844732,0.0,711.2813778844732,711.2813778844732,0.0,711.2813778844732,0.0,False,NORMAL,0.9,IDLE,362.0,0.0,0.0,0.0,711.2813778844732
2024-01-01 03:00:00,731.4279681820501,0.0,731.4279681820501,731.4279681820501,0.0,731.4279681820501,0.0,False,NORMAL,0.9,IDLE,362.0,0.0,0.0,0.0,731.4279681820501
2024-01-01 03:15:00,786.4330669163865,0.0,786.4330669163865,786.4330669163865,0.0,786.4330669163865,0.0,False,NORMAL,0.9,IDLE,362.0,0.0,0.0,0.0,786.4330669163865
2024-01-01 03:30:00,786.4537840180737,0.0,786.4537840180737,786.4537840180737,0.0,786.4537840180737,0.0,False,NORMAL,0.9,IDLE,362.0,0.0,0.0,0.0,786.4537840180737
2024-01-01 03:45:00,782.1383635025879,0.0,782.1383635025879,782.1383635025879,0.0,782.1383635025879,0.0,False,NORMAL,0.9,IDLE,362.0,0.0,0.0,0.0,782.1383635025879
2024-01-01 04:00:00,758.9862246875919,0.0,758.9862246875919,758.9862246875919,0.0,758.9862246875919,0.0,False,NORMAL,0.9,IDLE,362.0,0.0,0.0,0.0,758.9862246875919
2024-01-01 04:15:00,774.6832043573945,0.0,774.6832043573945,774.6832043573945,0.0,774.6832043573945,0.0,False,NORMAL,0.9,IDLE,362.0,0.0,0.0,0.0,774.6832043573945
2024-01-01 04:30:00,732.4334325972449,0.0,732.4334325972449,732.4334325972449,0.0,732.4334325972449,0.0,False,NORMAL,0.9,IDLE,362.0,0.0,0.0,0.0,732.4334325972449
2024-01-01 04:45:00,749.9645940814048,0.0,749.9645940814048,749.9645940814048,0.0,749.9645940814048,0.0,False,NORMAL,0.9,IDLE,362.0,0.0,0.0,0.0,749.9645940814048
2024-01-01 05:00:00,731.6818819213056,0.0,731.6818819213056,731.6818819213056,0.0,731.6818819213056,0.0,False,NORMAL,0.9,IDLE,362.0,0.0,0.0,0.0,731.6818819213056
2024-01-01 05:15:00,892.7648121961229,0.0,892.7648121961229,892.7648121961229,0.0,892.7648121961229,0.0,False,NORMAL,0.9,IDLE,362.0,0.0,0.0,0.0,892.7648121961229
2024-01-01 05:30:00,1004.3949002347119,0.0,1004.3949002347119,1004.3949002347119,0.0,1004.3949002347119,0.0,False,NORMAL,0.9,IDLE,362.0,0.0,0.0,0.0,1004.3949002347119
2024-01-01 05:45:00,991.060349481797,0.0,991.060349481797,991.060349481797,0.0,991.060349481797,0.0,False,NORMAL,0.9,IDLE,362.0,0.0,0.0,0.0,991.060349481797
2024-01-01 06:00:00,1159.463457610119,3.4458944955830914e-22,1159.463457610119,1159.463457610119,3.4458944955830914e-22,1159.463457610119,0.0,False,NORMAL,0.9,IDLE,362.0,0.0,0.0,0.0,1159.463457610119
2024-01-01 06:15:00,1225.8247934806648,11.083608959450125,1214.7411845212146,1225.8247934806648,11.083608959450125,1214.7411845212146,0.0,False,NORMAL,0.9,IDLE,362.0,0.0,0.0,0.0,1214.7411845212146
2024-01-01 06:30:00,1303.3602836477946,31.032840251405442,1272.3274433963893,1303.3602836477946,31.032840251405442,1272.3274433963893,0.0,False,NORMAL,0.9,IDLE,362.0,0.0,0.0,0.0,1272.3274433963893
2024-01-01 06:45:00,1463.6529881084866,57.56768519293529,1406.0853029155514,1463.6529881084866,57.56768519293529,1406.0853029155514,0.0,False,NORMAL,0.9,IDLE,362.0,0.0,0.0,0.0,1406.0853029155514
2024-01-01 07:00:00,1565.7167149066204,90.62013644496183,1475.0965784616585,1565.7167149066204,90.62013644496183,1475.0965784616585,0.0,False,NORMAL,0.9,IDLE,362.0,0.0,0.0,0.0,1475.0965784616585
2024-01-01 07:15:00,1689.1494634972928,125.40822470764427,1563.7412387896486,1689.1494634972928,125.40822470764427,1563.7412387896486,0.0,False,NORMAL,0.9,IDLE,362.0,0.0,0.0,0.0,1563.7412387896486
2024-01-01 07:30:00,1681.6296335033462,156.59217699203128,1525.037456511315,1681.6296335033462,156.59217699203128,1525.037456511315,0.0,False,NORMAL,0.9,IDLE,362.0,0.0,0.0,0.0,1525.037456511315
2024-01-01 07:45:00,1803.6087582684968,200.71913310506375,1602.889625163433,1803.6087582684968,200.71913310506375,1602.889625163433,0.0,False,NORMAL,0.9,IDLE,362.0,0.0,0.0,0.0,1602.889625163433
2024-01-01 08:00:00,1884.251601185077,234.75576128163135,1649.4958399034458,1884.251601185077,234.75576128163135,1649.4958399034458,0.0,False,NORMAL,0.9,IDLE,362.0,0.0,0.0,0.0,1649.4958399034458
2024-01-01 08:15:00,2007.1917102969824,277.2675577564778,1729.9241525405046,2007.1917102969824,277.2675577564778,1729.9241525405046,0.0,False,NORMAL,0.9,IDLE,362.0,0.0,0.0,0.0,1729.9241525405046
2024-01-01 08:30:00,2057.170220172994,313.71528278877463,1743.4549373842194,2057.170220172994,313.71528278877463,1743.4549373842194,0.0,False,NORMAL,0.9,IDLE,362.0,0.0,0.0,0.0,1743.4549373842194
2024-01-01 08:45:00,2126.661866117207,357.4298808211697,1769.2319852960372,2126.661866117207,357.4298808211697,1769.2319852960372,0.0,False,NORMAL,0.9,IDLE,362.0,0.0,0.0,0.0,1769.2319852960372
2024-01-01 09:00:00,1736.1029934329854,416.0637344547025,1320.0392589782828,1736.1029934329854,416.0637344547025,1320.0392589782828,0.0,False,NORMAL,0.9,IDLE,362.0,0.0,0.0,0.0,1320.0392589782828
2024-01-01 09:15:00,1743.1670109849865,311.524482308566,1431.6425286764206,1743.1670109849865,311.524482308566,1431.6425286764206,0.0,False,NORMAL,0.9,IDLE,362.0,0.0,0.0,0.0,1431.6425286764206
2024-01-01 09:30:00,1799.3975921281267,479.5683501578073,1319.8292419703193,1799.3975921281267,479.5683501578073,1319.8292419703193,0.0,False,NORMAL,0.9,IDLE,362.0,0.0,0.0,0.0,1319.8292419703193
2024-01-01 09:45:00,1788.3461451541268,491.5646947140124,1296.7814504401144,1788.3461451541268,491.5646947140124,1296.7814504401144,0.0,False,NORMAL,0.9,IDLE,362.0,0.0,0.0,0.0,1296.7814504401144
2024-01-01 10:00:00,1771.7590905214365,542.800429529457,1228.9586609919795,1771.7590905214365,542.800429529457,1228.9586609919795,0.0,False,NORMAL,0.9,IDLE,362.0,0.0,0.0,0.0,1228.9586609919795
2024-01-01 10:15:00,1768.2274453521418,575.1088381641082,1193.1186071880336,1768.2274453521418,575.1088381641082,1193.1186071880336,0.0,False,NORMAL,0.9,IDLE,362.0,0.0,0.0,0.0,1193.1186071880336
2024-01-01 10:30:00,1784.8284622930412,450.99412071340737,1333.834341579634,1784.8284622930412,450.99412071340737,1333.834341579634,0.0,False,NORMAL,0.9,IDLE,362.0,0.0,0.0,0.0,1333.834341579634
2024-01-01 10:45:00,1743.954932920825,633.5361009459095,1110.4188319749155,1743.954932920825,633.5361009459095,1110.4188319749155,0.0,False,NORMAL,0.9,IDLE,362.0,0.0,0.0,0.0,1110.4188319749155
2024-01-01 11:00:00,1799.3548349161547,646.5509872964102,1152.8038476197444,1799.3548349161547,646.5509872964102,1152.8038476197444,0.0,False,NORMAL,0.9,IDLE,362.0,0.0,0.0,0.0,1152.8038476197444
2024-01-01 11:15:00,1833.3108241216005,280.3131754393174,1552.9976486822832,1833.3108241216005,280.3131754393174,1552.9976486822832,0.0,False,NORMAL,0.9,IDLE,362.0,0.0,0.0,0.0,1552.9976486822832
2024-01-01 11:30:00,1768.9538612871092,690.0161751791918,1078.9376861079174,1768.9538612871092,690.0161751791918,1078.9376861079174,0.0,False,NORMAL,0.9,IDLE,362.0,0.0,0.0,0.0,1078.9376861079174
2024-01-01 11:45:00,1852.3092194557248,250.53001981018454,1601.7791996455403,1852.3092194557248,250.53001981018454,1601.7791996455403,0.0,False,NORMAL,0.9,IDLE,362.0,0.0,0.0,0.0,1601.7791996455403
2024-01-01 12:00:00,1638.644511333789,695.6786393423508,942.9658719914382,1638.644511333789,695.6786393423508,942.9658719914382,0.0,False,NORMAL,0.9,IDLE,362.0,0.0,0.0,0.0,942.9658719914382
2024-01-01 12:15:00,1780.7989933518684,707.8288740956416,1072.9701192562268,1780.7989933518684,707.8288740956416,1072.9701192562268,0.0,False,NORMAL,0.9,IDLE,362.0,0.0,0.0,0.0,1072.9701192562268
2024-01-01 12:30:00,1732.8101666571276,729.1163940256541,1003.6937726314735,1732.8101666571276,729.1163940256541,1003.6937726314735,0.0,False,NORMAL,0.9,IDLE,362.0,0.0,0.0,0.0,1003.6937726314735
2024-01-01 12:45:00,1735.1342600929595,703.2279299888067,1031.9063301041529,1735.1342600929595,703.2279299888067,1031.9063301041529,0.0,False,NORMAL,0.9,IDLE,362.0,0.0,0.0,0.0,1031.9063301041529
2024-01-01 13:00:00,1741.7018290575284,673.8575242258195,1067.844304831709,1741.7018290575284,673.8575242258195,1067.844304831709,0.0,False,NORMAL,0.9,IDLE,362.0,0.0,0.0,0.0,1067.844304831709
2024-01-01 13:15:00,1650.2904881784161,681.2310226989628,969.0594654794534,1650.2904881784161,681.2310226989628,969.0594654794534,0.0,False,NORMAL,0.9,IDLE,362.0,0.0,0.0,0.0,969.0594654794534
2024-01-01 13:30:00,1720.3104551990814,688.5367431943477,1031.7737120047336,1720.3104551990814,688.5367431943477,1031.7737120047336,0.0,False,NORMAL,0.9,IDLE,362.0,0.0,0.0,0.0,1031.7737120047336
2024-01-01 13:45:00,1727.9842027603115,650.5362761890351,1077.4479265712764,1727.9842027603115,650.5362761890351,1077.4479265712764,0.0,False,NORMAL,0.9,IDLE,362.0,0.0,0.0,0.0,1077.4479265712764
2024-01-01 14:00:00,1827.996146485481,617.7964231248823,1210.1997233605987,1827.996146485481,617.7964231248823,1210.1997233605987,0.0,False,NORMAL,0.9,IDLE,362.0,0.0,0.0,0.0,1210.1997233605987
2024-01-01 14:15:00,1750.1890956938062,591.912758961881,1158.2763367319253,1750.1890956938062,591.912758961881,1158.2763367319253,0.0,False,NORMAL,0.9,IDLE,362.0,0.0,0.0,0.0,1158.2763367319253
2024-01-01 14:30:00,1795.9386210653263,571.5511207549853,1224.387500310341,1795.9386210653263,571.5511207549853,1224.387500310341,0.0,False,NORMAL,0.9,IDLE,362.0,0.0,0.0,0.0,1224.387500310341
2024-01-01 14:45:00,1775.308070698985,530.4575263093187,1244.850544389666,1775.308070698985,530.4575263093187,1244.850544389666,0.0,False,NORMAL,0.9,IDLE,362.0,0.0,0.0,0.0,1244.850544389666
2024-01-01 15:00:00,1860.8489541013012,485.75095216481344,1375.0980019364877,1860.8489541013012,485.75095216481344,1375.0980019364877,0.0,False,NORMAL,0.9,IDLE,362.0,0.0,0.0,0.0,1375.0980019364877
2024-01-01 15:15:00,1794.3737073633597,453.61691506440576,1340.756792298954,1794.3737073633597,453.61691506440576,1340.756792298954,0.0,False,NORMAL,0.9,IDLE,362.0,0.0,0.0,0.0,1340.756792298954
2024-01-01 15:30:00,1750.7032486503706,123.6305455358563,1627.0727031145143,1750.7032486503706,123.6305455358563,1627.0727031145143,0.0,False,NORMAL,0.9,IDLE,362.0,0.0,0.0,0.0,1627.0727031145143
2024-01-01 15:45:00,1815.1933634208704,343.19141770018393,1472.0019457206863,1815.1933634208704,343.19141770018393,1472.0019457206863,0.0,False,NORMAL,0.9,IDLE,362.0,0.0,0.0,0.0,1472.0019457206863
2024-01-01 16:00:00,1780.4906425110141,319.7358827086815,1460.7547598023325,1780.4906425110141,319.7358827086815,1460.7547598023325,0.0,False,NORMAL,0.9,IDLE,362.0,0.0,0.0,0.0,1460.7547598023325
2024-01-01 16:15:00,1906.2366589169446,277.5568156799741,1628.6798432369706,1906.2366589169446,277.5568156799741,1628.6798432369706,0.0,False,NORMAL,0.9,IDLE,362.0,0.0,0.0,0.0,1628.6798432369706
2024-01-01 16:30:00,1924.1505295692589,111.27256880220219,1812.8779607670567,1924.1505295692589,111.27256880220219,1812.8779607670567,0.0,False,NORMAL,0.9,IDLE,362.0,0.0,0.0,0.0,1812.8779607670567
2024-01-01 16:45:00,2045.3962425473626,150.21517342810216,1895.1810691192604,2045.3962425473626,150.21517342810216,1895.1810691192604,0.0,False,NORMAL,0.9,IDLE,362.0,0.0,0.0,0.0,1895.1810691192604
2024-01-01 17:00:00,2105.373686518839,148.91484813374552,1956.4588383850933,2105.373686518839,148.91484813374552,1956.4588383850933,0.0,False,NORMAL,0.9,IDLE,362.0,0.0,0.0,0.0,1956.4588383850933
2024-01-01 17:15:00,2106.5648919752425,119.3633332053435,1987.201558769899,2106.5648919752425,119.3633332053435,1987.201558769899,0.0,False,NORMAL,0.9,IDLE,362.0,0.0,0.0,0.0,1987.201558769899
2024-01-01 17:30:00,2225.7788474485574,86.30654186226529,2139.472305586292,2225.7788474485574,86.30654186226529,2139.472305586292,0.0,False,NORMAL,0.9,IDLE,362.0,0.0,0.0,0.0,2139.472305586292
2024-01-01 17:45:00,2236.433960903859,54.46915213185983,2181.964808771999,2236.433960903859,54.46915213185983,2181.964808771999,0.0,False,NORMAL,0.9,IDLE,362.0,0.0,0.0,0.0,2181.964808771999
2024-01-01 18:00:00,2271.9682888247235,32.73944444876298,2239.2288443759603,2271.9682888247235,32.73944444876298,2239.2288443759603,0.0,False,NORMAL,0.9,IDLE,362.0,0.0,0.0,0.0,2239.2288443759603
2024-01-01 18:15:00,2280.5707601064064,10.658165995669101,2269.9125941107372,2280.5707601064064,10.658165995669101,2269.9125941107372,0.0,False,NORMAL,0.9,IDLE,362.0,0.0,0.0,0.0,2269.9125941107372
2024-01-01 18:30:00,2283.5499342391886,3.3239829732165073e-22,2283.5499342391886,2283.5499342391886,3.3239829732165073e-22,2283.5499342391886,0.0,False,NORMAL,0.9,IDLE,362.0,0.0,0.0,0.0,2283.5499342391886
2024-01-01 18:45:00,2352.9298969010856,0.0,2352.9298969010856,2352.9298969010856,0.0,2352.9298969010856,0.0,False,NORMAL,0.8721421595257445,DISCHARGING,362.0,0.0,52.92989690108561,0.0,2300.0
2024-01-01 19:00:00,2278.5782936786445,0.0,2278.5782936786445,2278.5782936786445,0.0,2278.5782936786445,0.0,False,NORMAL,0.8721421595257445,IDLE,177.0,0.0,52.92989690108561,0.0,2225.648396777559
2024-01-01 19:15:00,2241.267733602014,0.0,2241.267733602014,2241.267733602014,0.0,2241.267733602014,0.0,False,NORMAL,0.8721421595257445,IDLE,177.0,0.0,52.92989690108561,0.0,2188.337836700928
2024-01-01 19:30:00,2234.662010712357,0.0,2234.662010712357,2234.662010712357,0.0,2234.662010712357,0.0,False,NORMAL,0.8721421595257445,IDLE,177.0,0.0,52.92989690108561,0.0,2181.7321138112716
2024-01-01 19:45:00,2247.514416813089,0.0,2247.514416813089,2247.514416813089,0.0,2247.514416813089,0.0,False,NORMAL,0.8721421595257445,IDLE,222.0,0.0,7.929896901085613,0.0,2239.5845199120035
2024-01-01 20:00:00,2282.0184670354247,0.0,2282.0184670354247,2282.0184670354247,0.0,2282.0184670354247,0.0,False,NORMAL,0.8721421595257445,IDLE,222.0,0.0,7.929896901085613,0.0,2274.088570134339
2024-01-01 20:15:00,2194.1990133892537,0.0,2194.1990133892537,2194.1990133892537,0.0,2194.1990133892537,0.0,False,NORMAL,0.8721421595257445,IDLE,222.0,0.0,7.929896901085613,0.0,2186.269116488168
2024-01-01 20:30:00,2137.148019421649,0.0,2137.148019421649,2137.148019421649,0.0,2137.148019421649,0.0,False,NORMAL,0.8721421595257445,IDLE,222.0,0.0,7.929896901085613,0.0,2129.2181225205636
2024-01-01 20:45:00,2120.5201235014492,0.0,2120.5201235014492,2120.5201235014492,0.0,2120.5201235014492,0.0,False,NORMAL,0.8721421595257445,IDLE,362.0,0.0,0.0,0.0,2120.5201235014492
2024-01-01 21:00:00,1982.1503220086108,0.0,1982.1503220086108,1982.1503220086108,0.0,1982.1503220086108,0.0,False,NORMAL,0.8721421595257445,IDLE,362.0,0.0,0.0,0.0,1982.1503220086108
2024-01-01 21:15:00,1965.593288779952,0.0,1965.593288779952,1965.593288779952,0.0,1965.593288779952,0.0,False,NORMAL,0.8721421595257445,IDLE,362.0,0.0,0.0,0.0,1965.593288779952
2024-01-01 21:30:00,1866.846990104421,0.0,1866.846990104421,1866.846990104421,0.0,1866.846990104421,0.0,False,NORMAL,0.8721421595257445,IDLE,362.0,0.0,0.0,0.0,1866.846990104421
2024-01-01 21:45:00,1789.4900679515226,0.0,1789.4900679515226,1789.4900679515226,0.0,1789.4900679515226,0.0,False,NORMAL,0.8721421595257445,IDLE,362.0,0.0,0.0,0.0,1789.4900679515226
2024-01-01 22:00:00,1571.8699263391363,0.0,1571.8699263391363,1571.8699263391363,0.0,1571.8699263391363,0.0,False,NORMAL,0.8721421595257445,IDLE,362.0,0.0,0.0,0.0,1571.8699263391363
2024-01-01 22:15:00,1440.3416747192878,0.0,1440.3416747192878,1440.3416747192878,0.0,1440.3416747192878,0.0,False,NORMAL,0.8721421595257445,IDLE,362.0,0.0,0.0,0.0,1440.3416747192878
2024-01-01 22:30:00,1285.148801896049,0.0,1285.148801896049,1285.148801896049,0.0,1285.148801896049,0.0,False,NORMAL,0.8721421595257445,IDLE,362.0,0.0,0.0,0.0,1285.148801896049
2024-01-01 22:45:00,1105.7605512658522,0.0,1105.7605512658522,1105.7605512658522,0.0,1105.7605512658522,0.0,False,NORMAL,0.8721421595257445,IDLE,362.0,0.0,0.0,0.0,1105.7605512658522
2024-01-01 23:00:00,1050.2490428511765,0.0,1050.2490428511765,1050.2490428511765,0.0,1050.2490428511765,0.0,False,NORMAL,0.8721421595257445,IDLE,362.0,0.0,0.0,0.0,1110.2490428511765
2024-01-01 23:15:00,1001.5032169014556,0.0,1001.5032169014556,1001.5032169014556,0.0,1001.5032169014556,0.0,False,NORMAL,0.8721421595257445,IDLE,362.0,0.0,0.0,0.0,1061.5032169014557
2024-01-01 23:30:00,915.624614664923,0.0,915.624614664923,915.624614664923,0.0,915.624614664923,0.0,False,NORMAL,0.8721421595257445,IDLE,362.0,0.0,0.0,0.0,975.624614664923
2024-01-01 23:45:00,867.9531487487752,0.0,867.9531487487752,867.9531487487752,0.0,867.9531487487752,0.0,False,NORMAL,0.8721421595257445,IDLE,362.0,0.0,0.0,0.0,927.9531487487752
2024-01-02 00:00:00,862.6410372545033,0.0,862.6410372545033,813.9288962200434,0.0,813.9288962200434,0.0,False,NORMAL,0.9,CHARGING,362.0,0.0,0.0,0.0,924.7282976721473
2024-01-02 00:15:00,781.2910153986585,0.0,781.2910153986585,827.9610611135327,0.0,827.9610611135327,0.0,False,NORMAL,0.9,IDLE,362.0,0.0,0.0,0.0,781.2910153986585
2024-01-02 00:30:00,829.2123180206019,0.0,829.2123180206019,768.9171265423059,0.0,768.9171265423059,0.0,False,NORMAL,0.9,IDLE,362.0,0.0,0.0,0.0,829.2123180206019
2024-01-02 00:45:00,885.4129262515762,0.0,885.4129262515762,799.7901236069597,0.0,799.7901236069597,0.0,False,NORMAL,0.9,IDLE,362.0,0.0,0.0,0.0,885.4129262515762
2024-01-02 01:00:00,783.3874093481847,0.0,783.3874093481847,792.4481352416508,0.0,792.4481352416508,0.0,False,NORMAL,0.9,IDLE,362.0,0.0,0.0,0.0,783.3874093481847
2024-01-02 01:15:00,769.9553432962077,0.0,769.9553432962077,803.2763810829076,0.0,803.2763810829076,0.0,False,NORMAL,0.9,IDLE,362.0,0.0,0.0,0.0,769.9553432962077
2024-01-02 01:30:00,813.0350090405649,0.0,813.0350090405649,778.1526137196848,0.0,778.1526137196848,0.0,False,NORMAL,0.9,IDLE,362.0,0.0,0.0,0.0,813.0350090405649
2024-01-02 01:45:00,790.3506163353645,0.0,790.3506163353645,780.1235923683013,0.0,780.1235923683013,0.0,False,NORMAL,0.9,IDLE,362.0,0.0,0.0,0.0,790.3506163353645
2024-01-02 02:00:00,762.1224533660171,0.0,762.1224533660171,793.7017336153195,0.0,793.7017336153195,0.0,False,NORMAL,0.9,IDLE,362.0,0.0,0.0,0.0,762.1224533660171
2024-01-02 02:15:00,842.0126981141416,0.0,842.0126981141416,764.236404971534,0.0,764.236404971534,0.0,False,NORMAL,0.9,IDLE,362.0,0.0,0.0,0.0,842.0126981141416
2024-01-02 02:30:00,752.0337308649115,0.0,752.0337308649115,810.0146808773776,0.0,810.0146808773776,0.0,False,NORMAL,0.9,IDLE,362.0,0.0,0.0,0.0,752.0337308649115
2024-01-02 02:45:00,799.7372494941467,0.0,799.7372494941467,741.2135341911061,0.0,741.2135341911061,0.0,False,NORMAL,0.9,IDLE,362.0,0.0,0.0,0.0,799.7372494941467
2024-01-02 03:00:00,782.5025945600555,0.0,782.5025945600555,764.6814253740365,0.0,764.6814253740365,0.0,False,NORMAL,0.9,IDLE,362.0,0.0,0.0,0.0,782.5025945600555
2024-01-02 03:15:00,889.3382452973789,0.0,889.3382452973789,788.5068208406923,0.0,788.5068208406923,0.0,False,NORMAL,0.9,IDLE,362.0,0.0,0.0,0.0,889.3382452973789
2024-01-02 03:30:00,756.5916417483559,0.0,756.5916417483559,815.4213141923716,0.0,815.4213141923716,0.0,False,NORMAL,0.9,IDLE,362.0,0.0,0.0,0.0,756.5916417483559
2024-01-02 03:45:00,778.4800869703454,0.0,778.4800869703454,784.4864012111985,0.0,784.4864012111985,0.0,False,NORMAL,0.9,IDLE,362.0,0.0,0.0,0.0,778.4800869703454
2024-01-02 04:00:00,837.1707189710633,0.0,837.1707189710633,777.5412438030648,0.0,777.5412438030648,0.0,False,NORMAL,0.9,IDLE,362.0,0.0,0.0,0.0,837.1707189710633
2024-01-02 04:15:00,792.8455098521342,0.0,792.8455098521342,800.6303140980151,0.0,800.6303140980151,0.0,False,NORMAL,0.9,IDLE,362.0,0.0,0.0,0.0,792.8455098521342
2024-01-02 04:30:00,838.5052539035119,0.0,838.5052539035119,765.1489947856466,0.0,765.1489947856466,0.0,False,NORMAL,0.9,IDLE,362.0,0.0,0.0,0.0,838.5052539035119
2024-01-02 04:45:00,830.1178636495442,0.0,830.1178636495442,789.2371922703467,0.0,789.2371922703467,0.0,False,NORMAL,0.9,IDLE,362.0,0.0,0.0,0.0,830.1178636495442
2024-01-02 05:00:00,756.8149404455062,0.0,756.8149404455062,783.5521115517765,0.0,783.5521115517765,0.0,False,NORMAL,0.9,IDLE,362.0,0.0,0.0,0.0,756.8149404455062
2024-01-02 05:15:00,946.9345019099105,0.0,946.9345019099105,832.8637818135531,0.0,832.8637818135531,0.0,False,NORMAL,0.9,IDLE,362.0,0.0,0.0,0.0,946.9345019099105
2024-01-02 05:30:00,992.761858200195,0.0,992.761858200195,943.8941386545926,0.0,943.8941386545926,0.0,False,NORMAL,0.9,IDLE,362.0,0.0,0.0,0.0,992.761858200195
2024-01-02 05:45:00,1133.8962764791647,0.0,1133.8962764791647,960.2900093627203,0.0,960.2900093627203,0.0,False,NORMAL,0.9,IDLE,362.0,0.0,0.0,0.0,1133.8962764791647
2024-01-02 06:00:00,1177.5742204344738,3.5039831811225817e-22,1177.5742204344738,1094.4809725378225,1.6080840979387761e-22,1094.4809725378225,0.0,False,NORMAL,0.9,IDLE,362.0,0.0,0.0,0.0,1177.5742204344738
2024-01-02 06:15:00,1268.0190631266807,5.594131465786239,1262.4249316608946,1171.448536894409,5.172350847743392,1166.2761860466655,0.0,False,NORMAL,0.9,IDLE,362.0,0.0,0.0,0.0,1262.4249316608946
2024-01-02 06:30:00,1471.2574825533034,31.473527993500863,1439.7839545598024,1253.5974084115958,16.2068493192733,1237.3905590923225,0.0,False,NORMAL,0.9,IDLE,362.0,0.0,0.0,0.0,1439.7839545598024
2024-01-02 06:45:00,1562.143679311529,62.0538306742571,1500.0898486372719,1414.2136349833502,37.03543517684809,1377.178199806502,0.0,False,NORMAL,0.9,IDLE,362.0,0.0,0.0,0.0,1500.0898486372719
2024-01-02 07:00:00,1654.8129842414264,91.65368431586239,1563.159299925564,1519.812625075878,64.51163308715206,1455.3009919887259,0.0,False,NORMAL,0.9,IDLE,362.0,0.0,0.0,0.0,1563.159299925564
2024-01-02 07:15:00,1769.6271163295573,122.84820863288923,1646.778907696668,1633.2820759747217,95.04384837208691,1538.2382276026349,0.0,False,NORMAL,0.9,IDLE,362.0,0.0,0.0,0.0,1646.778907696668
2024-01-02 07:30:00,1855.8304705669566,161.82038057074405,1694.0100899962126,1696.2609888903585,126.38630050672381,1569.8746883836347,0.0,False,NORMAL,0.9,IDLE,362.0,0.0,0.0,0.0,1694.0100899962126
2024-01-02 07:45:00,1952.549767473288,201.03730915275125,1751.5124583205368,1801.0997236950072,166.60985642692657,1634.4898672680806,0.0,False,WATCH,0.9,IDLE,362.0,0.0,0.0,0.0,1751.5124583205368
2024-01-02 08:00:00,2055.5236299608746,98.1705271281096,1957.353102832765,1891.9367842745996,202.89938171348425,1689.0374025611154,0.0,False,WATCH,0.9,IDLE,362.0,0.0,0.0,0.0,1957.353102832765
2024-01-02 08:15:00,2100.8508936827816,300.7263341726778,1800.1245595101038,2003.609386995845,199.9964110605775,1803.6129759352675,0.0,False,WATCH,0.9,IDLE,362.0,0.0,0.0,0.0,1800.1245595101038
2024-01-02 08:30:00,2269.3356163176545,331.29532275683283,1938.0402935608217,2059.6523469025155,276.7565982091334,1782.895748693382,0.0,False,WATCH,0.9,IDLE,362.0,0.0,0.0,0.0,1938.0402935608217
2024-01-02 08:45:00,2285.601461630563,352.53403715687347,1933.0674244736895,2162.177451496264,317.39317067084113,1844.784280825423,0.0,False,WATCH,0.9,IDLE,362.0,0.0,0.0,0.0,1933.0674244736895
2024-01-02 09:00:00,1822.5336551732778,418.3870126664352,1404.1466425068425,2009.0140346622238,361.41907743246895,1647.594957229755,0.0,False,NORMAL,0.9,IDLE,362.0,0.0,0.0,0.0,1404.1466425068425
2024-01-02 09:15:00,1877.083742700305,460.2231459551913,1416.8605967451138,1885.8341351990987,353.35585660752486,1532.4782785915738,0.0,False,NORMAL,0.9,IDLE,362.0,0.0,0.0,0.0,1416.8605967451138
2024-01-02 09:30:00,1855.5230616438575,499.0853111998208,1356.4377504440367,1903.5464963216705,453.50655494390395,1450.0399413777666,0.0,False,NORMAL,0.9,IDLE,362.0,0.0,0.0,0.0,1356.4377504440367
2024-01-02 09:45:00,1897.4218000169533,530.4304699205228,1366.9913300964304,1856.635639183962,480.8509120725401,1375.784727111422,0.0,False,NORMAL,0.9,IDLE,362.0,0.0,0.0,0.0,1366.9913300964304
2024-01-02 10:00:00,1904.2500719378834,580.1436126600116,1324.1064592778716,1823.3995781259957,529.209954646159,1294.1896234798369,0.0,False,NORMAL,0.9,IDLE,362.0,0.0,0.0,0.0,1324.1064592778716
2024-01-02 10:15:00,1845.0081898681233,610.6467898459856,1234.3614000221378,1828.9643580332038,563.8884906153984,1265.0758674178055,0.0,False,NORMAL,0.9,IDLE,362.0,0.0,0.0,0.0,1234.3614000221378
2024-01-02 10:30:00,1893.2127219463177,638.9542179485037,1254.258503997814,1816.496995004707,524.6025829482112,1291.8944120564959,0.0,False,NORMAL,0.9,IDLE,362.0,0.0,0.0,0.0,1254.258503997814
2024-01-02 10:45:00,1847.2939263167796,674.3045284332674,1172.989397883512,1811.0028599076488,627.2827860821681,1183.7200738254808,0.0,False,NORMAL,0.9,IDLE,362.0,0.0,0.0,0.0,1172.989397883512
2024-01-02 11:00:00,1916.1926232127703,472.85978537320045,1443.33283783957,1833.9237908419077,651.6534000597965,1182.2703907821112,0.0,False,NORMAL,0.9,IDLE,362.0,0.0,0.0,0.0,1443.33283783957
2024-01-02 11:15:00,1927.3455103841902,697.8530930935849,1229.4924172906053,1864.9035863574452,425.43113173185156,1439.4724546255936,0.0,False,NORMAL,0.9,IDLE,362.0,0.0,0.0,0.0,1229.4924172906053
2024-01-02 11:30:00,1876.3278759846016,753.2200705102812,1123.1078054743205,1844.7801970510022,673.5449969870637,1171.2352000639385,0.0,False,NORMAL,0.9,IDLE,362.0,0.0,0.0,0.0,1123.1078054743205
2024-01-02 11:45:00,1862.7382975982541,746.4747340513983,1116.263563546856,1869.7458575003118,489.6475531457475,1380.0983043545643,0.0,False,NORMAL,0.9,IDLE,362.0,0.0,0.0,0.0,1116.263563546856
2024-01-02 12:00:00,1773.5725921689468,759.1033962821908,1014.469195886756,1768.094329381913,700.637230123867,1067.4570992580461,0.0,False,NORMAL,0.9,IDLE,362.0,0.0,0.0,0.0,1014.469195886756
2024-01-02 12:15:00,1786.1274825086077,770.2521730185075,1015.8753094901002,1803.9668484001816,732.2398434900974,1071.7270049100841,0.0,False,NORMAL,0.9,IDLE,362.0,0.0,0.0,0.0,1015.8753094901002
2024-01-02 12:30:00,1823.845686668505,752.4145882955968,1071.4310983729083,1771.4236306441392,750.008065180955,1021.4155654631842,0.0,False,NORMAL,0.9,IDLE,362.0,0.0,0.0,0.0,1071.4310983729083
2024-01-02 12:45:00,1809.332266305907,754.6025640307611,1054.7297022751459,1777.7692576312347,732.9624441210952,1044.8068135101394,0.0,False,NORMAL,0.9,IDLE,362.0,0.0,0.0,0.0,1054.7297022751459
2024-01-02 13:00:00,1875.8547306925982,689.0048856024982,1186.8498450901,1771.395633536354,725.461987046895,1045.9336464894589,0.0,False,NORMAL,0.9,IDLE,362.0,0.0,0.0,0.0,1186.8498450901
2024-01-02 13:15:00,1849.078364749149,712.5283580735869,1136.5500066755621,1751.9492516441255,702.6771001050188,1049.2721515391067,0.0,False,NORMAL,0.9,IDLE,362.0,0.0,0.0,0.0,1136.5500066755621
2024-01-02 13:30:00,1833.4381542025394,685.278865625061,1148.1592885774785,1785.1219016298617,705.1847252946992,1079.9371763351623,0.0,False,NORMAL,0.9,IDLE,362.0,0.0,0.0,0.0,1148.1592885774785
2024-01-02 13:45:00,1865.1539753646218,699.5823296777036,1165.5716456869181,1786.3230482062766,675.8940280802292,1110.4290201260474,0.0,False,NORMAL,0.9,IDLE,362.0,0.0,0.0,0.0,1165.5716456869181
2024-01-02 14:00:00,1881.110653255348,657.225482162932,1223.885171092416,1847.012300096783,658.9329733102778,1188.0793267865051,0.0,False,NORMAL,0.9,IDLE,362.0,0.0,0.0,0.0,1223.885171092416
2024-01-02 14:15:00,1998.0809617919203,597.911014849574,1400.1699469423463,1814.416716874486,634.3966363050151,1180.0200805694708,0.0,False,NORMAL,0.9,IDLE,362.0,0.0,0.0,0.0,1400.1699469423463
2024-01-02 14:30:00,1906.8900985677933,582.8299369857118,1324.0601615820815,1873.5587427848243,602.44327767903,1271.1154651057943,0.0,False,NORMAL,0.9,IDLE,362.0,0.0,0.0,0.0,1324.0601615820815
2024-01-02 14:45:00,1868.7781679003704,543.3262522967641,1325.4519156036063,1849.8970392612725,571.2809143050251,1278.6161249562474,0.0,False,NORMAL,0.9,IDLE,362.0,0.0,0.0,0.0,1325.4519156036063
2024-01-02 15:00:00,1857.969564747909,509.3245373175377,1348.6450274303713,1879.8798882171616,530.1481194948709,1349.7317687222908,0.0,False,NORMAL,0.9,IDLE,362.0,0.0,0.0,0.0,1348.6450274303713
2024-01-02 15:15:00,1889.1874149804103,448.2567484541187,1440.9306665262916,1845.1671558031182,494.5886840954613,1350.578471707657,0.0,False,NORMAL,0.9,IDLE,362.0,0.0,0.0,0.0,1440.9306665262916
2024-01-02 15:30:00,1871.632397745183,425.319662557859,1446.312735187324,1823.1281677354089,315.06484093279414,1508.0633268026147,0.0,False,NORMAL,0.9,IDLE,362.0,0.0,0.0,0.0,1446.312735187324
2024-01-02 15:45:00,1929.222745845779,375.4955961166446,1553.7271497291345,1845.5426384861128,398.8822941458515,1446.6603443402612,0.0,False,NORMAL,0.9,IDLE,362.0,0.0,0.0,0.0,1553.7271497291345
2024-01-02 16:00:00,1927.0706503789709,200.13093735729106,1726.9397130216798,1846.94399493233,363.79899604006977,1483.1449988922602,0.0,False,NORMAL,0.9,IDLE,362.0,0.0,0.0,0.0,1726.9397130216798
2024-01-02 16:15:00,1991.6619324464255,285.06224001256186,1706.5996924338635,1907.97541386424,280.37511155863183,1627.6003023056082,0.0,False,WATCH,0.9,IDLE,362.0,0.0,0.0,0.0,1706.5996924338635
2024-01-02 16:30:00,2032.6675551999037,244.05751195943282,1788.610043240471,1941.6875733366016,208.66282402290773,1733.024749313694,0.0,False,WATCH,0.9,IDLE,362.0,0.0,0.0,0.0,1788.610043240471
2024-01-02 16:45:00,2107.5664120786723,213.67439115050604,1893.8920209281664,2021.867565900495,203.49238860372847,1818.3751772967667,0.0,False,WARNING,0.9,IDLE,362.0,0.0,0.0,0.0,1893.8920209281664
2024-01-02 17:00:00,2220.7955459098303,160.700041745753,2060.0955041640773,2081.8414698164597,183.414310411656,1898.4271594048037,0.0,False,WARNING,0.9,IDLE,362.0,0.0,0.0,0.0,2060.0955041640773
2024-01-02 17:15:00,2360.9030822788445,123.87651613825558,2237.026566140589,2131.570549179884,155.94516158295625,1975.6253875969278,0.0,False,WARNING,0.9,IDLE,362.0,0.0,0.0,0.0,2237.026566140589
2024-01-02 17:30:00,2373.588840947571,46.8706663539794,2326.718174593592,2249.9368953340418,119.37464918571379,2130.562246148328,0.0,False,WARNING,0.885937802845478,DISCHARGING,362.0,0.0,26.71817459359181,0.0,2300.0
2024-01-02 17:45:00,2388.3344800447258,58.86529520850934,2329.4691848362163,2284.73392575677,72.00424897063834,2212.7296767861317,0.0,False,CRITICAL,0.8844899027177808,DISCHARGING,317.0,0.0,29.4691848362163,0.0,2300.0
2024-01-02 18:00:00,2431.6440705980353,32.08910764061185,2399.5549629574234,2328.085522300541,56.04586868461317,2272.039653615928,0.0,False,CRITICAL,0.8571344381990689,DISCHARGING,177.0,0.0,99.55496295742341,0.0,2300.0
2024-01-02 18:15:00,2504.853155325229,11.726083594506674,2493.1270717307225,2357.8005951121518,26.875769461915553,2330.924825650236,30.924825650236016,False,CRITICAL,0.844880620518601,DISCHARGING,177.0,0.0,193.1270717307225,0.0,2300.0
2024-01-02 18:30:00,2471.124661656811,3.3989951507288642e-22,2471.124661656811,2386.6336192894305,8.999527076245453,2377.634092213185,77.63409221318489,False,CRITICAL,0.838121233018389,DISCHARGING,177.0,0.0,171.12466165681099,0.0,2300.0
2024-01-02 18:45:00,2538.860346748479,0.0,2538.860346748479,2417.6775377600557,3.2148474248730037,2414.4626903351827,114.46269033518274,False,CRITICAL,0.838121233018389,RESERVED,0.0,0.0,291.1592434695576,0.0,2247.7011032789214
2024-01-02 19:00:00,2463.1992895587455,0.0,2463.1992895587455,2407.933745948076,0.0,2407.933745948076,107.9337459480762,False,CRITICAL,0.838121233018389,RESERVED,12.0,0.0,350.0,0.0,2113.1992895587455
2024-01-02 19:15:00,2440.8824074960294,0.0,2440.8824074960294,2372.6253265487917,0.0,2372.6253265487917,72.62532654879169,False,CRITICAL,0.838121233018389,RESERVED,0.0,0.0,362.0,0.0,2078.8824074960294
2024-01-02 19:30:00,2472.5974297810435,0.0,2472.5974297810435,2358.87331778369,0.0,2358.87331778369,58.8733177836898,False,CRITICAL,0.838121233018389,RESERVED,12.0,0.0,323.2818254064082,0.0,2149.3156043746353
2024-01-02 19:45:00,2479.1111386995703,0.0,2479.1111386995703,2371.761077011083,0.0,2371.761077011083,71.76107701108322,False,CRITICAL,0.838121233018389,RESERVED,0.0,0.0,341.1385942217212,0.0,2137.972544477849
2024-01-02 20:00:00,2426.416439225046,0.0,2426.416439225046,2383.266711186933,0.0,2383.266711186933,83.26671118693321,False,CRITICAL,0.838121233018389,RESERVED,12.0,0.0,227.73476223403713,0.0,2198.6816769910088
2024-01-02 20:15:00,2388.9324346074113,0.0,2388.9324346074113,2325.5325274576307,0.0,2325.5325274576307,25.53252745763075,False,CRITICAL,0.838121233018389,RESERVED,117.0,0.0,183.40522268283803,0.0,2205.5272119245733
2024-01-02 20:30:00,2300.2007145122866,0.0,2300.2007145122866,2286.9888771681062,0.0,2286.9888771681062,0.0,False,WARNING,0.838121233018389,IDLE,177.0,0.0,129.66064442284278,0.0,2170.540070089444
2024-01-02 20:45:00,2252.6877605307614,0.0,2252.6877605307614,2243.2047703175886,0.0,2243.2047703175886,0.0,False,WARNING,0.838121233018389,IDLE,222.0,0.0,111.37881901643459,0.0,2141.3089415143268
2024-01-02 21:00:00,2233.655519053687,0.0,2233.655519053687,2150.9646932240967,0.0,2150.9646932240967,0.0,False,WARNING,0.838121233018389,IDLE,222.0,0.0,111.37881901643459,0.0,2122.2767000372523
2024-01-02 21:15:00,2174.109485278507,0.0,2174.109485278507,2123.4503354223357,0.0,2123.4503354223357,0.0,False,WARNING,0.838121233018389,IDLE,222.0,0.0,111.37881901643459,0.0,2062.730666262072
2024-01-02 21:30:00,2021.0168839095281,0.0,2021.0168839095281,2045.2760837731378,0.0,2045.2760837731378,0.0,False,WARNING,0.838121233018389,IDLE,222.0,0.0,111.37881901643459,0.0,1909.6380648930935
2024-01-02 21:45:00,1991.5744613875281,0.0,1991.5744613875281,1951.302189520572,0.0,1951.302189520572,0.0,False,WATCH,0.838121233018389,IDLE,222.0,0.0,108.79923864456396,0.0,1882.7752227429642
2024-01-02 22:00:00,1715.4255934998735,0.0,1715.4255934998735,1822.6795042589356,0.0,1822.6795042589356,0.0,False,WATCH,0.838121233018389,IDLE,222.0,0.0,25.53252745763075,0.0,1689.8930660422427
2024-01-02 22:15:00,1601.1819564328573,0.0,1601.1819564328573,1656.9174312142404,0.0,1656.9174312142404,0.0,False,NORMAL,0.838121233018389,IDLE,362.0,0.0,0.0,0.0,1601.1819564328573
2024-01-02 22:30:00,1432.862632595873,0.0,1432.862632595873,1513.2636044885578,0.0,1513.2636044885578,0.0,False,NORMAL,0.838121233018389,IDLE,362.0,0.0,0.0,0.0,1432.862632595873
2024-01-02 22:45:00,1246.649983499155,0.0,1246.649983499155,1343.852209237878,0.0,1343.852209237878,0.0,False,NORMAL,0.838121233018389,IDLE,362.0,0.0,0.0,0.0,1246.649983499155
2024-01-02 23:00:00,1064.3173050342973,0.0,1064.3173050342973,1214.4477588104967,0.0,1214.4477588104967,0.0,False,NORMAL,0.838121233018389,IDLE,362.0,0.0,0.0,0.0,1124.3173050342973
2024-01-02 23:15:00,1072.9787281090892,0.0,1072.9787281090892,1097.9044808516155,0.0,1097.9044808516155,0.0,False,NORMAL,0.838121233018389,IDLE,362.0,0.0,0.0,0.0,1132.9787281090892
2024-01-02 23:30:00,995.865896310806,0.0,995.865896310806,1019.5869993403055,0.0,1019.5869993403055,0.0,False,NORMAL,0.838121233018389,IDLE,362.0,0.0,0.0,0.0,1055.865896310806
2024-01-02 23:45:00,953.6053776336697,0.0,953.6053776336697,944.3095939641173,0.0,944.3095939641173,0.0,False,NORMAL,0.838121233018389,IDLE,362.0,0.0,0.0,0.0,1013.6053776336697
2024-01-03 00:00:00,782.8191122324896,0.0,782.8191122324896,914.8053297728356,0.0,914.8053297728356,0.0,False,NORMAL,0.9,CHARGING,362.0,0.0,0.0,0.0,973.0902006148285
2024-01-03 00:15:00,812.8077237500038,0.0,812.8077237500038,817.8129847180339,0.0,817.8129847180339,0.0,False,NORMAL,0.9,IDLE,362.0,0.0,0.0,0.0,872.8077237500038
2024-01-03 00:30:00,855.7292688135801,0.0,855.7292688135801,829.4507629323823,0.0,829.4507629323823,0.0,False,NORMAL,0.9,IDLE,362.0,0.0,0.0,0.0,915.7292688135801
2024-01-03 00:45:00,762.887466727354,0.0,762.887466727354,858.3123250154575,0.0,858.3123250154575,0.0,False,NORMAL,0.9,IDLE,362.0,0.0,0.0,0.0,822.887466727354
2024-01-03 01:00:00,860.021798360292,0.0,860.021798360292,778.4761693772358,0.0,778.4761693772358,0.0,False,NORMAL,0.9,IDLE,362.0,0.0,0.0,0.0,920.021798360292
2024-01-03 01:15:00,762.9338546298441,0.0,762.9338546298441,800.2801181041713,0.0,800.2801181041713,0.0,False,NORMAL,0.9,IDLE,362.0,0.0,0.0,0.0,822.9338546298441
2024-01-03 01:30:00,787.6121327414344,0.0,787.6121327414344,796.3108398137975,0.0,796.3108398137975,0.0,False,NORMAL,0.9,IDLE,362.0,0.0,0.0,0.0,847.6121327414344
2024-01-03 01:45:00,833.4002806004128,0.0,833.4002806004128,786.6574874207282,0.0,786.6574874207282,0.0,False,NORMAL,0.9,IDLE,362.0,0.0,0.0,0.0,893.4002806004128
2024-01-03 02:00:00,776.3325992026167,0.0,776.3325992026167,793.9324024277539,0.0,793.9324024277539,0.0,False,NORMAL,0.9,IDLE,362.0,0.0,0.0,0.0,836.3325992026167
2024-01-03 02:15:00,770.7826472886381,0.0,770.7826472886381,810.6504731112971,0.0,810.6504731112971,0.0,False,NORMAL,0.9,IDLE,362.0,0.0,0.0,0.0,830.7826472886381
2024-01-03 02:30:00,784.5973871628055,0.0,784.5973871628055,766.9925766426546,0.0,766.9925766426546,0.0,False,NORMAL,0.9,IDLE,362.0,0.0,0.0,0.0,844.5973871628055
2024-01-03 02:45:00,792.58485858814,0.0,792.58485858814,794.4323513952553,0.0,794.4323513952553,0.0,False,NORMAL,0.9,IDLE,362.0,0.0,0.0,0.0,852.58485858814
2024-01-03 03:00:00,764.0692396283875,0.0,764.0692396283875,782.3570500382001,0.0,782.3570500382001,0.0,False,NORMAL,0.9,IDLE,362.0,0.0,0.0,0.0,824.0692396283875
2024-01-03 03:15:00,804.3704003034047,0.0,804.3704003034047,827.2029247450822,0.0,827.2029247450822,0.0,False,NORMAL,0.9,IDLE,362.0,0.0,0.0,0.0,864.3704003034047
2024-01-03 03:30:00,786.8097662174869,0.0,786.8097662174869,776.5042933725244,0.0,776.5042933725244,0.0,False,NORMAL,0.9,IDLE,362.0,0.0,0.0,0.0,846.8097662174869
2024-01-03 03:45:00,765.8541103729931,0.0,765.8541103729931,781.8074196982037,0.0,781.8074196982037,0.0,False,NORMAL,0.9,IDLE,362.0,0.0,0.0,0.0,825.8541103729931
2024-01-03 04:00:00,881.1509541282926,0.0,881.1509541282926,803.6804884172103,0.0,803.6804884172103,0.0,False,NORMAL,0.9,IDLE,362.0,0.0,0.0,0.0,941.1509541282926
2024-01-03 04:15:00,823.7570375474215,0.0,823.7570375474215,818.8327390128273,0.0,818.8327390128273,0.0,False,NORMAL,0.9,IDLE,362.0,0.0,0.0,0.0,883.7570375474215
2024-01-03 04:30:00,739.8416763730131,0.0,739.8416763730131,828.4971729462548,0.0,828.4971729462548,0.0,False,NORMAL,0.9,IDLE,362.0,0.0,0.0,0.0,799.8416763730131
2024-01-03 04:45:00,783.5306371925113,0.0,783.5306371925113,801.5884069574885,0.0,801.5884069574885,0.0,False,NORMAL,0.9,IDLE,362.0,0.0,0.0,0.0,843.5306371925113
2024-01-03 05:00:00,794.4198337877581,0.0,794.4198337877581,779.3963266889449,0.0,779.3963266889449,0.0,False,NORMAL,0.9,IDLE,362.0,0.0,0.0,0.0,854.4198337877581
2024-01-03 05:15:00,933.3138294706893,0.0,933.3138294706893,862.3337355610107,0.0,862.3337355610107,0.0,False,NORMAL,0.9,IDLE,362.0,0.0,0.0,0.0,993.3138294706893
2024-01-03 05:30:00,948.4590222166173,0.0,948.4590222166173,924.5397327042233,0.0,924.5397327042233,0.0,False,NORMAL,0.9,IDLE,362.0,0.0,0.0,0.0,948.4590222166173
2024-01-03 05:45:00,1069.5350413820427,0.0,1069.5350413820427,1011.7187998186557,0.0,1011.7187998186557,0.0,False,NORMAL,0.9,IDLE,362.0,0.0,0.0,0.0,1069.5350413820427
2024-01-03 06:00:00,1197.579701032705,3.616363013305053e-22,1197.579701032705,1080.2952238985993,1.635192151190538e-22,1080.2952238985993,0.0,False,NORMAL,0.9,IDLE,362.0,0.0,0.0,0.0,1197.579701032705
2024-01-03 06:15:00,1312.181798123032,12.319740711964041,1299.862057411068,1186.3443690946287,2.6105946840335785,1183.733774410595,0.0,False,NORMAL,0.9,IDLE,362.0,0.0,0.0,0.0,1299.862057411068
2024-01-03 06:30:00,1360.767227230497,33.77487704116544,1326.9923501893315,1340.6446514227648,18.486233116489316,1322.1584183062755,0.0,False,NORMAL,0.9,IDLE,362.0,0.0,0.0,0.0,1326.9923501893315
2024-01-03 06:45:00,1520.2666156508412,63.64435890133375,1456.6222567495074,1427.2567245231191,40.39901979500966,1386.8577047281094,0.0,False,NORMAL,0.9,IDLE,362.0,0.0,0.0,0.0,1456.6222567495074
2024-01-03 07:00:00,1581.110641119721,94.37401482959892,1486.736626290122,1543.6784971591671,66.23661482140783,1477.4418823377594,0.0,False,NORMAL,0.9,IDLE,362.0,0.0,0.0,0.0,1486.736626290122
2024-01-03 07:15:00,1698.1801214747825,134.28772258118596,1563.8923988935965,1639.4368929793043,95.57273332234658,1543.8641596569578,0.0,False,WATCH,0.9,IDLE,362.0,0.0,0.0,0.0,1563.8923988935965
2024-01-03 07:30:00,1877.9357748468685,178.3882555240151,1699.5475193228535,1737.793655163977,132.90432962655441,1604.8893255374226,0.0,False,WATCH,0.9,IDLE,362.0,0.0,0.0,0.0,1699.5475193228535
2024-01-03 07:45:00,1901.682918858672,216.66553048024673,1685.0173883784255,1863.4448275512134,173.1792977505318,1690.2655298006816,0.0,False,WATCH,0.9,IDLE,362.0,0.0,0.0,0.0,1685.0173883784255
2024-01-03 08:00:00,1950.7270810736704,80.00128840897696,1870.7257926646935,1945.425979557462,146.53895063576059,1798.8870289217014,0.0,False,WATCH,0.9,IDLE,362.0,0.0,0.0,0.0,1870.7257926646935
2024-01-03 08:15:00,2105.4517853128255,308.23491316009176,1797.2168721527337,2005.5499566949645,208.80981873767243,1796.740137957292,0.0,False,WATCH,0.9,IDLE,362.0,0.0,0.0,0.0,1797.2168721527337
2024-01-03 08:30:00,2198.853449166709,279.6853918210827,1919.1680573456265,2151.7138886371986,288.3871331192911,1863.3267555179075,0.0,False,WATCH,0.9,IDLE,362.0,0.0,0.0,0.0,1919.1680573456265
2024-01-03 08:45:00,2291.472266845317,384.3059110962788,1907.166355749038,2203.075645633158,299.56958184961775,1903.50606378354,0.0,False,WATCH,0.9,IDLE,362.0,0.0,0.0,0.0,1907.166355749038
2024-01-03 09:00:00,1787.5958731095213,445.8539545302788,1341.7419185792426,2038.7779149596097,367.04237757746176,1671.7355373821479,0.0,False,NORMAL,0.9,IDLE,362.0,0.0,0.0,0.0,1341.7419185792426
2024-01-03 09:15:00,1814.6037967819802,396.4324786310226,1418.1713181509576,1934.3414295424461,429.9040957011834,1504.4373338412627,0.0,False,NORMAL,0.9,IDLE,362.0,0.0,0.0,0.0,1418.1713181509576
2024-01-03 09:30:00,1905.8362106479549,537.3848713951114,1368.4513392528434,1901.6253374972014,443.16722453701806,1458.4581129601834,0.0,False,NORMAL,0.9,IDLE,362.0,0.0,0.0,0.0,1368.4513392528434
2024-01-03 09:45:00,1797.7641071821906,569.3680107427468,1228.3960964394437,1916.6935933809657,510.02727840252885,1406.6663149784367,0.0,False,NORMAL,0.9,IDLE,362.0,0.0,0.0,0.0,1228.3960964394437
2024-01-03 10:00:00,1851.7729774344107,617.6288411094205,1234.14413632499,1853.195446303634,559.2613990564957,1293.9340472471383,0.0,False,NORMAL,0.9,IDLE,362.0,0.0,0.0,0.0,1234.14413632499
2024-01-03 10:15:00,1862.95753765912,649.4486317665046,1213.5089058926153,1839.181204898924,592.9636351719358,1246.2175697269881,0.0,False,NORMAL,0.9,IDLE,362.0,0.0,0.0,0.0,1213.5089058926153
2024-01-03 10:30:00,1815.3734616567465,687.4836011729474,1127.889860483799,1865.8876160627224,635.1316386457202,1230.7559774170022,0.0,False,NORMAL,0.9,IDLE,362.0,0.0,0.0,0.0,1127.889860483799
2024-01-03 10:45:00,1806.4236276148285,657.7617878028782,1148.6618398119504,1823.8983948105044,670.0790328213326,1153.8193619891717,0.0,False,NORMAL,0.9,IDLE,362.0,0.0,0.0,0.0,1148.6618398119504
2024-01-03 11:00:00,1747.5829975501758,448.73871403199433,1298.8442835181816,1867.3559439153166,575.2115250541967,1292.14441886112,0.0,False,NORMAL,0.9,IDLE,362.0,0.0,0.0,0.0,1298.8442835181816
2024-01-03 11:15:00,1788.6207722350464,767.0231220884934,1021.597650146553,1849.9637864152683,620.3395700329565,1229.6242163823117,0.0,False,NORMAL,0.9,IDLE,362.0,0.0,0.0,0.0,1021.597650146553
2024-01-03 11:30:00,1826.931601247696,726.0957291100327,1100.8358721376635,1826.9135155342337,724.0655490145239,1102.8479665197099,0.0,False,NORMAL,0.9,IDLE,362.0,0.0,0.0,0.0,1100.8358721376635
2024-01-03 11:45:00,1798.788280479813,781.1742639506194,1017.6140165291936,1832.8566297010077,714.1271607579578,1118.72946894305,0.0,False,NORMAL,0.9,IDLE,362.0,0.0,0.0,0.0,1017.6140165291936
2024-01-03 12:00:00,1847.2553659122723,770.5606841780397,1076.6946817342327,1782.9272193103338,741.491059057938,1041.436160252396,0.0,False,NORMAL,0.9,IDLE,362.0,0.0,0.0,0.0,1076.6946817342327
2024-01-03 12:15:00,1723.84831992085,757.753052793856,966.0952671269939,1807.717679049036,770.3287688317987,1037.3889102172373,0.0,False,NORMAL,0.9,IDLE,362.0,0.0,0.0,0.0,966.0952671269939
2024-01-03 12:30:00,1759.9129019566394,786.9548908195252,972.9580111371142,1793.3448198494611,757.3994655566181,1035.9453542928431,0.0,False,NORMAL,0.9,IDLE,362.0,0.0,0.0,0.0,972.9580111371142
2024-01-03 12:45:00,1780.7658399727407,776.5313102422382,1004.2345297305025,1789.3252755484277,770.8055765988464,1018.5196989495813,0.0,False,NORMAL,0.9,IDLE,362.0,0.0,0.0,0.0,1004.2345297305025
2024-01-03 13:00:00,1836.8011274479707,808.5791745198882,1028.2219529280824,1825.0301490252002,742.6866850710079,1082.3434639541924,0.0,False,NORMAL,0.9,IDLE,362.0,0.0,0.0,0.0,1028.2219529280824
2024-01-03 13:15:00,1737.8551414090493,730.6212956119994,1007.23384579705,1823.2453203610369,756.0861723470621,1067.1591480139748,0.0,False,NORMAL,0.9,IDLE,362.0,0.0,0.0,0.0,1007.23384579705
2024-01-03 13:30:00,1798.198114595614,755.7588129856115,1042.4393016100025,1793.8931729792287,724.5914248427817,1069.3017481364468,0.0,False,NORMAL,0.9,IDLE,362.0,0.0,0.0,0.0,1042.4393016100025
2024-01-03 13:45:00,1780.8762040734514,707.6852968791701,1073.1909071942814,1826.1650758942892,732.9456796192369,1093.2193962750523,0.0,False,NORMAL,0.9,IDLE,362.0,0.0,0.0,0.0,1073.1909071942814
2024-01-03 14:00:00,1799.993167734893,259.26809112535136,1540.7250766095417,1828.511615581723,696.8907813691197,1131.6208342126033,0.0,False,NORMAL,0.9,IDLE,362.0,0.0,0.0,0.0,1540.7250766095417
2024-01-03 14:15:00,1852.9592419490195,656.1140389915814,1196.8452029574382,1887.4169225629764,522.8610924966699,1364.5558300663065,0.0,False,NORMAL,0.9,IDLE,362.0,0.0,0.0,0.0,1196.8452029574382
2024-01-03 14:30:00,1856.6166065960604,616.2835427048399,1240.3330638912205,1865.468946917332,598.1746104277595,1267.2943364895725,0.0,False,NORMAL,0.9,IDLE,362.0,0.0,0.0,0.0,1240.3330638912205
2024-01-03 14:45:00,1824.9714667902513,568.9943979301739,1255.9770688600775,1852.85317053442,559.4153462327682,1293.4378243016517,0.0,False,NORMAL,0.9,IDLE,362.0,0.0,0.0,0.0,1255.9770688600775
2024-01-03 15:00:00,1885.3679600173193,532.5135609037783,1352.8543991135411,1842.9627223131504,520.5490501488051,1322.4136721643454,0.0,False,NORMAL,0.9,IDLE,362.0,0.0,0.0,0.0,1352.8543991135411
2024-01-03 15:15:00,1857.2584088626747,477.44076376737354,1379.8176450953013,1880.7084790722497,508.56196313583666,1372.146515936413,0.0,False,NORMAL,0.9,IDLE,362.0,0.0,0.0,0.0,1379.8176450953013
2024-01-03 15:30:00,1862.8452485484854,431.4348563485831,1431.4103921999024,1865.0411782658223,469.94873282553345,1395.0924454402889,0.0,False,NORMAL,0.9,IDLE,362.0,0.0,0.0,0.0,1431.4103921999024
2024-01-03 15:45:00,1896.9757590140673,406.56594496336686,1490.4098140507003,1894.1258142344973,422.14395335671185,1471.9818608777855,0.0,False,NORMAL,0.9,IDLE,362.0,0.0,0.0,0.0,1490.4098140507003
2024-01-03 16:00:00,1924.1437106632072,349.62726398274737,1574.51644668046,1906.3233014651917,332.38633327061814,1573.9369681945736,0.0,False,NORMAL,0.9,IDLE,362.0,0.0,0.0,0.0,1574.51644668046
2024-01-03 16:15:00,1891.262910386451,305.6305591267953,1585.6323512596557,1944.4858495828644,334.04806451569675,1610.4377850671676,0.0,False,WATCH,0.9,IDLE,362.0,0.0,0.0,0.0,1585.6323512596557
2024-01-03 16:30:00,2085.2468322683294,263.37397802182494,1821.8728542465044,1958.9659011496894,291.69151151876764,1667.2743896309219,0.0,False,WATCH,0.9,IDLE,362.0,0.0,0.0,0.0,1821.8728542465044
2024-01-03 16:45:00,2024.7053209006237,218.73803032538711,1805.9672905752366,2056.8896772550033,255.18214648478698,1801.7075307702164,0.0,False,WARNING,0.9,IDLE,362.0,0.0,0.0,0.0,1805.9672905752366
2024-01-03 17:00:00,2190.5888240904965,166.97960893027786,2023.6092151602186,2105.242317478346,205.6773899033653,1899.5649275749809,0.0,False,WARNING,0.9,IDLE,362.0,0.0,0.0,0.0,2023.6092151602186
2024-01-03 17:15:00,2291.9850424509814,139.35464260215636,2152.630399848825,2230.8561208994142,163.00361514667125,2067.852505752743,0.0,False,WARNING,0.9,IDLE,362.0,0.0,0.0,0.0,2152.630399848825
2024-01-03 17:30:00,2309.01681118723,97.22276436050876,2211.794046826721,2292.8441307558282,108.14575579859819,2184.69837495723,0.0,False,CRITICAL,0.9,RESERVED,362.0,0.0,0.0,0.0,2211.794046826721
2024-01-03 17:45:00,2307.4490577326687,62.97175626060485,2244.477301472064,2321.351812448425,91.03936497252884,2230.312447475896,0.0,False,CRITICAL,0.9,RESERVED,317.0,0.0,16.4473608615599,0.0,2228.029940610504
2024-01-03 18:00:00,2362.041415162152,35.1060201713877,2326.9353949907645,2364.0929894574683,59.28027813748193,2304.812711319986,4.812711319986192,False,CRITICAL,0.9,RESERVED,177.0,0.0,66.96951497860164,0.0,2259.965880012163
2024-01-03 18:15:00,2397.492215565776,12.377042394501059,2385.115173171275,2425.650245348016,33.618194854050266,2392.032050493966,92.03205049396593,False,CRITICAL,0.9,RESERVED,177.0,0.0,185.0,0.0,2200.115173171275
2024-01-03 18:30:00,2384.641423708106,3.8287476185651565e-22,2384.641423708106,2421.8293781060893,13.506950353800642,2408.3224277522886,108.3224277522886,False,CRITICAL,0.9,RESERVED,72.0,0.0,170.5911086488909,0.0,2214.050315059215
2024-01-03 18:45:00,2497.6432544692243,0.0,2497.6432544692243,2458.3635251418236,3.7361174774064563,2454.627407664417,154.6274076644172,False,CRITICAL,0.9,RESERVED,0.0,0.0,320.9252280608184,0.0,2176.718026408406
2024-01-03 19:00:00,2396.0354457511507,0.0,2396.0354457511507,2460.182872522833,0.0,2460.182872522833,160.1828725228329,False,CRITICAL,0.9,RESERVED,12.0,0.0,350.0,0.0,2046.0354457511507
2024-01-03 19:15:00,2374.556694319129,0.0,2374.556694319129,2427.2045010220695,0.0,2427.2045010220695,127.20450102206951,False,CRITICAL,0.9,RESERVED,0.0,0.0,362.0,0.0,2012.5566943191288
2024-01-03 19:30:00,2392.9955385282797,0.0,2392.9955385282797,2434.8350380272445,0.0,2434.8350380272445,134.83503802724454,False,CRITICAL,0.9,RESERVED,12.0,0.0,333.5526391384401,0.0,2059.4428993898396
2024-01-03 19:45:00,2381.464230611046,0.0,2381.464230611046,2442.758878874328,0.0,2442.758878874328,142.75887887432782,False,CRITICAL,0.9,RESERVED,0.0,0.0,311.47784588295826,0.0,2069.9863847280876
2024-01-03 20:00:00,2407.774779413011,0.0,2407.774779413011,2404.52708058092,0.0,2404.52708058092,104.52708058092003,False,CRITICAL,0.9,RESERVED,12.0,0.0,229.93104546815084,0.0,2177.84373394486
2024-01-03 20:15:00,2342.7529958391415,0.0,2342.7529958391415,2393.0464263681974,0.0,2393.0464263681974,93.04642636819744,False,CRITICAL,0.9,RESERVED,117.0,0.0,184.01872836026314,0.0,2158.7342674788783
2024-01-03 20:30:00,2250.7815478265416,0.0,2250.7815478265416,2334.6793506094614,0.0,2334.6793506094614,34.67935060946138,False,CRITICAL,0.9,RESERVED,177.0,0.0,168.5526391384401,0.0,2082.2289086881015
2024-01-03 20:45:00,2203.6534806384216,0.0,2203.6534806384216,2277.1368512877416,0.0,2277.1368512877416,0.0,False,WARNING,0.9,IDLE,72.0,0.0,235.990382789279,0.0,1967.6630978491426
2024-01-03 21:00:00,2148.7451834165136,0.0,2148.7451834165136,2245.3739562013466,0.0,2245.3739562013466,0.0,False,WARNING,0.9,IDLE,72.0,0.0,254.2223725371805,0.0,1894.522810879333
2024-01-03 21:15:00,2101.663980853255,0.0,2101.663980853255,2184.1826093507593,0.0,2184.1826093507593,0.0,False,WARNING,0.9,IDLE,72.0,0.0,254.2223725371805,0.0,1847.4416083160745
2024-01-03 21:30:00,1954.3531452337588,0.0,1954.3531452337588,2081.594402447783,0.0,2081.594402447783,0.0,False,WARNING,0.9,IDLE,117.0,0.0,237.7750116756206,0.0,1716.5781335581382
2024-01-03 21:45:00,1831.1101109911026,0.0,1831.1101109911026,2010.295583071662,0.0,2010.295583071662,0.0,False,WARNING,0.9,IDLE,117.0,0.0,215.80549669701895,0.0,1615.3046142940836
2024-01-03 22:00:00,1680.006475320764,0.0,1680.006475320764,1821.9933841621662,0.0,1821.9933841621662,0.0,False,WATCH,0.9,IDLE,117.0,0.0,111.27841611609892,0.0,1568.728059204665
2024-01-03 22:15:00,1512.3288089395671,0.0,1512.3288089395671,1697.2453544197667,0.0,1697.2453544197667,0.0,False,NORMAL,0.9,IDLE,257.0,0.0,18.23198974790148,0.0,1494.0968191916656
2024-01-03 22:30:00,1396.3571680498837,0.0,1396.3571680498837,1534.1568835675794,0.0,1534.1568835675794,0.0,False,NORMAL,0.9,IDLE,362.0,0.0,0.0,0.0,1396.3571680498837
2024-01-03 22:45:00,1220.6250251945316,0.0,1220.6250251945316,1375.8425650366455,0.0,1375.8425650366455,0.0,False,NORMAL,0.9,IDLE,362.0,0.0,0.0,0.0,1220.6250251945316
2024-01-03 23:00:00,1049.5456676967035,0.0,1049.5456676967035,1201.7131998914244,0.0,1201.7131998914244,0.0,False,NORMAL,0.9,IDLE,362.0,0.0,0.0,0.0,1109.5456676967035
2024-01-03 23:15:00,1045.6433435866145,0.0,1045.6433435866145,1115.9009713180592,0.0,1115.9009713180592,0.0,False,NORMAL,0.9,IDLE,362.0,0.0,0.0,0.0,1105.6433435866145
2024-01-03 23:30:00,1029.5759293542706,0.0,1029.5759293542706,1043.829275665165,0.0,1043.829275665165,0.0,False,NORMAL,0.9,IDLE,362.0,0.0,0.0,0.0,1089.5759293542706
2024-01-03 23:45:00,951.1342856831636,0.0,951.1342856831636,993.008504711656,0.0,993.008504711656,0.0,False,NORMAL,0.9,IDLE,362.0,0.0,0.0,0.0,1011.1342856831636
2024-01-04 00:00:00,825.4149331451665,0.0,825.4149331451665,876.9789069642505,0.0,876.9789069642505,0.0,False,NORMAL,0.9,IDLE,362.0,0.0,0.0,0.0,885.4149331451665
2024-01-04 00:15:00,756.6246570391397,0.0,756.6246570391397,848.2011184649431,0.0,848.2011184649431,0.0,False,NORMAL,0.9,IDLE,362.0,0.0,0.0,0.0,816.6246570391397
2024-01-04 00:30:00,807.3752759604295,0.0,807.3752759604295,831.5677611807084,0.0,831.5677611807084,0.0,False,NORMAL,0.9,IDLE,362.0,0.0,0.0,0.0,867.3752759604295
2024-01-04 00:45:00,744.6298037894147,0.0,744.6298037894147,785.5370585863235,0.0,785.5370585863235,0.0,False,NORMAL,0.9,IDLE,362.0,0.0,0.0,0.0,804.6298037894147
2024-01-04 01:00:00,781.0463066184525,0.0,781.0463066184525,803.8169592228496,0.0,803.8169592228496,0.0,False,NORMAL,0.9,IDLE,362.0,0.0,0.0,0.0,841.0463066184525
2024-01-04 01:15:00,800.7746408566218,0.0,800.7746408566218,763.1031378440334,0.0,763.1031378440334,0.0,False,NORMAL,0.9,IDLE,362.0,0.0,0.0,0.0,860.7746408566218
2024-01-04 01:30:00,806.8321347723748,0.0,806.8321347723748,783.1393935069624,0.0,783.1393935069624,0.0,False,NORMAL,0.9,IDLE,362.0,0.0,0.0,0.0,866.8321347723748
2024-01-04 01:45:00,815.1896982508284,0.0,815.1896982508284,807.7859112983032,0.0,807.7859112983032,0.0,False,NORMAL,0.9,IDLE,362.0,0.0,0.0,0.0,875.1896982508284
2024-01-04 02:00:00,774.4409373779506,0.0,774.4409373779506,792.0577534472183,0.0,792.0577534472183,0.0,False,NORMAL,0.9,IDLE,362.0,0.0,0.0,0.0,834.4409373779506
2024-01-04 02:15:00,873.5672759963185,0.0,873.5672759963185,781.4686141569061,0.0,781.4686141569061,0.0,False,NORMAL,0.9,IDLE,362.0,0.0,0.0,0.0,933.5672759963185
2024-01-04 02:30:00,741.1824449291562,0.0,741.1824449291562,815.0162064092594,0.0,815.0162064092594,0.0,False,NORMAL,0.9,IDLE,362.0,0.0,0.0,0.0,801.1824449291562
2024-01-04 02:45:00,735.8130880735041,0.0,735.8130880735041,785.0549354016446,0.0,785.0549354016446,0.0,False,NORMAL,0.9,IDLE,362.0,0.0,0.0,0.0,795.8130880735041
2024-01-04 03:00:00,812.3474649356411,0.0,812.3474649356411,763.0144111757354,0.0,763.0144111757354,0.0,False,NORMAL,0.9,IDLE,362.0,0.0,0.0,0.0,872.3474649356411
2024-01-04 03:15:00,810.0649807231283,0.0,810.0649807231283,801.7075232252444,0.0,801.7075232252444,0.0,False,NORMAL,0.9,IDLE,362.0,0.0,0.0,0.0,870.0649807231283
2024-01-04 03:30:00,821.8075236223151,0.0,821.8075236223151,787.5557064166743,0.0,787.5557064166743,0.0,False,NORMAL,0.9,IDLE,362.0,0.0,0.0,0.0,881.8075236223151
2024-01-04 03:45:00,813.3651531952638,0.0,813.3651531952638,786.9282899790293,0.0,786.9282899790293,0.0,False,NORMAL,0.9,IDLE,362.0,0.0,0.0,0.0,873.3651531952638
2024-01-04 04:00:00,809.0085257972835,0.0,809.0085257972835,846.3153415007179,0.0,846.3153415007179,0.0,False,NORMAL,0.9,IDLE,362.0,0.0,0.0,0.0,869.0085257972835
2024-01-04 04:15:00,743.5022933275757,0.0,743.5022933275757,815.7948692047768,0.0,815.7948692047768,0.0,False,NORMAL,0.9,IDLE,362.0,0.0,0.0,0.0,803.5022933275757
2024-01-04 04:30:00,810.0037202720855,0.0,810.0037202720855,759.6581951780851,0.0,759.6581951780851,0.0,False,NORMAL,0.9,IDLE,362.0,0.0,0.0,0.0,870.0037202720855
2024-01-04 04:45:00,777.1335079288523,0.0,777.1335079288523,794.159781598571,0.0,794.159781598571,0.0,False,NORMAL,0.9,IDLE,362.0,0.0,0.0,0.0,837.1335079288523
2024-01-04 05:00:00,829.4142114614588,0.0,829.4142114614588,786.9129457053709,0.0,786.9129457053709,0.0,False,NORMAL,0.9,IDLE,362.0,0.0,0.0,0.0,889.4142114614588
2024-01-04 05:15:00,906.0975250930563,0.0,906.0975250930563,865.250837896236,0.0,865.250837896236,0.0,False,NORMAL,0.9,IDLE,362.0,0.0,0.0,0.0,966.0975250930563
2024-01-04 05:30:00,916.0623191158252,0.0,916.0623191158252,902.8283791527556,0.0,902.8283791527556,0.0,False,NORMAL,0.9,IDLE,362.0,0.0,0.0,0.0,916.0623191158252
2024-01-04 05:45:00,1052.1258005538648,0.0,1052.1258005538648,970.621875916065,0.0,970.621875916065,0.0,False,NORMAL,0.9,IDLE,362.0,0.0,0.0,0.0,1052.1258005538648
2024-01-04 06:00:00,1168.4904291876176,3.53200379872307e-22,1168.4904291876176,1084.0152738136337,1.6876360728756914e-22,1084.0152738136337,0.0,False,NORMAL,0.9,IDLE,362.0,0.0,0.0,0.0,1168.4904291876176
2024-01-04 06:15:00,1254.777933831195,6.619385230875606,1248.1585486003194,1193.572301187303,5.749212332249886,1187.8230888550531,0.0,False,NORMAL,0.9,IDLE,362.0,0.0,0.0,0.0,1248.1585486003194
2024-01-04 06:30:00,1332.311884751281,31.493530729646405,1300.8183540216346,1263.054355036824,17.80258639873052,1245.2517686380936,0.0,False,NORMAL,0.9,IDLE,362.0,0.0,0.0,0.0,1300.8183540216346
2024-01-04 06:45:00,1505.8784839350712,56.52470702058601,1449.3537769144853,1390.4417610348728,39.96282156483636,1350.4789394700365,0.0,False,NORMAL,0.9,IDLE,362.0,0.0,0.0,0.0,1449.3537769144853
2024-01-04 07:00:00,1609.4595146152806,84.63340928483264,1524.826105330448,1494.3938304301548,64.64573458187036,1429.7480958482845,0.0,False,NORMAL,0.9,IDLE,362.0,0.0,0.0,0.0,1524.826105330448
2024-01-04 07:15:00,1681.2211028905572,121.82159859654965,1559.3995042940076,1607.1623274437459,96.64937364913585,1510.51295379461,0.0,False,NORMAL,0.9,IDLE,362.0,0.0,0.0,0.0,1559.3995042940076
2024-01-04 07:30:00,1757.6170814919597,147.86227796913002,1609.7548035228297,1742.4824672837012,135.1971493980653,1607.285317885636,0.0,False,NORMAL,0.9,IDLE,362.0,0.0,0.0,0.0,1609.7548035228297
2024-01-04 07:45:00,1873.4790894523514,90.0825922589072,1783.3964971934442,1802.7940757002973,168.61642617309425,1634.1776495272031,0.0,False,WATCH,0.9,IDLE,362.0,0.0,0.0,0.0,1783.3964971934442
2024-01-04 08:00:00,1923.6250224312255,127.52931165454704,1796.0957107766785,1879.4745712689805,94.63584102489502,1784.8387302440856,0.0,False,WATCH,0.9,IDLE,362.0,0.0,0.0,0.0,1796.0957107766785
2024-01-04 08:15:00,2001.1359289349057,137.5453532159998,1863.590575718906,1986.9855395360723,212.97955167280517,1774.0059878632671,0.0,False,WATCH,0.9,IDLE,362.0,0.0,0.0,0.0,1863.590575718906
2024-01-04 08:30:00,2107.8238081348204,318.4625919118261,1789.3612162229942,2072.7341566952396,202.59851031341273,1870.1356463818267,0.0,False,WATCH,0.9,IDLE,362.0,0.0,0.0,0.0,1789.3612162229942
2024-01-04 08:45:00,2180.065640154966,281.1084985491161,1898.9571416058498,2164.8057733392143,305.71871143634974,1859.0870619028647,0.0,False,WATCH,0.9,IDLE,362.0,0.0,0.0,0.0,1898.9571416058498
2024-01-04 09:00:00,1824.7331030304938,393.2898046038124,1431.4432984266814,1968.877221925255,341.2525686665179,1627.6246532587372,0.0,False,NORMAL,0.9,IDLE,362.0,0.0,0.0,0.0,1431.4432984266814
2024-01-04 09:15:00,1821.151982428251,266.1656245201349,1554.9863579081161,1891.496065795787,364.64701012215085,1526.849055673636,0.0,False,NORMAL,0.9,IDLE,362.0,0.0,0.0,0.0,1554.9863579081161
2024-01-04 09:30:00,1829.080331227873,225.6414117018343,1603.4389195260387,1916.3568784571476,411.8891918509283,1504.4676866062193,0.0,False,NORMAL,0.9,IDLE,362.0,0.0,0.0,0.0,1603.4389195260387
2024-01-04 09:45:00,1822.3922196672236,498.88440048015474,1323.507819187069,1841.5819353784502,411.40610278763006,1430.1758325908202,0.0,False,NORMAL,0.9,IDLE,362.0,0.0,0.0,0.0,1323.507819187069
2024-01-04 10:00:00,1791.5000484428801,526.9171932376827,1264.5828552051976,1834.22148302989,512.6193199432288,1321.6021630866612,0.0,False,NORMAL,0.9,IDLE,362.0,0.0,0.0,0.0,1264.5828552051976
2024-01-04 10:15:00,1771.0319621421074,557.514568060121,1213.5173940819864,1827.7830120643837,544.661148634098,1283.1218634302857,0.0,False,NORMAL,0.9,IDLE,362.0,0.0,0.0,0.0,1213.5173940819864
2024-01-04 10:30:00,1830.5232085088637,607.4850436929672,1223.0381648158964,1794.1279251750925,589.0513580197564,1205.076567155336,0.0,False,NORMAL,0.9,IDLE,362.0,0.0,0.0,0.0,1223.0381648158964
2024-01-04 10:45:00,1777.3447067995407,605.5555910595078,1171.789115740033,1801.6510603609631,619.1786904644434,1182.4723698965197,0.0,False,NORMAL,0.9,IDLE,362.0,0.0,0.0,0.0,1171.789115740033
2024-01-04 11:00:00,1828.5524735954114,631.3987355639607,1197.1537380314508,1767.356290801999,527.2851957590813,1240.0710950429177,0.0,False,NORMAL,0.9,IDLE,362.0,0.0,0.0,0.0,1197.1537380314508
2024-01-04 11:15:00,1792.676230045332,619.5403055700845,1173.1359244752475,1801.2062299617767,693.5175267282312,1107.6887032335453,0.0,False,NORMAL,0.9,IDLE,362.0,0.0,0.0,0.0,1173.1359244752475
2024-01-04 11:30:00,1826.7455330205062,669.0422003924659,1157.7033326280402,1812.6179423075234,677.9318467026152,1134.6860956049081,0.0,False,NORMAL,0.9,IDLE,362.0,0.0,0.0,0.0,1157.7033326280402
2024-01-04 11:45:00,1899.3702675116688,662.7931040853623,1236.5771634263065,1807.0023822835788,713.0717776354251,1093.9306046481538,0.0,False,NORMAL,0.9,IDLE,362.0,0.0,0.0,0.0,1236.5771634263065
2024-01-04 12:00:00,1739.5259929013303,692.9290940957796,1046.5968988055506,1856.902021752524,710.7817000056725,1146.1203217468515,0.0,False,NORMAL,0.9,IDLE,362.0,0.0,0.0,0.0,1046.5968988055506
2024-01-04 12:15:00,1800.4234103892095,673.5545662074119,1126.8688441817976,1756.4399339355462,715.9479986191546,1040.4919353163914,0.0,False,NORMAL,0.9,IDLE,362.0,0.0,0.0,0.0,1126.8688441817976
2024-01-04 12:30:00,1805.7249591882044,693.4545959534901,1112.2703632347143,1786.1303083565087,728.4681807518735,1057.6621276046353,0.0,False,NORMAL,0.9,IDLE,362.0,0.0,0.0,0.0,1112.2703632347143
2024-01-04 12:45:00,1761.542861675931,481.59882267624783,1279.944038999683,1796.632275967171,730.1639524545958,1066.4683235125751,0.0,False,NORMAL,0.9,IDLE,362.0,0.0,0.0,0.0,1279.944038999683
2024-01-04 13:00:00,1795.2417705829707,708.8569332713606,1086.3848373116102,1800.0752935258085,681.706471400082,1118.3688221257266,0.0,False,NORMAL,0.9,IDLE,362.0,0.0,0.0,0.0,1086.3848373116102
2024-01-04 13:15:00,1775.9942818107404,670.7806744438748,1105.2136073668657,1767.0226421072846,698.0829834747797,1068.939658632505,0.0,False,NORMAL,0.9,IDLE,362.0,0.0,0.0,0.0,1105.2136073668657
2024-01-04 13:30:00,1770.4562287894812,607.5740363087335,1162.8821924807476,1787.964517998011,699.7779616620934,1088.1865563359174,0.0,False,NORMAL,0.9,IDLE,362.0,0.0,0.0,0.0,1162.8821924807476
2024-01-04 13:45:00,1709.105031920149,437.94938080311545,1271.1556511170336,1773.8802185957127,656.1216746692951,1117.7585439264176,0.0,False,NORMAL,0.9,IDLE,362.0,0.0,0.0,0.0,1271.1556511170336
2024-01-04 14:00:00,1847.992010473457,597.7394312463094,1250.2525792271476,1768.6237367277288,404.30391125572754,1364.3198254720012,0.0,False,NORMAL,0.9,IDLE,362.0,0.0,0.0,0.0,1250.2525792271476
2024-01-04 14:15:00,1851.8645986429167,172.44935989610454,1679.415238746812,1827.464226089159,616.6760196381418,1210.7882064510172,0.0,False,NORMAL,0.9,IDLE,362.0,0.0,0.0,0.0,1679.415238746812
2024-01-04 14:30:00,1909.2030693059405,490.0107507508648,1419.1923185550756,1836.232316278613,460.37307836123347,1375.8592379173797,0.0,False,NORMAL,0.9,IDLE,362.0,0.0,0.0,0.0,1419.1923185550756
2024-01-04 14:45:00,1882.0676242698328,409.13093063168816,1472.9366936381446,1847.0325294159275,505.2555776108191,1341.7769518051084,0.0,False,NORMAL,0.9,IDLE,362.0,0.0,0.0,0.0,1472.9366936381446
2024-01-04 15:00:00,1904.5989917772529,479.069742589978,1425.529249187275,1882.683161095233,461.950237192523,1420.73292390271,0.0,False,NORMAL,0.9,IDLE,362.0,0.0,0.0,0.0,1425.529249187275
2024-01-04 15:15:00,1803.1391237180483,438.27159177795295,1364.8675319400954,1879.8333639068567,443.0485969688088,1436.7847669380478,0.0,False,NORMAL,0.9,IDLE,362.0,0.0,0.0,0.0,1364.8675319400954
2024-01-04 15:30:00,1863.5108032422022,385.53531491801573,1477.9754883241865,1855.6900805287066,436.13160818420016,1419.5584723445065,0.0,False,NORMAL,0.9,IDLE,362.0,0.0,0.0,0.0,1477.9754883241865
2024-01-04 15:45:00,1828.2264200596642,357.37497105032077,1470.8514490093435,1882.9273710553346,408.1947839791831,1474.7325870761515,0.0,False,NORMAL,0.9,IDLE,362.0,0.0,0.0,0.0,1470.8514490093435
2024-01-04 16:00:00,1924.0592273398822,305.84228336916823,1618.216943970714,1879.707820794182,366.97957425846886,1512.7282465357132,0.0,False,NORMAL,0.9,IDLE,362.0,0.0,0.0,0.0,1618.216943970714
2024-01-04 16:15:00,1920.8369594319133,273.61655148484147,1647.2204079470719,1887.4507005623943,331.0495541127862,1556.4011464496082,0.0,False,WATCH,0.9,IDLE,362.0,0.0,0.0,0.0,1647.2204079470719
2024-01-04 16:30:00,1968.4441295207127,225.4340581113075,1743.0100714094053,1985.6262117042243,282.41873846069825,1703.207473243526,0.0,False,WATCH,0.9,IDLE,362.0,0.0,0.0,0.0,1743.0100714094053
2024-01-04 16:45:00,2067.304397565692,201.39142110384202,1865.91297646185,1977.50794965172,239.42779262906916,1738.0801570226508,0.0,False,WATCH,0.9,IDLE,362.0,0.0,0.0,0.0,1865.91297646185
2024-01-04 17:00:00,2088.7224342844493,147.56423404278743,1941.158200241662,2096.5236920549314,195.1171698568413,1901.4065221980902,0.0,False,WARNING,0.9,IDLE,362.0,0.0,0.0,0.0,1941.158200241662
2024-01-04 17:15:00,2228.3995636324835,123.50483404755728,2104.894729584926,2164.919416165072,157.9445181414162,2006.974898023656,0.0,False,WARNING,0.9,IDLE,362.0,0.0,0.0,0.0,2104.894729584926
2024-01-04 17:30:00,2267.452539160725,86.08723520231537,2181.3653039584096,2228.415854040573,121.67870709811196,2106.737146942461,0.0,False,WARNING,0.9,IDLE,362.0,0.0,0.0,0.0,2181.3653039584096
2024-01-04 17:45:00,2332.8071168541996,55.41276139807521,2277.3943554561242,2262.270632305196,86.36771693225373,2175.9029153729425,0.0,False,WARNING,0.9,IDLE,362.0,0.0,0.0,0.0,2277.3943554561242
2024-01-04 18:00:00,2331.2898763794856,30.91823029901693,2300.3716460804685,2322.1812521786906,55.585379034546584,2266.5958731441438,0.0,False,CRITICAL,0.8998043967997534,DISCHARGING,362.0,0.0,0.37164608046850844,0.0,2300.0
2024-01-04 18:15:00,2410.375864550599,11.149028806561185,2399.226835744038,2358.6780901325233,30.552396226505337,2328.125693906018,28.125693906018114,False,CRITICAL,0.8981426373779613,DISCHARGING,177.0,0.0,99.226835744038,0.0,2300.0
2024-01-04 18:30:00,2404.3997142161766,3.458341337315204e-22,2404.3997142161766,2384.449913761734,12.169951337524305,2372.2799624242098,72.27996242420977,False,CRITICAL,0.8981426373779613,RESERVED,177.0,0.0,185.0,0.0,2219.3997142161766
2024-01-04 18:45:00,2401.7939690215408,0.0,2401.7939690215408,2444.780225511841,3.0885495143750608,2441.6916759974656,141.6916759974656,False,CRITICAL,0.8981426373779613,RESERVED,60.0,0.0,216.46596154596818,0.0,2185.3280074755726
2024-01-04 19:00:00,2337.7461449220964,0.0,2337.7461449220964,2401.9904088705894,0.0,2401.9904088705894,101.99040887058936,False,CRITICAL,0.8981426373779613,RESERVED,45.0,0.0,313.0572346164672,0.0,2024.6889103056292
2024-01-04 19:15:00,2347.9033900517265,0.0,2347.9033900517265,2374.602325258121,0.0,2374.602325258121,74.6023252581208,False,CRITICAL,0.8981426373779613,RESERVED,0.0,0.0,353.9427653835328,0.0,1993.9606246681938
2024-01-04 19:30:00,2300.249962398282,0.0,2300.249962398282,2379.3101354467794,0.0,2379.3101354467794,79.31013544677944,False,CRITICAL,0.8981426373779613,RESERVED,0.0,0.0,358.0572346164672,0.0,1942.192727781815
2024-01-04 19:45:00,2386.665544105628,0.0,2386.665544105628,2352.8938267695507,0.0,2352.8938267695507,52.89382676955074,False,CRITICAL,0.8981426373779613,RESERVED,0.0,0.0,353.9427653835328,0.0,2032.7227787220954
2024-01-04 20:00:00,2334.3137789811967,0.0,2334.3137789811967,2383.392817696829,0.0,2383.392817696829,83.39281769682884,False,CRITICAL,0.8981426373779613,RESERVED,45.0,0.0,261.9877417738344,0.0,2072.3260372073623
2024-01-04 20:15:00,2272.9287143722077,0.0,2272.9287143722077,2339.00699134334,0.0,2339.00699134334,39.006991343339905,False,CRITICAL,0.8981426373779613,RESERVED,12.0,0.0,220.86962153439345,0.0,2052.059092837814
2024-01-04 20:30:00,2179.4368026648117,0.0,2179.4368026648117,2276.1768568521716,0.0,2276.1768568521716,0.0,False,WARNING,0.8981426373779613,IDLE,177.0,0.0,122.39980904016875,0.0,2057.036993624643
2024-01-04 20:45:00,2204.062409130261,0.0,2204.062409130261,2223.145459015628,0.0,2223.145459015628,0.0,False,WARNING,0.8981426373779613,IDLE,177.0,0.0,122.39980904016875,0.0,2081.6626000900924
2024-01-04 21:00:00,2098.6439685116966,0.0,2098.6439685116966,2189.446616121336,0.0,2189.446616121336,0.0,False,WARNING,0.8981426373779613,IDLE,222.0,0.0,77.39980904016875,0.0,2021.2441594715278
2024-01-04 21:15:00,2057.9167786489766,0.0,2057.9167786489766,2123.863157118606,0.0,2123.863157118606,0.0,False,WARNING,0.8981426373779613,IDLE,222.0,0.0,77.39980904016875,0.0,1980.5169696088078
2024-01-04 21:30:00,1863.1408801583493,0.0,1863.1408801583493,2029.228157158129,0.0,2029.228157158129,0.0,False,WARNING,0.8981426373779613,IDLE,222.0,0.0,77.39980904016875,0.0,1785.7410711181806
2024-01-04 21:45:00,1766.5497805498437,0.0,1766.5497805498437,1899.3717809329428,0.0,1899.3717809329428,0.0,False,WATCH,0.8981426373779613,IDLE,222.0,0.0,77.39980904016875,0.0,1689.149971509675
2024-01-04 22:00:00,1591.5701554516384,0.0,1591.5701554516384,1771.9731619546135,0.0,1771.9731619546135,0.0,False,WATCH,0.8981426373779613,IDLE,222.0,0.0,39.006991343339905,0.0,1552.5631641082985
2024-01-04 22:15:00,1482.5032387806234,0.0,1482.5032387806234,1613.6316441898455,0.0,1613.6316441898455,0.0,False,NORMAL,0.8981426373779613,IDLE,362.0,0.0,0.0,0.0,1482.5032387806234
2024-01-04 22:30:00,1315.2893523645519,0.0,1315.2893523645519,1489.357658327337,0.0,1489.357658327337,0.0,False,NORMAL,0.8981426373779613,IDLE,362.0,0.0,0.0,0.0,1315.2893523645519
2024-01-04 22:45:00,1223.222027634181,0.0,1223.222027634181,1323.4562664067707,0.0,1323.4562664067707,0.0,False,NORMAL,0.8981426373779613,IDLE,362.0,0.0,0.0,0.0,1223.222027634181
2024-01-04 23:00:00,1012.5622448674704,0.0,1012.5622448674704,1180.262233115943,0.0,1180.262233115943,0.0,False,NORMAL,0.8981426373779613,IDLE,362.0,0.0,0.0,0.0,1072.5622448674703
2024-01-04 23:15:00,991.066471495958,0.0,991.066471495958,1083.8102179399455,0.0,1083.8102179399455,0.0,False,NORMAL,0.8981426373779613,IDLE,362.0,0.0,0.0,0.0,1051.066471495958
2024-01-04 23:30:00,952.4939303251376,0.0,952.4939303251376,1035.3918758114717,0.0,1035.3918758114717,0.0,False,NORMAL,0.8981426373779613,IDLE,362.0,0.0,0.0,0.0,1012.4939303251376
2024-01-04 23:45:00,933.5202229996223,0.0,933.5202229996223,962.2887793217819,0.0,962.2887793217819,0.0,False,NORMAL,0.8981426373779613,IDLE,362.0,0.0,0.0,0.0,993.5202229996223
2024-01-05 00:00:00,784.8842481458823,0.0,784.8842481458823,879.5833375637175,0.0,879.5833375637175,0.0,False,NORMAL,0.9,CHARGING,362.0,0.0,0.0,0.0,848.7944852449112
2024-01-05 00:15:00,683.2046892095757,0.0,683.2046892095757,797.7916208954566,0.0,797.7916208954566,0.0,False,NORMAL,0.9,IDLE,362.0,0.0,0.0,0.0,743.2046892095757
2024-01-05 00:30:00,714.131135758844,0.0,714.131135758844,777.1225409345926,0.0,777.1225409345926,0.0,False,NORMAL,0.9,IDLE,362.0,0.0,0.0,0.0,774.131135758844
2024-01-05 00:45:00,785.4194201959274,0.0,785.4194201959274,737.237887966106,0.0,737.237887966106,0.0,False,NORMAL,0.9,IDLE,362.0,0.0,0.0,0.0,845.4194201959274
2024-01-05 01:00:00,749.3422492982957,0.0,749.3422492982957,763.1968809535273,0.0,763.1968809535273,0.0,False,NORMAL,0.9,IDLE,362.0,0.0,0.0,0.0,809.3422492982957
2024-01-05 01:15:00,710.3051827392285,0.0,710.3051827392285,761.8616345763612,0.0,761.8616345763612,0.0,False,NORMAL,0.9,IDLE,362.0,0.0,0.0,0.0,770.3051827392285
2024-01-05 01:30:00,822.2320793534599,0.0,822.2320793534599,759.1278130846641,0.0,759.1278130846641,0.0,False,NORMAL,0.9,IDLE,362.0,0.0,0.0,0.0,882.2320793534599
2024-01-05 01:45:00,731.7290464675627,0.0,731.7290464675627,797.6943157621672,0.0,797.6943157621672,0.0,False,NORMAL,0.9,IDLE,362.0,0.0,0.0,0.0,791.7290464675627
2024-01-05 02:00:00,789.021588447174,0.0,789.021588447174,757.5567465161438,0.0,757.5567465161438,0.0,False,NORMAL,0.9,IDLE,362.0,0.0,0.0,0.0,849.021588447174
2024-01-05 02:15:00,776.0128949264963,0.0,776.0128949264963,822.5551270526088,0.0,822.5551270526088,0.0,False,NORMAL,0.9,IDLE,362.0,0.0,0.0,0.0,836.0128949264963
2024-01-05 02:30:00,831.5945713490748,0.0,831.5945713490748,762.5510646976545,0.0,762.5510646976545,0.0,False,NORMAL,0.9,IDLE,362.0,0.0,0.0,0.0,891.5945713490748
2024-01-05 02:45:00,793.5871345871136,0.0,793.5871345871136,771.5492425821379,0.0,771.5492425821379,0.0,False,NORMAL,0.9,IDLE,362.0,0.0,0.0,0.0,853.5871345871136
2024-01-05 03:00:00,730.2418748756327,0.0,730.2418748756327,804.7703817954306,0.0,804.7703817954306,0.0,False,NORMAL,0.9,IDLE,362.0,0.0,0.0,0.0,790.2418748756327
2024-01-05 03:15:00,787.1413655074587,0.0,787.1413655074587,785.5301562608563,0.0,785.5301562608563,0.0,False,NORMAL,0.9,IDLE,362.0,0.0,0.0,0.0,847.1413655074587
2024-01-05 03:30:00,785.9941180150445,0.0,785.9941180150445,801.9415951390288,0.0,801.9415951390288,0.0,False,NORMAL,0.9,IDLE,362.0,0.0,0.0,0.0,845.9941180150445
2024-01-05 03:45:00,802.9424001666472,0.0,802.9424001666472,796.2062296315898,0.0,796.2062296315898,0.0,False,NORMAL,0.9,IDLE,362.0,0.0,0.0,0.0,862.9424001666472
2024-01-05 04:00:00,730.243821450233,0.0,730.243821450233,797.3337922454472,0.0,797.3337922454472,0.0,False,NORMAL,0.9,IDLE,362.0,0.0,0.0,0.0,790.243821450233
2024-01-05 04:15:00,788.769087486359,0.0,788.769087486359,750.7324164342907,0.0,750.7324164342907,0.0,False,NORMAL,0.9,IDLE,362.0,0.0,0.0,0.0,848.769087486359
2024-01-05 04:30:00,808.4279951946573,0.0,808.4279951946573,793.6807021208675,0.0,793.6807021208675,0.0,False,NORMAL,0.9,IDLE,362.0,0.0,0.0,0.0,868.4279951946573
2024-01-05 04:45:00,705.1218414176346,0.0,705.1218414176346,785.5841996124093,0.0,785.5841996124093,0.0,False,NORMAL,0.9,IDLE,362.0,0.0,0.0,0.0,765.1218414176346
2024-01-05 05:00:00,706.8196063081798,0.0,706.8196063081798,780.1698949248314,0.0,780.1698949248314,0.0,False,NORMAL,0.9,IDLE,362.0,0.0,0.0,0.0,766.8196063081798
2024-01-05 05:15:00,766.2440046912534,0.0,766.2440046912534,812.9629331923163,0.0,812.9629331923163,0.0,False,NORMAL,0.9,IDLE,362.0,0.0,0.0,0.0,826.2440046912534
2024-01-05 05:30:00,934.6577067981555,0.0,934.6577067981555,829.1352509935181,0.0,829.1352509935181,0.0,False,NORMAL,0.9,IDLE,362.0,0.0,0.0,0.0,934.6577067981555
2024-01-05 05:45:00,1026.9440452817132,0.0,1026.9440452817132,940.6200608851576,0.0,940.6200608851576,0.0,False,NORMAL,0.9,IDLE,362.0,0.0,0.0,0.0,1026.9440452817132
2024-01-05 06:00:00,1113.710641888946,3.858342167665667e-22,1113.710641888946,1044.3239618629598,1.6482684394040995e-22,1044.3239618629598,0.0,False,NORMAL,0.9,IDLE,362.0,0.0,0.0,0.0,1113.710641888946
2024-01-05 06:15:00,1199.8918347709202,12.026126135440142,1187.8657086354801,1136.5584029140841,3.089046441075283,1133.469356473009,0.0,False,NORMAL,0.9,IDLE,362.0,0.0,0.0,0.0,1187.8657086354801
2024-01-05 06:30:00,1332.7818655504823,34.42626260115387,1298.3556029493284,1227.7775282225,18.4050365655957,1209.3724916569042,0.0,False,NORMAL,0.9,IDLE,362.0,0.0,0.0,0.0,1298.3556029493284
2024-01-05 06:45:00,1330.620275488202,59.034445585467644,1271.5858299027343,1374.4351985074563,37.995138089582596,1336.4400604178738,0.0,False,NORMAL,0.9,IDLE,362.0,0.0,0.0,0.0,1271.5858299027343
2024-01-05 07:00:00,1448.7068323600934,92.35667969307977,1356.3501526670136,1447.5505634558178,61.56891078315725,1385.9816526726606,0.0,False,NORMAL,0.9,IDLE,362.0,0.0,0.0,0.0,1356.3501526670136
2024-01-05 07:15:00,1607.6015632212193,135.62819446636377,1471.9733687548555,1534.0395191934747,94.11729177726124,1439.9222274162134,0.0,False,NORMAL,0.9,IDLE,362.0,0.0,0.0,0.0,1471.9733687548555
2024-01-05 07:30:00,1682.5889170615033,175.14136776932665,1507.4475492921765,1635.2077584694014,126.30587200269794,1508.9018864667034,0.0,False,NORMAL,0.9,IDLE,362.0,0.0,0.0,0.0,1507.4475492921765
2024-01-05 07:45:00,1739.723296499795,226.74816210151366,1512.9751343982814,1732.9922792954776,119.95874142844168,1613.0335378670359,0.0,False,NORMAL,0.9,IDLE,362.0,0.0,0.0,0.0,1512.9751343982814
2024-01-05 08:00:00,1785.2739294728767,201.36520153858382,1583.908727934293,1801.1717035616864,163.02154891415285,1638.1501546475336,0.0,False,NORMAL,0.9,IDLE,362.0,0.0,0.0,0.0,1583.908727934293
2024-01-05 08:15:00,1945.5416682625755,302.01143347482224,1643.5302347877532,1873.4850806196966,170.76792584991094,1702.7171547697858,0.0,False,WATCH,0.9,IDLE,362.0,0.0,0.0,0.0,1643.5302347877532
2024-01-05 08:30:00,1965.4371843684207,354.3642034503631,1611.0729809180575,1984.172423457963,291.1466392660122,1693.0257841919508,0.0,False,WATCH,0.9,IDLE,362.0,0.0,0.0,0.0,1611.0729809180575
2024-01-05 08:45:00,2122.4225239598472,390.8418021704673,1731.5807217893798,2045.9864982183128,299.8141340067228,1746.17236421159,0.0,False,WATCH,0.9,IDLE,362.0,0.0,0.0,0.0,1731.5807217893798
2024-01-05 09:00:00,1746.6203710135044,466.2159500240566,1280.4044209894478,1944.4257873348372,373.21428403066034,1571.2115033041769,0.0,False,NORMAL,0.9,IDLE,362.0,0.0,0.0,0.0,1280.4044209894478
2024-01-05 09:15:00,1701.027134486158,499.2113280667807,1201.8158064193774,1851.0056151643876,351.8379577631257,1499.1676574012617,0.0,False,NORMAL,0.9,IDLE,362.0,0.0,0.0,0.0,1201.8158064193774
2024-01-05 09:30:00,1706.688006651021,527.0823104981338,1179.605696152887,1822.196138058183,355.79611372428747,1466.4000243338955,0.0,False,NORMAL,0.9,IDLE,362.0,0.0,0.0,0.0,1179.605696152887
2024-01-05 09:45:00,1708.5367950175073,567.6003435360515,1140.9364514814558,1797.357924604567,502.6834852635677,1294.6744393409992,0.0,False,NORMAL,0.9,IDLE,362.0,0.0,0.0,0.0,1140.9364514814558
2024-01-05 10:00:00,1756.9431434019734,627.6217279114297,1129.3214154905436,1747.7283121794774,540.2464651118175,1207.4818470676598,0.0,False,NORMAL,0.9,IDLE,362.0,0.0,0.0,0.0,1129.3214154905436
2024-01-05 10:15:00,1750.5306931409393,647.103277976125,1103.4274151648142,1745.921504521585,578.9643772056239,1166.9571273159609,0.0,False,NORMAL,0.9,IDLE,362.0,0.0,0.0,0.0,1103.4274151648142
2024-01-05 10:30:00,1722.4047499045416,477.8201896121529,1244.5845602923887,1775.8691935025909,617.6827911752322,1158.1864023273588,0.0,False,NORMAL,0.9,IDLE,362.0,0.0,0.0,0.0,1244.5845602923887
2024-01-05 10:45:00,1750.4629896471897,649.3912051581945,1101.0717844889953,1742.1093172580581,573.6765683558897,1168.4327489021684,0.0,False,NORMAL,0.9,IDLE,362.0,0.0,0.0,0.0,1101.0717844889953
2024-01-05 11:00:00,1731.0719988549827,297.92281387968194,1433.1491849753006,1785.2082824143592,629.271732394666,1155.9365500196932,0.0,False,NORMAL,0.9,IDLE,362.0,0.0,0.0,0.0,1433.1491849753006
2024-01-05 11:15:00,1680.1120243266341,242.0035574869957,1438.1084668396384,1763.0869646970098,516.3576164061446,1246.7293482908651,0.0,False,NORMAL,0.9,IDLE,362.0,0.0,0.0,0.0,1438.1084668396384
2024-01-05 11:30:00,1717.1134528571602,794.62440669466,922.4890461625001,1761.5102342778991,492.42158336669024,1269.0886509112088,0.0,False,NORMAL,0.9,IDLE,362.0,0.0,0.0,0.0,922.4890461625001
2024-01-05 11:45:00,1691.7000324116905,801.7524785321255,889.947553879565,1803.2399373300325,639.232430092694,1164.0075072373384,0.0,False,NORMAL,0.9,IDLE,362.0,0.0,0.0,0.0,889.947553879565
2024-01-05 12:00:00,1685.3008683644562,773.8271259153867,911.4737424490695,1716.8208510990742,666.0959464327616,1050.7249046663126,0.0,False,NORMAL,0.9,IDLE,362.0,0.0,0.0,0.0,911.4737424490695
2024-01-05 12:15:00,1695.772048005227,811.0794386415816,884.6926093636453,1740.1458843984387,689.9429496641152,1050.2029347343237,0.0,False,NORMAL,0.9,IDLE,362.0,0.0,0.0,0.0,884.6926093636453
2024-01-05 12:30:00,1783.4782815945953,814.4195337107815,969.0587478838138,1746.984106477936,759.2664678809937,987.7176385969423,0.0,False,NORMAL,0.9,IDLE,362.0,0.0,0.0,0.0,969.0587478838138
2024-01-05 12:45:00,1696.9668172163338,767.9169764152301,929.0498408011036,1750.9286432643696,658.512280271543,1092.4163629928266,0.0,False,NORMAL,0.9,IDLE,362.0,0.0,0.0,0.0,929.0498408011036
2024-01-05 13:00:00,1662.2514613660358,810.8285323358147,851.4229290302211,1748.1133947727378,760.0700744299847,988.0433203427531,0.0,False,NORMAL,0.9,IDLE,362.0,0.0,0.0,0.0,851.4229290302211
2024-01-05 13:15:00,1739.1650691834852,738.4140137250071,1000.7510554584782,1730.6734937260537,756.4376856708091,974.2358080552447,0.0,False,NORMAL,0.9,IDLE,362.0,0.0,0.0,0.0,1000.7510554584782
2024-01-05 13:30:00,1687.7315550359174,714.5104536136489,973.2211014222685,1748.0856801266507,690.7770145470719,1057.3086655795787,0.0,False,NORMAL,0.9,IDLE,362.0,0.0,0.0,0.0,973.2211014222685
2024-01-05 13:45:00,1710.2531748807532,713.1948591889728,997.0583156917804,1700.539022535673,597.7365824820303,1102.8024400536428,0.0,False,NORMAL,0.9,IDLE,362.0,0.0,0.0,0.0,997.0583156917804
2024-01-05 14:00:00,1767.8111353047898,660.2635716886426,1107.5475636161473,1771.687485898854,668.147221323199,1103.5402645756549,0.0,False,NORMAL,0.9,IDLE,362.0,0.0,0.0,0.0,1107.5475636161473
2024-01-05 14:15:00,1813.2519757384,637.6725607383937,1175.5794150000063,1794.9800948105537,444.2905938001098,1350.689501010444,0.0,False,NORMAL,0.9,IDLE,362.0,0.0,0.0,0.0,1175.5794150000063
2024-01-05 14:30:00,1763.2016809094905,233.8234816231081,1529.3781992863824,1835.943489924036,578.9243086095776,1257.0191813144584,0.0,False,NORMAL,0.9,IDLE,362.0,0.0,0.0,0.0,1529.3781992863824
2024-01-05 14:45:00,1737.9639861598823,564.5337139845965,1173.4302721752858,1820.470929669602,411.4196660195329,1409.051263650069,0.0,False,NORMAL,0.9,IDLE,362.0,0.0,0.0,0.0,1173.4302721752858
2024-01-05 15:00:00,1751.1335291779822,200.20501728829686,1550.9285118896853,1828.4842046905876,505.00636288302366,1323.477841807564,0.0,False,NORMAL,0.9,IDLE,362.0,0.0,0.0,0.0,1550.9285118896853
2024-01-05 15:15:00,1681.28226356575,487.89448987991653,1193.3877736858335,1780.7867727360278,367.4654191793193,1413.3213535567086,0.0,False,NORMAL,0.9,IDLE,362.0,0.0,0.0,0.0,1193.3877736858335
2024-01-05 15:30:00,1718.6241253865328,429.9719380491738,1288.652187337359,1783.5320502571824,395.70137107570724,1387.8306791814753,0.0,False,NORMAL,0.9,IDLE,362.0,0.0,0.0,0.0,1288.652187337359
2024-01-05 15:45:00,1787.5684721905436,404.83246690963716,1382.7360052809065,1771.1900868919734,385.9058976716548,1385.2841892203185,0.0,False,NORMAL,0.9,IDLE,362.0,0.0,0.0,0.0,1382.7360052809065
2024-01-05 16:00:00,1808.3339110054917,356.7042090566885,1451.6297019488031,1834.1192998122651,344.2157740119829,1489.9035258002823,0.0,False,NORMAL,0.9,IDLE,362.0,0.0,0.0,0.0,1451.6297019488031
2024-01-05 16:15:00,1838.8125893776219,317.5406285422084,1521.2719608354134,1840.9184759966952,331.9546157035058,1508.9638602931893,0.0,False,NORMAL,0.9,IDLE,362.0,0.0,0.0,0.0,1521.2719608354134
2024-01-05 16:30:00,1930.7031483329795,266.3217479397969,1664.3814003931825,1884.3716425269095,296.5577183798384,1587.813924147071,0.0,False,WATCH,0.9,IDLE,362.0,0.0,0.0,0.0,1664.3814003931825
2024-01-05 16:45:00,1975.613836166159,222.46267273773978,1753.1511634284193,1969.4860043271326,251.90830132265992,1717.5777030044726,0.0,False,WATCH,0.9,IDLE,362.0,0.0,0.0,0.0,1753.1511634284193
2024-01-05 17:00:00,2168.594698365786,169.7028097085717,1998.8918886572142,2004.9272013142001,210.83139001012097,1794.0958113040792,0.0,False,WARNING,0.9,IDLE,362.0,0.0,0.0,0.0,1998.8918886572142
2024-01-05 17:15:00,2142.756270337735,136.40406438405682,2006.352205953678,2145.298569591863,164.9570140703172,1980.3415555215456,0.0,False,WARNING,0.9,IDLE,362.0,0.0,0.0,0.0,2006.352205953678
2024-01-05 17:30:00,2141.38954107882,101.83760867805627,2039.5519324007637,2182.1047387332205,126.35660036044439,2055.7481383727763,0.0,False,WARNING,0.9,IDLE,362.0,0.0,0.0,0.0,2039.5519324007637
2024-01-05 17:45:00,2122.3802567343528,61.5922724060468,2060.787984328306,2228.1296182989727,91.18586855795888,2136.9437497410136,0.0,False,WARNING,0.9,IDLE,362.0,0.0,0.0,0.0,2060.787984328306
2024-01-05 18:00:00,2141.657248765667,36.26100458234055,2105.3962441833264,2234.8558828435766,58.49722646921219,2176.3586563743643,0.0,False,WARNING,0.9,IDLE,362.0,0.0,0.0,0.0,2105.3962441833264
2024-01-05 18:15:00,2224.4091173563975,11.998506126248504,2212.410611230149,2273.0932461044954,33.43100293140834,2239.662243173087,0.0,False,WARNING,0.9,IDLE,362.0,0.0,0.0,0.0,2212.410611230149
2024-01-05 18:30:00,2209.122786367685,3.62017746652431e-22,2209.122786367685,2293.430686325684,13.682402829302003,2279.7482834963816,0.0,False,WARNING,0.9,IDLE,362.0,0.0,0.0,0.0,2209.122786367685
2024-01-05 18:45:00,2253.3822595126157,0.0,2253.3822595126157,2293.2969173406364,3.5927484411094937,2289.704168899527,0.0,False,WARNING,0.9,IDLE,362.0,0.0,0.0,0.0,2253.3822595126157
2024-01-05 19:00:00,2192.249529577458,0.0,2192.249529577458,2279.4586262283697,0.0,2279.4586262283697,0.0,False,CRITICAL,0.9,RESERVED,362.0,0.0,0.0,0.0,2192.249529577458
2024-01-05 19:15:00,2183.172116769252,0.0,2183.172116769252,2275.305793821804,0.0,2275.305793821804,0.0,False,WARNING,0.9,IDLE,317.0,0.0,8.646746266696937,0.0,2174.5253705025552
2024-01-05 19:30:00,2241.114105659368,0.0,2241.114105659368,2247.6228612175605,0.0,2247.6228612175605,0.0,False,WARNING,0.9,IDLE,317.0,0.0,8.646746266696937,0.0,2232.467359392671
2024-01-05 19:45:00,2220.5406527188215,0.0,2220.5406527188215,2304.1282555641837,0.0,2304.1282555641837,4.128255564183746,False,CRITICAL,0.9,RESERVED,317.0,0.0,8.646746266696937,0.0,2211.8939064521246
2024-01-05 20:00:00,2149.998334397854,0.0,2149.998334397854,2271.8496795608935,0.0,2271.8496795608935,0.0,False,WARNING,0.9,IDLE,317.0,0.0,4.128255564183746,0.0,2145.87007883367
2024-01-05 20:15:00,2151.957629390417,0.0,2151.957629390417,2221.7415648080787,0.0,2221.7415648080787,0.0,False,WARNING,0.9,IDLE,317.0,0.0,4.128255564183746,0.0,2147.829373826233
2024-01-05 20:30:00,2123.8695567899167,0.0,2123.8695567899167,2176.333798377769,0.0,2176.333798377769,0.0,False,WARNING,0.9,IDLE,317.0,0.0,4.128255564183746,0.0,2119.741301225733
2024-01-05 20:45:00,2023.6811974012053,0.0,2023.6811974012053,2170.6290658254557,0.0,2170.6290658254557,0.0,False,WARNING,0.9,IDLE,362.0,0.0,0.0,0.0,2023.6811974012053
2024-01-05 21:00:00,1987.471882677541,0.0,1987.471882677541,2084.0147763129094,0.0,2084.0147763129094,0.0,False,WARNING,0.9,IDLE,362.0,0.0,0.0,0.0,1987.471882677541
2024-01-05 21:15:00,1875.3462066117859,0.0,1875.3462066117859,2043.544722907661,0.0,2043.544722907661,0.0,False,WARNING,0.9,IDLE,362.0,0.0,0.0,0.0,1875.3462066117859
2024-01-05 21:30:00,1772.7683174818565,0.0,1772.7683174818565,1902.9215248767684,0.0,1902.9215248767684,0.0,False,WATCH,0.9,IDLE,362.0,0.0,0.0,0.0,1772.7683174818565
2024-01-05 21:45:00,1632.456872400092,0.0,1632.456872400092,1806.0215530530734,0.0,1806.0215530530734,0.0,False,WATCH,0.9,IDLE,362.0,0.0,0.0,0.0,1632.456872400092
2024-01-05 22:00:00,1497.7516122931054,0.0,1497.7516122931054,1661.955850405112,0.0,1661.955850405112,0.0,False,NORMAL,0.9,IDLE,362.0,0.0,0.0,0.0,1497.7516122931054
2024-01-05 22:15:00,1336.6813681605659,0.0,1336.6813681605659,1539.890267527716,0.0,1539.890267527716,0.0,False,NORMAL,0.9,IDLE,362.0,0.0,0.0,0.0,1336.6813681605659
2024-01-05 22:30:00,1331.0389710680695,0.0,1331.0389710680695,1381.4297808811389,0.0,1381.4297808811389,0.0,False,NORMAL,0.9,IDLE,362.0,0.0,0.0,0.0,1331.0389710680695
2024-01-05 22:45:00,1210.2446475776483,0.0,1210.2446475776483,1302.8894201113892,0.0,1302.8894201113892,0.0,False,NORMAL,0.9,IDLE,362.0,0.0,0.0,0.0,1210.2446475776483
2024-01-05 23:00:00,946.4910985444074,0.0,946.4910985444074,1143.1236795011343,0.0,1143.1236795011343,0.0,False,NORMAL,0.9,IDLE,362.0,0.0,0.0,0.0,1006.4910985444074
2024-01-05 23:15:00,987.3529250487074,0.0,987.3529250487074,1030.6125358178685,0.0,1030.6125358178685,0.0,False,NORMAL,0.9,IDLE,362.0,0.0,0.0,0.0,1047.3529250487074
2024-01-05 23:30:00,902.4526508979243,0.0,902.4526508979243,995.2596712038796,0.0,995.2596712038796,0.0,False,NORMAL,0.9,IDLE,362.0,0.0,0.0,0.0,962.4526508979243
2024-01-05 23:45:00,854.6890420540115,0.0,854.6890420540115,935.094972214245,0.0,935.094972214245,0.0,False,NORMAL,0.9,IDLE,362.0,0.0,0.0,0.0,914.6890420540115
2024-01-06 00:00:00,817.4309876463283,0.0,817.4309876463283,828.7227030016576,0.0,828.7227030016576,0.0,False,NORMAL,0.9,IDLE,362.0,0.0,0.0,0.0,877.4309876463283
2024-01-06 00:15:00,828.2353531561891,0.0,828.2353531561891,766.1609267847928,0.0,766.1609267847928,0.0,False,NORMAL,0.9,IDLE,362.0,0.0,0.0,0.0,888.2353531561891
2024-01-06 00:30:00,868.2455923992013,0.0,868.2455923992013,769.9055130171058,0.0,769.9055130171058,0.0,False,NORMAL,0.9,IDLE,362.0,0.0,0.0,0.0,928.2455923992013
2024-01-06 00:45:00,825.8345752606858,0.0,825.8345752606858,812.3449527964561,0.0,812.3449527964561,0.0,False,NORMAL,0.9,IDLE,362.0,0.0,0.0,0.0,885.8345752606858
2024-01-06 01:00:00,831.8349183615844,0.0,831.8349183615844,790.1557606811158,0.0,790.1557606811158,0.0,False,NORMAL,0.9,IDLE,362.0,0.0,0.0,0.0,891.8349183615844
2024-01-06 01:15:00,841.3499591441449,0.0,841.3499591441449,773.4673220482505,0.0,773.4673220482505,0.0,False,NORMAL,0.9,IDLE,362.0,0.0,0.0,0.0,901.3499591441449
2024-01-06 01:30:00,837.1500978898956,0.0,837.1500978898956,831.0561486637339,0.0,831.0561486637339,0.0,False,NORMAL,0.9,IDLE,362.0,0.0,0.0,0.0,897.1500978898956
2024-01-06 01:45:00,806.3548485215672,0.0,806.3548485215672,786.4792302134315,0.0,786.4792302134315,0.0,False,NORMAL,0.9,IDLE,362.0,0.0,0.0,0.0,866.3548485215672
2024-01-06 02:00:00,849.9060981064661,0.0,849.9060981064661,805.5949594946417,0.0,805.5949594946417,0.0,False,NORMAL,0.9,IDLE,362.0,0.0,0.0,0.0,909.9060981064661
2024-01-06 02:15:00,854.1972551323558,0.0,854.1972551323558,810.5590895159212,0.0,810.5590895159212,0.0,False,NORMAL,0.9,IDLE,362.0,0.0,0.0,0.0,914.1972551323558
2024-01-06 02:30:00,877.8976566771478,0.0,877.8976566771478,837.5330675285587,0.0,837.5330675285587,0.0,False,NORMAL,0.9,IDLE,362.0,0.0,0.0,0.0,937.8976566771478
2024-01-06 02:45:00,832.4937227989224,0.0,832.4937227989224,829.5847593812888,0.0,829.5847593812888,0.0,False,NORMAL,0.9,IDLE,362.0,0.0,0.0,0.0,892.4937227989224
2024-01-06 03:00:00,868.6472871218571,0.0,868.6472871218571,791.8359840055875,0.0,791.8359840055875,0.0,False,NORMAL,0.9,IDLE,362.0,0.0,0.0,0.0,928.6472871218571
2024-01-06 03:15:00,866.576930027519,0.0,866.576930027519,827.8475213381519,0.0,827.8475213381519,0.0,False,NORMAL,0.9,IDLE,362.0,0.0,0.0,0.0,926.576930027519
2024-01-06 03:30:00,799.5731969981842,0.0,799.5731969981842,827.9829449347525,0.0,827.9829449347525,0.0,False,NORMAL,0.9,IDLE,362.0,0.0,0.0,0.0,859.5731969981842
2024-01-06 03:45:00,873.6003640395127,0.0,873.6003640395127,815.0591462681946,0.0,815.0591462681946,0.0,False,NORMAL,0.9,IDLE,362.0,0.0,0.0,0.0,933.6003640395127
2024-01-06 04:00:00,835.905371681235,0.0,835.905371681235,800.1260276485935,0.0,800.1260276485935,0.0,False,NORMAL,0.9,IDLE,362.0,0.0,0.0,0.0,895.905371681235
2024-01-06 04:15:00,873.296960452676,0.0,873.296960452676,816.1206733058075,0.0,816.1206733058075,0.0,False,NORMAL,0.9,IDLE,362.0,0.0,0.0,0.0,933.296960452676
2024-01-06 04:30:00,822.1142702381069,0.0,822.1142702381069,833.6754302067309,0.0,833.6754302067309,0.0,False,NORMAL,0.9,IDLE,362.0,0.0,0.0,0.0,882.1142702381069
2024-01-06 04:45:00,749.2689275229553,0.0,749.2689275229553,776.9633075961248,0.0,776.9633075961248,0.0,False,NORMAL,0.9,IDLE,362.0,0.0,0.0,0.0,809.2689275229553
2024-01-06 05:00:00,793.037539698417,0.0,793.037539698417,750.1006036163502,0.0,750.1006036163502,0.0,False,NORMAL,0.9,IDLE,362.0,0.0,0.0,0.0,853.037539698417
2024-01-06 05:15:00,941.8962931893727,0.0,941.8962931893727,784.159366863387,0.0,784.159366863387,0.0,False,NORMAL,0.9,IDLE,362.0,0.0,0.0,0.0,1001.8962931893727
2024-01-06 05:30:00,1036.6755939850639,0.0,1036.6755939850639,903.6373517691978,0.0,903.6373517691978,0.0,False,NORMAL,0.9,IDLE,362.0,0.0,0.0,0.0,1036.6755939850639
2024-01-06 05:45:00,1097.8789776225433,0.0,1097.8789776225433,984.0590835434351,0.0,984.0590835434351,0.0,False,NORMAL,0.9,IDLE,362.0,0.0,0.0,0.0,1097.8789776225433
2024-01-06 06:00:00,1199.2528153539356,3.3561298951265503e-22,1199.2528153539356,1068.3141355958328,1.800559678243978e-22,1068.3141355958328,0.0,False,NORMAL,0.9,IDLE,362.0,0.0,0.0,0.0,1199.2528153539356
2024-01-06 06:15:00,1242.650907605202,10.716217001749017,1231.934690603453,1164.2576223489912,5.612192196538733,1158.6454301524525,0.0,False,NORMAL,0.9,IDLE,362.0,0.0,0.0,0.0,1231.934690603453
2024-01-06 06:30:00,1417.0046618874153,30.462689824232644,1386.5419720631826,1262.3799925926717,19.369756122744423,1243.0102364699273,0.0,False,NORMAL,0.9,IDLE,362.0,0.0,0.0,0.0,1386.5419720631826
2024-01-06 06:45:00,1441.9380515519488,54.81547075213909,1387.1225807998096,1334.116067836847,37.83508871916906,1296.2809791176778,0.0,False,NORMAL,0.9,IDLE,362.0,0.0,0.0,0.0,1387.1225807998096
2024-01-06 07:00:00,1548.9478681553849,85.80910443067594,1463.138763724709,1422.4105145746469,63.432796240845256,1358.9777183338017,0.0,False,NORMAL,0.9,IDLE,362.0,0.0,0.0,0.0,1463.138763724709
2024-01-06 07:15:00,1626.9736923852884,118.4241337066708,1508.5495586786176,1546.0583832751256,97.75049608193824,1448.3078871931873,0.0,False,NORMAL,0.9,IDLE,362.0,0.0,0.0,0.0,1508.5495586786176
2024-01-06 07:30:00,1628.7522154745134,145.60132951172406,1483.1508859627893,1628.2657083974348,132.50401826916325,1495.7616901282715,0.0,False,NORMAL,0.9,IDLE,362.0,0.0,0.0,0.0,1483.1508859627893
2024-01-06 07:45:00,1667.3345735439395,199.1204043956079,1468.2141691483316,1671.444131371701,172.29694465427846,1499.1471867174225,0.0,False,NORMAL,0.9,IDLE,362.0,0.0,0.0,0.0,1468.2141691483316
2024-01-06 08:00:00,1733.4888676773833,180.74073833882696,1552.7481293385563,1717.6308215474744,184.5187660440741,1533.1120555034004,0.0,False,NORMAL,0.9,IDLE,362.0,0.0,0.0,0.0,1552.7481293385563
2024-01-06 08:15:00,1708.4848541567262,280.3332600808475,1428.1515940758786,1821.6006134832437,234.9946468188452,1586.6059666643985,0.0,False,NORMAL,0.9,IDLE,362.0,0.0,0.0,0.0,1428.1515940758786
2024-01-06 08:30:00,1776.008048907005,314.4028499861919,1461.605198920813,1827.6930375810546,294.83302224333823,1532.8600153377163,0.0,False,NORMAL,0.9,IDLE,362.0,0.0,0.0,0.0,1461.605198920813
2024-01-06 08:45:00,1726.6881768796457,356.6474535980839,1370.0407232815617,1927.7935662536274,332.97953322443067,1594.8140330291967,0.0,False,NORMAL,0.9,IDLE,362.0,0.0,0.0,0.0,1370.0407232815617
2024-01-06 09:00:00,1663.870525420693,392.55047875923066,1271.3200466614624,1743.5931452020677,390.0115846270243,1353.5815605750433,0.0,False,NORMAL,0.9,IDLE,362.0,0.0,0.0,0.0,1271.3200466614624
2024-01-06 09:15:00,1695.105759855171,438.0717034372832,1257.0340564178878,1700.4301557839033,430.3230443446873,1270.107111439216,0.0,False,NORMAL,0.9,IDLE,362.0,0.0,0.0,0.0,1257.0340564178878
2024-01-06 09:30:00,1510.9436042584073,474.23992141181895,1036.7036828465884,1708.9404362729033,466.0372187497905,1242.9032175231127,0.0,False,NORMAL,0.9,IDLE,362.0,0.0,0.0,0.0,1036.7036828465884
2024-01-06 09:45:00,1628.9594927178716,497.9071506752289,1131.0523420426427,1645.3134564955396,505.0652622917945,1140.2481942037452,0.0,False,NORMAL,0.9,IDLE,362.0,0.0,0.0,0.0,1131.0523420426427
2024-01-06 10:00:00,1647.2395103708313,572.0943486811103,1075.1451616897211,1684.658746278186,550.6315013257532,1134.0272449524327,0.0,False,NORMAL,0.9,IDLE,362.0,0.0,0.0,0.0,1075.1451616897211
2024-01-06 10:15:00,1651.4527268104262,550.1399207785273,1101.3128060318988,1685.018455878814,588.8871870238738,1096.1312688549401,0.0,False,NORMAL,0.9,IDLE,362.0,0.0,0.0,0.0,1101.3128060318988
2024-01-06 10:30:00,1649.675644362489,617.1892590775833,1032.4863852849057,1667.5151567782518,513.4359445400758,1154.079212238176,0.0,False,NORMAL,0.9,IDLE,362.0,0.0,0.0,0.0,1032.4863852849057
2024-01-06 10:45:00,1627.2064774041526,627.4190987625992,999.7873786415533,1693.0031585833924,619.4448492940325,1073.5583092893598,0.0,False,NORMAL,0.9,IDLE,362.0,0.0,0.0,0.0,999.7873786415533
2024-01-06 11:00:00,1639.6113107368908,688.1848662002707,951.4264445366201,1680.3228236584007,467.6230673381074,1212.6997563202933,0.0,False,NORMAL,0.9,IDLE,362.0,0.0,0.0,0.0,951.4264445366201
2024-01-06 11:15:00,1655.7000665538824,675.9806681080131,979.7193984458693,1657.9160255480135,463.73589120464186,1194.1801343433717,0.0,False,NORMAL,0.9,IDLE,362.0,0.0,0.0,0.0,979.7193984458693
2024-01-06 11:30:00,1666.2000540542476,205.69473583971296,1460.5053182145348,1683.7613277896228,728.4621997588878,955.299128030735,0.0,False,NORMAL,0.9,IDLE,362.0,0.0,0.0,0.0,1460.5053182145348
2024-01-06 11:45:00,1644.8978409032732,688.5156711146876,956.3821697885855,1672.6908656988123,591.091407521263,1081.5994581775494,0.0,False,NORMAL,0.9,IDLE,362.0,0.0,0.0,0.0,956.3821697885855
2024-01-06 12:00:00,1682.8738443821408,700.7180012578475,982.1558431242933,1665.9288710347366,689.9309878161812,975.9978832185554,0.0,False,NORMAL,0.9,IDLE,362.0,0.0,0.0,0.0,982.1558431242933
2024-01-06 12:15:00,1636.9167810047638,677.8911148238631,959.0256661809008,1682.8599030426224,711.654213322979,971.2056897196434,0.0,False,NORMAL,0.9,IDLE,362.0,0.0,0.0,0.0,959.0256661809008
2024-01-06 12:30:00,1644.8168586572638,683.7786025175676,961.0382561396962,1711.9282927231895,706.559845343137,1005.3684473800525,0.0,False,NORMAL,0.9,IDLE,362.0,0.0,0.0,0.0,961.0382561396962
2024-01-06 12:45:00,1596.883483461244,656.5255977648662,940.3578856963777,1672.1135897093566,725.767912900659,946.3456768086976,0.0,False,NORMAL,0.9,IDLE,362.0,0.0,0.0,0.0,940.3578856963777
2024-01-06 13:00:00,1637.1469439145521,664.4666864324604,972.6802574820917,1640.8167636066255,735.4763959624803,905.3403676441452,0.0,False,NORMAL,0.9,IDLE,362.0,0.0,0.0,0.0,972.6802574820917
2024-01-06 13:15:00,1621.4649075094148,211.91416159943083,1409.550745909984,1681.5562652557057,700.753860944503,980.8024043112027,0.0,False,NORMAL,0.9,IDLE,362.0,0.0,0.0,0.0,1409.550745909984
2024-01-06 13:30:00,1654.84868256114,656.9212401840953,997.9274423770448,1652.4753446502298,560.7002836764424,1091.7750609737873,0.0,False,NORMAL,0.9,IDLE,362.0,0.0,0.0,0.0,997.9274423770448
2024-01-06 13:45:00,1692.1934262915718,591.9601701013606,1100.2332561902113,1671.865323951889,645.9042953834794,1025.9610285684096,0.0,False,NORMAL,0.9,IDLE,362.0,0.0,0.0,0.0,1100.2332561902113
2024-01-06 14:00:00,1659.208285342877,601.6824665560018,1057.525818786875,1714.121367971342,600.9012765558388,1113.2200914155032,0.0,False,NORMAL,0.9,IDLE,362.0,0.0,0.0,0.0,1057.525818786875
2024-01-06 14:15:00,1654.1264448799893,301.51169155690525,1352.6147533230842,1730.892808497032,587.8849753191616,1143.0078331778705,0.0,False,NORMAL,0.9,IDLE,362.0,0.0,0.0,0.0,1352.6147533230842
2024-01-06 14:30:00,1676.2764844552107,541.9376947075614,1134.3387897476493,1708.9168829789598,339.20292099467855,1369.7139619842812,0.0,False,NORMAL,0.9,IDLE,362.0,0.0,0.0,0.0,1134.3387897476493
2024-01-06 14:45:00,1591.488907327771,348.0383274367122,1243.4505798910586,1705.1070355379738,538.7295764680438,1166.37745906993,0.0,False,NORMAL,0.9,IDLE,362.0,0.0,0.0,0.0,1243.4505798910586
2024-01-06 15:00:00,1559.6327054807275,468.8966124390318,1090.7360930416958,1682.7769876677637,304.5568129350857,1378.220174732678,0.0,False,NORMAL,0.9,IDLE,362.0,0.0,0.0,0.0,1090.7360930416958
2024-01-06 15:15:00,1594.5229243836804,429.8039029898211,1164.7190213938593,1635.1061708880868,466.253339547775,1168.8528313403117,0.0,False,NORMAL,0.9,IDLE,362.0,0.0,0.0,0.0,1164.7190213938593
2024-01-06 15:30:00,1578.6939685158932,124.89035125565962,1453.8036172602335,1654.5811179066307,429.9927963888157,1224.588321517815,0.0,False,NORMAL,0.9,IDLE,362.0,0.0,0.0,0.0,1453.8036172602335
2024-01-06 15:45:00,1616.5092842787988,359.097043192087,1257.4122410867117,1674.1281364233796,316.5255755145888,1357.6025609087908,0.0,False,NORMAL,0.9,IDLE,362.0,0.0,0.0,0.0,1257.4122410867117
2024-01-06 16:00:00,1638.6372765132187,338.2282007981023,1300.4090757151164,1695.236780519979,347.44072977049086,1347.7960507494881,0.0,False,NORMAL,0.9,IDLE,362.0,0.0,0.0,0.0,1300.4090757151164
2024-01-06 16:15:00,1734.7852908724126,269.18308153737394,1465.6022093350387,1721.1497222773307,321.0841377299869,1400.0655845473439,0.0,False,NORMAL,0.9,IDLE,362.0,0.0,0.0,0.0,1465.6022093350387
2024-01-06 16:30:00,1789.6732783764505,232.47861376952915,1557.1946646069214,1796.80006590533,262.2511230820606,1534.5489428232695,0.0,False,NORMAL,0.9,IDLE,362.0,0.0,0.0,0.0,1557.1946646069214
2024-01-06 16:45:00,1843.7074830795052,136.28819402430457,1707.4192890552006,1849.809482665788,247.33822213126254,1602.4712605345255,0.0,False,WATCH,0.9,IDLE,362.0,0.0,0.0,0.0,1707.4192890552006
2024-01-06 17:00:00,1924.8903507998716,153.5513065403612,1771.3390442595105,1971.754502696703,179.48524705260203,1792.269255644101,0.0,False,WATCH,0.9,IDLE,362.0,0.0,0.0,0.0,1771.3390442595105
2024-01-06 17:15:00,1968.1495277281663,51.36410493976038,1916.7854227884059,2000.9448822386753,153.41760943202635,1847.5272728066489,0.0,False,WATCH,0.9,IDLE,362.0,0.0,0.0,0.0,1916.7854227884059
2024-01-06 17:30:00,2117.2104770989445,80.86379542231236,2036.3466816766322,2029.8831336947221,103.76573381931048,1926.1173998754116,0.0,False,WARNING,0.9,IDLE,362.0,0.0,0.0,0.0,2036.3466816766322
2024-01-06 17:45:00,2156.1961380716566,56.0305673768421,2100.1655706948145,2080.9002316085316,73.13227175693483,2007.7679598515967,0.0,False,WARNING,0.9,IDLE,362.0,0.0,0.0,0.0,2100.1655706948145
2024-01-06 18:00:00,2143.780493062982,31.911165358022533,2111.8693277049592,2124.15545638549,49.55712263486884,2074.5983337506214,0.0,False,WARNING,0.9,IDLE,362.0,0.0,0.0,0.0,2111.8693277049592
2024-01-06 18:15:00,2263.1478424272636,10.947193495683003,2252.2006489315804,2175.8166197638257,24.397207450781476,2151.419412313044,0.0,False,WARNING,0.9,IDLE,362.0,0.0,0.0,0.0,2252.2006489315804
2024-01-06 18:30:00,2316.9152588156944,3.2805995280202497e-22,2316.9152588156944,2218.7516454467136,11.630546663362116,2207.1210987833515,0.0,False,WARNING,0.8910972322022661,DISCHARGING,362.0,0.0,16.915258815694415,0.0,2300.0
2024-01-06 18:45:00,2352.9472163315318,0.0,2352.9472163315318,2266.794944960564,4.833539001938022,2261.961405958626,0.0,False,WARNING,0.872133044036036,DISCHARGING,317.0,0.0,52.94721633153176,0.0,2300.0
2024-01-06 19:00:00,2046.4462578697446,0.0,2046.4462578697446,2260.7398795938675,0.0,2260.7398795938675,0.0,False,CRITICAL,0.872133044036036,RESERVED,177.0,0.0,52.94721633153176,0.0,1993.4990415382129
2024-01-06 19:15:00,2135.3869486928043,0.0,2135.3869486928043,2178.3483722734927,0.0,2178.3483722734927,0.0,False,WARNING,0.872133044036036,IDLE,177.0,0.0,58.99388497291011,0.0,2076.393063719894
2024-01-06 19:30:00,2072.615930731348,0.0,2072.615930731348,2211.0263576452603,0.0,2211.0263576452603,0.0,False,WARNING,0.872133044036036,IDLE,177.0,0.0,42.078626157215695,0.0,2030.5373045741321
2024-01-06 19:45:00,2060.7983184891214,0.0,2060.7983184891214,2165.969015033664,0.0,2165.969015033664,0.0,False,WARNING,0.872133044036036,IDLE,222.0,0.0,13.99388497291011,0.0,2046.8044335162112
2024-01-06 20:00:00,2040.8702567339758,0.0,2040.8702567339758,2106.3549533677283,0.0,2106.3549533677283,0.0,False,WARNING,0.872133044036036,IDLE,222.0,0.0,13.99388497291011,0.0,2026.8763717610657
2024-01-06 20:15:00,2036.757459449245,0.0,2036.757459449245,2099.336626640595,0.0,2099.336626640595,0.0,False,WARNING,0.872133044036036,IDLE,222.0,0.0,13.99388497291011,0.0,2022.763574476335
2024-01-06 20:30:00,2038.8218761500661,0.0,2038.8218761500661,2075.7401705246234,0.0,2075.7401705246234,0.0,False,WARNING,0.872133044036036,IDLE,222.0,0.0,13.99388497291011,0.0,2024.827991177156
2024-01-06 20:45:00,1957.9899542631138,0.0,1957.9899542631138,2025.7331264145732,0.0,2025.7331264145732,0.0,False,WARNING,0.872133044036036,IDLE,222.0,0.0,6.046668641378346,0.0,1951.9432856217354
2024-01-06 21:00:00,1979.181902477406,0.0,1979.181902477406,1989.7434240616765,0.0,1989.7434240616765,0.0,False,WARNING,0.872133044036036,IDLE,362.0,0.0,0.0,0.0,1979.181902477406
2024-01-06 21:15:00,1875.1768673693482,0.0,1875.1768673693482,1934.8220834539156,0.0,1934.8220834539156,0.0,False,WATCH,0.872133044036036,IDLE,362.0,0.0,0.0,0.0,1875.1768673693482
2024-01-06 21:30:00,1832.592702185429,0.0,1832.592702185429,1851.6554950696807,0.0,1851.6554950696807,0.0,False,WATCH,0.872133044036036,IDLE,362.0,0.0,0.0,0.0,1832.592702185429
2024-01-06 21:45:00,1697.67926754427,0.0,1697.67926754427,1759.7050593408114,0.0,1759.7050593408114,0.0,False,WATCH,0.872133044036036,IDLE,362.0,0.0,0.0,0.0,1697.67926754427
2024-01-06 22:00:00,1565.3699576942256,0.0,1565.3699576942256,1645.292726147265,0.0,1645.292726147265,0.0,False,NORMAL,0.872133044036036,IDLE,362.0,0.0,0.0,0.0,1565.3699576942256
2024-01-06 22:15:00,1389.4746915333074,0.0,1389.4746915333074,1505.975508702673,0.0,1505.975508702673,0.0,False,NORMAL,0.872133044036036,IDLE,362.0,0.0,0.0,0.0,1389.4746915333074
2024-01-06 22:30:00,1313.6800027873137,0.0,1313.6800027873137,1423.2391634361109,0.0,1423.2391634361109,0.0,False,NORMAL,0.872133044036036,IDLE,362.0,0.0,0.0,0.0,1313.6800027873137
2024-01-06 22:45:00,1082.7090779305004,0.0,1082.7090779305004,1308.5927472700635,0.0,1308.5927472700635,0.0,False,NORMAL,0.872133044036036,IDLE,362.0,0.0,0.0,0.0,1082.7090779305004
2024-01-06 23:00:00,1004.134687746958,0.0,1004.134687746958,1081.76198512193,0.0,1081.76198512193,0.0,False,NORMAL,0.872133044036036,IDLE,362.0,0.0,0.0,0.0,1064.134687746958
2024-01-06 23:15:00,1000.3089655255912,0.0,1000.3089655255912,1038.982119748069,0.0,1038.982119748069,0.0,False,NORMAL,0.872133044036036,IDLE,362.0,0.0,0.0,0.0,1060.3089655255912
2024-01-06 23:30:00,974.2889891011303,0.0,974.2889891011303,967.1353312735173,0.0,967.1353312735173,0.0,False,NORMAL,0.872133044036036,IDLE,362.0,0.0,0.0,0.0,1034.2889891011303
2024-01-06 23:45:00,853.443219886239,0.0,853.443219886239,914.0814038430348,0.0,914.0814038430348,0.0,False,NORMAL,0.872133044036036,IDLE,362.0,0.0,0.0,0.0,913.443219886239
2024-01-07 00:00:00,769.2737794627741,0.0,769.2737794627741,853.7062582886614,0.0,853.7062582886614,0.0,False,NORMAL,0.9,CHARGING,362.0,0.0,0.0,0.0,887.9410551763826
2024-01-07 00:15:00,799.7918778758773,0.0,799.7918778758773,824.6358107283244,0.0,824.6358107283244,0.0,False,NORMAL,0.9,IDLE,362.0,0.0,0.0,0.0,859.7918778758773
2024-01-07 00:30:00,763.0418447776474,0.0,763.0418447776474,835.3589377658518,0.0,835.3589377658518,0.0,False,NORMAL,0.9,IDLE,362.0,0.0,0.0,0.0,823.0418447776474
2024-01-07 00:45:00,820.9075040347103,0.0,820.9075040347103,795.468716748573,0.0,795.468716748573,0.0,False,NORMAL,0.9,IDLE,362.0,0.0,0.0,0.0,880.9075040347103
2024-01-07 01:00:00,742.5206155976184,0.0,742.5206155976184,810.5417002954593,0.0,810.5417002954593,0.0,False,NORMAL,0.9,IDLE,362.0,0.0,0.0,0.0,802.5206155976184
2024-01-07 01:15:00,697.3786012063098,0.0,697.3786012063098,795.2112154957465,0.0,795.2112154957465,0.0,False,NORMAL,0.9,IDLE,362.0,0.0,0.0,0.0,757.3786012063098
2024-01-07 01:30:00,672.5766064259279,0.0,672.5766064259279,775.2103866938666,0.0,775.2103866938666,0.0,False,NORMAL,0.9,IDLE,362.0,0.0,0.0,0.0,732.5766064259279
2024-01-07 01:45:00,774.4586243802387,0.0,774.4586243802387,750.741195864123,0.0,750.741195864123,0.0,False,NORMAL,0.9,IDLE,362.0,0.0,0.0,0.0,834.4586243802387
2024-01-07 02:00:00,764.9640850183455,0.0,764.9640850183455,792.2220624161764,0.0,792.2220624161764,0.0,False,NORMAL,0.9,IDLE,362.0,0.0,0.0,0.0,824.9640850183455
2024-01-07 02:15:00,743.8647108742942,0.0,743.8647108742942,793.195667663232,0.0,793.195667663232,0.0,False,NORMAL,0.9,IDLE,362.0,0.0,0.0,0.0,803.8647108742942
2024-01-07 02:30:00,775.8236172514577,0.0,775.8236172514577,804.3010891681779,0.0,804.3010891681779,0.0,False,NORMAL,0.9,IDLE,362.0,0.0,0.0,0.0,835.8236172514577
2024-01-07 02:45:00,717.8552490838522,0.0,717.8552490838522,797.460616713902,0.0,797.460616713902,0.0,False,NORMAL,0.9,IDLE,362.0,0.0,0.0,0.0,777.8552490838522
2024-01-07 03:00:00,835.2285236815517,0.0,835.2285236815517,798.5321214964554,0.0,798.5321214964554,0.0,False,NORMAL,0.9,IDLE,362.0,0.0,0.0,0.0,895.2285236815517
2024-01-07 03:15:00,789.4169014095396,0.0,789.4169014095396,830.9588618852966,0.0,830.9588618852966,0.0,False,NORMAL,0.9,IDLE,362.0,0.0,0.0,0.0,849.4169014095396
2024-01-07 03:30:00,767.5456777287355,0.0,767.5456777287355,793.7989038745176,0.0,793.7989038745176,0.0,False,NORMAL,0.9,IDLE,362.0,0.0,0.0,0.0,827.5456777287355
2024-01-07 03:45:00,773.8359741156507,0.0,773.8359741156507,820.187011089872,0.0,820.187011089872,0.0,False,NORMAL,0.9,IDLE,362.0,0.0,0.0,0.0,833.8359741156507
2024-01-07 04:00:00,771.6549455217878,0.0,771.6549455217878,808.9137552464289,0.0,808.9137552464289,0.0,False,NORMAL,0.9,IDLE,362.0,0.0,0.0,0.0,831.6549455217878
2024-01-07 04:15:00,753.4825276374308,0.0,753.4825276374308,821.10211807977,0.0,821.10211807977,0.0,False,NORMAL,0.9,IDLE,362.0,0.0,0.0,0.0,813.4825276374308
2024-01-07 04:30:00,758.1681201163964,0.0,758.1681201163964,789.3345648152192,0.0,789.3345648152192,0.0,False,NORMAL,0.9,IDLE,362.0,0.0,0.0,0.0,818.1681201163964
2024-01-07 04:45:00,744.4642423335295,0.0,744.4642423335295,757.0620759257444,0.0,757.0620759257444,0.0,False,NORMAL,0.9,IDLE,362.0,0.0,0.0,0.0,804.4642423335295
2024-01-07 05:00:00,807.6415605136056,0.0,807.6415605136056,769.0220795930287,0.0,769.0220795930287,0.0,False,NORMAL,0.9,IDLE,362.0,0.0,0.0,0.0,867.6415605136056
2024-01-07 05:15:00,877.5103909561556,0.0,877.5103909561556,856.8485696187769,0.0,856.8485696187769,0.0,False,NORMAL,0.9,IDLE,362.0,0.0,0.0,0.0,937.5103909561556
2024-01-07 05:30:00,967.3575856350183,0.0,967.3575856350183,927.6818327082538,0.0,927.6818327082538,0.0,False,NORMAL,0.9,IDLE,362.0,0.0,0.0,0.0,967.3575856350183
2024-01-07 05:45:00,978.5215933197915,0.0,978.5215933197915,993.7342285920338,0.0,993.7342285920338,0.0,False,NORMAL,0.9,IDLE,362.0,0.0,0.0,0.0,978.5215933197915
2024-01-07 06:00:00,1057.1280079384244,3.823584925491911e-22,1057.1280079384244,1063.113226226126,1.5661939510590568e-22,1063.113226226126,0.0,False,NORMAL,0.9,IDLE,362.0,0.0,0.0,0.0,1057.1280079384244
2024-01-07 06:15:00,1165.7054037933603,12.199063334094598,1153.5063404592659,1122.29696029842,5.000901267482875,1117.296059030937,0.0,False,NORMAL,0.9,IDLE,362.0,0.0,0.0,0.0,1153.5063404592659
2024-01-07 06:30:00,1297.222460804224,34.321312205187944,1262.901148599036,1251.991070955273,17.97729977932107,1234.013771175952,0.0,False,NORMAL,0.9,IDLE,362.0,0.0,0.0,0.0,1262.901148599036
2024-01-07 06:45:00,1414.8551430085008,48.13879321835573,1366.7163497901452,1321.0493271681719,37.17954622543908,1283.8697809427329,0.0,False,NORMAL,0.9,IDLE,362.0,0.0,0.0,0.0,1366.7163497901452
2024-01-07 07:00:00,1420.1703614427313,100.75578604615136,1319.41457539658,1432.2362912652948,58.763741271582006,1373.4725499937128,0.0,False,NORMAL,0.9,IDLE,362.0,0.0,0.0,0.0,1319.41457539658
2024-01-07 07:15:00,1548.3976717365592,133.87577222408865,1414.5218995124706,1498.3510754179133,94.21922715714624,1404.1318482607671,0.0,False,NORMAL,0.9,IDLE,362.0,0.0,0.0,0.0,1414.5218995124706
2024-01-07 07:30:00,1545.285728346303,174.2895365439022,1370.9961918024007,1557.6770401372914,124.49364116370647,1433.1833989735849,0.0,False,NORMAL,0.9,IDLE,362.0,0.0,0.0,0.0,1370.9961918024007
2024-01-07 07:45:00,1532.5408606858969,215.98292942687743,1316.5579312590194,1595.3747920766032,170.2263251097032,1425.1484669669,0.0,False,NORMAL,0.9,IDLE,362.0,0.0,0.0,0.0,1316.5579312590194
2024-01-07 08:00:00,1572.3255903687682,273.69226755883,1298.6333228099381,1631.2211835562691,185.0171723659183,1446.204011190351,0.0,False,NORMAL,0.9,IDLE,362.0,0.0,0.0,0.0,1298.6333228099381
2024-01-07 08:15:00,1585.8760076949518,301.3771761743447,1284.4988315206072,1638.4693756060717,258.58468046792143,1379.8846951381502,0.0,False,NORMAL,0.9,IDLE,362.0,0.0,0.0,0.0,1284.4988315206072
2024-01-07 08:30:00,1662.7839142525488,349.8243487620064,1312.9595654905424,1672.8643119591877,294.11832096965026,1378.7459909895374,0.0,False,NORMAL,0.9,IDLE,362.0,0.0,0.0,0.0,1312.9595654905424
2024-01-07 08:45:00,1660.132472949863,412.7712184682898,1247.3612544815733,1674.003349092293,339.0155471469366,1334.9878019453565,0.0,False,NORMAL,0.9,IDLE,362.0,0.0,0.0,0.0,1247.3612544815733
2024-01-07 09:00:00,1217.6439526004165,442.0005429257565,775.64340967466,1654.5916246794852,385.01693717214164,1269.5746875073437,0.0,False,NORMAL,0.9,IDLE,362.0,0.0,0.0,0.0,775.64340967466
2024-01-07 09:15:00,1151.1993644750119,393.4058108102179,757.793553664794,1536.8456644322412,426.03446331762495,1110.8112011146163,0.0,False,NORMAL,0.9,IDLE,362.0,0.0,0.0,0.0,757.793553664794
2024-01-07 09:30:00,1233.7978845932826,511.1384563385301,722.6594282547525,1399.8080378086304,438.6378590914062,961.1701787172242,0.0,False,NORMAL,0.9,IDLE,362.0,0.0,0.0,0.0,722.6594282547525
2024-01-07 09:45:00,1250.109724837499,561.9013821627972,688.2083426747018,1438.036572002896,488.57291880083704,949.463653202059,0.0,False,NORMAL,0.9,IDLE,362.0,0.0,0.0,0.0,688.2083426747018
2024-01-07 10:00:00,1360.4379642702843,629.6446687133465,730.7932955569378,1415.0742303777904,545.600049701952,869.4741806758384,0.0,False,NORMAL,0.9,IDLE,362.0,0.0,0.0,0.0,730.7932955569378
2024-01-07 10:15:00,1361.3361625575465,624.4364784133581,736.8996841441883,1453.4249924613123,565.5417772548648,887.8832152064475,0.0,False,NORMAL,0.9,IDLE,362.0,0.0,0.0,0.0,736.8996841441883
2024-01-07 10:30:00,1373.8654176102793,665.7010680567287,708.1643495535507,1468.3864841098468,613.7010019624971,854.6854821473497,0.0,False,NORMAL,0.9,IDLE,362.0,0.0,0.0,0.0,708.1643495535507
2024-01-07 10:45:00,1372.6255590423889,701.9496515871147,670.6759074552742,1472.4585357001383,639.0660057191222,833.3925299810161,0.0,False,NORMAL,0.9,IDLE,362.0,0.0,0.0,0.0,670.6759074552742
2024-01-07 11:00:00,1293.2696706504173,699.2516480583404,594.0180225920769,1499.240355603451,686.5192511582957,812.7211044451553,0.0,False,NORMAL,0.9,IDLE,362.0,0.0,0.0,0.0,594.0180225920769
2024-01-07 11:15:00,1412.6367356761143,731.4536128163304,681.1831228597839,1484.9571236646666,687.2323578362392,797.7247658284274,0.0,False,NORMAL,0.9,IDLE,362.0,0.0,0.0,0.0,681.1831228597839
2024-01-07 11:30:00,1349.4682733953096,758.9784378415096,590.4898355537999,1518.9247922192094,480.98580991028666,1037.9389823089227,0.0,False,NORMAL,0.9,IDLE,362.0,0.0,0.0,0.0,590.4898355537999
2024-01-07 11:45:00,1395.5081658701433,768.8776503156977,626.6305155544457,1492.3299640448874,718.999373005732,773.3305910391555,0.0,False,NORMAL,0.9,IDLE,362.0,0.0,0.0,0.0,626.6305155544457
2024-01-07 12:00:00,1468.6541882665751,325.6897112893599,1142.9644769772153,1519.5597527250231,730.8048676095171,788.754885115506,0.0,False,NORMAL,0.9,IDLE,362.0,0.0,0.0,0.0,1142.9644769772153
2024-01-07 12:15:00,1444.8753559535635,812.90442706176,631.9709288918035,1529.1638996989425,589.4350776861496,939.7288220127929,0.0,False,NORMAL,0.9,IDLE,362.0,0.0,0.0,0.0,631.9709288918035
2024-01-07 12:30:00,1358.4003171947015,754.7799714815865,603.6203457131151,1529.873685646484,707.5618361047033,822.3118495417808,0.0,False,NORMAL,0.9,IDLE,362.0,0.0,0.0,0.0,603.6203457131151
2024-01-07 12:45:00,1335.4634933667298,770.3653469328527,565.0981464338771,1488.8232269484106,680.5096779296505,808.3135490187601,0.0,False,NORMAL,0.9,IDLE,362.0,0.0,0.0,0.0,565.0981464338771
2024-01-07 13:00:00,1499.4472220344394,771.7229064527247,727.7243155817147,1499.4322309665092,687.9136535907115,811.5185773757977,0.0,False,NORMAL,0.9,IDLE,362.0,0.0,0.0,0.0,727.7243155817147
2024-01-07 13:15:00,1401.3139702463325,774.3406476382297,626.9733226081028,1528.5921957826927,513.3923100385996,1015.1998857440931,0.0,False,NORMAL,0.9,IDLE,362.0,0.0,0.0,0.0,626.9733226081028
2024-01-07 13:30:00,1382.4936530102605,484.27936876334394,898.2142842469166,1520.0404052359245,717.7495029005913,802.2909023353332,0.0,False,NORMAL,0.9,IDLE,362.0,0.0,0.0,0.0,898.2142842469166
2024-01-07 13:45:00,1386.7041291183027,702.6649370655073,684.0391920527954,1534.0901616047688,599.3813519100909,934.7088096946779,0.0,False,NORMAL,0.9,IDLE,362.0,0.0,0.0,0.0,684.0391920527954
2024-01-07 14:00:00,1395.0343374927147,682.1086819781672,712.9256555145475,1522.0858553724079,658.4931741102898,863.592681262118,0.0,False,NORMAL,0.9,IDLE,362.0,0.0,0.0,0.0,712.9256555145475
2024-01-07 14:15:00,1375.9043418466595,339.8525034390122,1036.0518384076472,1513.4820238033178,494.14010178220343,1019.3419220211144,0.0,False,NORMAL,0.9,IDLE,362.0,0.0,0.0,0.0,1036.0518384076472
2024-01-07 14:30:00,1360.0803610351422,586.0233669690591,774.0569940660831,1519.558866853724,494.5770291207693,1024.9818377329548,0.0,False,NORMAL,0.9,IDLE,362.0,0.0,0.0,0.0,774.0569940660831
2024-01-07 14:45:00,1378.3557355098053,298.885874802855,1079.4698607069504,1475.1365814427668,467.5681341528282,1007.5684472899386,0.0,False,NORMAL,0.9,IDLE,362.0,0.0,0.0,0.0,1079.4698607069504
2024-01-07 15:00:00,1406.8560408182498,548.5088094548539,858.3472313633958,1459.5870204868784,425.68053723996366,1033.9064832469148,0.0,False,NORMAL,0.9,IDLE,362.0,0.0,0.0,0.0,858.3472313633958
2024-01-07 15:15:00,1354.2344160993873,480.5735101884661,873.6609059109212,1485.720164574487,452.4036668871179,1033.316497687369,0.0,False,NORMAL,0.9,IDLE,362.0,0.0,0.0,0.0,873.6609059109212
2024-01-07 15:30:00,1374.400450802155,143.52339321524445,1230.8770575869107,1465.1581337264047,313.803516277232,1151.3546174491726,0.0,False,NORMAL,0.9,IDLE,362.0,0.0,0.0,0.0,1230.8770575869107
2024-01-07 15:45:00,1396.9095269951686,220.62635339985414,1176.2831735953143,1488.4307178017664,304.92905917488457,1183.5016586268819,0.0,False,NORMAL,0.9,IDLE,362.0,0.0,0.0,0.0,1176.2831735953143
2024-01-07 16:00:00,1378.035854297938,103.09821001522549,1274.9376442827124,1505.159550402344,306.53071169282896,1198.628838709515,0.0,False,NORMAL,0.9,IDLE,362.0,0.0,0.0,0.0,1274.9376442827124
2024-01-07 16:15:00,1541.0491938772,162.89929858104273,1378.1498952961572,1543.8586150942162,219.30467828645746,1324.5539368077589,0.0,False,NORMAL,0.9,IDLE,362.0,0.0,0.0,0.0,1378.1498952961572
2024-01-07 16:30:00,1444.8586206022937,262.155204237147,1182.7034163651467,1622.1145083365402,183.00404903323567,1439.1104593033047,0.0,False,NORMAL,0.9,IDLE,362.0,0.0,0.0,0.0,1182.7034163651467
2024-01-07 16:45:00,1639.3727137191563,212.54670402960392,1426.8260096895524,1631.10222133259,177.51218681406797,1453.590034518522,0.0,False,NORMAL,0.9,IDLE,362.0,0.0,0.0,0.0,1426.8260096895524
2024-01-07 17:00:00,1711.0500502879759,167.5284242812829,1543.521626006693,1732.2459884810098,167.49251596104304,1564.7534725199669,0.0,False,WATCH,0.9,IDLE,362.0,0.0,0.0,0.0,1543.521626006693
2024-01-07 17:15:00,1645.6494410254732,129.9429200193325,1515.7065210061407,1797.6277287260064,116.7436092745549,1680.8841194514514,0.0,False,WATCH,0.9,IDLE,362.0,0.0,0.0,0.0,1515.7065210061407
2024-01-07 17:30:00,1811.8864584406256,98.56843785981452,1713.318020580811,1860.68690440976,127.733281084995,1732.953623324765,0.0,False,WATCH,0.9,IDLE,362.0,0.0,0.0,0.0,1713.318020580811
2024-01-07 17:45:00,1890.0513422526997,66.7519680588484,1823.2993741938512,1946.3064680304708,93.52537830849106,1852.7810897219797,0.0,False,WARNING,0.9,IDLE,362.0,0.0,0.0,0.0,1823.2993741938512
2024-01-07 18:00:00,1862.555632720457,35.90492372927635,1826.6507089911806,1979.461326746032,65.89959391487731,1913.5617328311546,0.0,False,WARNING,0.9,IDLE,362.0,0.0,0.0,0.0,1826.6507089911806
2024-01-07 18:15:00,1952.178317152214,11.731930660966201,1940.446386491248,2037.529686851167,36.71216981148583,2000.8175170396812,0.0,False,WARNING,0.9,IDLE,362.0,0.0,0.0,0.0,1940.446386491248
2024-01-07 18:30:00,1990.554994115187,3.8183203351728754e-22,1990.554994115187,2110.735089172015,13.832242651864176,2096.9028465201504,0.0,False,WARNING,0.9,IDLE,362.0,0.0,0.0,0.0,1990.554994115187
2024-01-07 18:45:00,2136.7036806046194,0.0,2136.7036806046194,2146.2109473076994,4.218734270017482,2141.9922130376817,0.0,False,WARNING,0.9,IDLE,362.0,0.0,0.0,0.0,2136.7036806046194
2024-01-07 19:00:00,2089.167394281045,0.0,2089.167394281045,2054.8230492674275,0.0,2054.8230492674275,0.0,False,WARNING,0.9,IDLE,362.0,0.0,0.0,0.0,2089.167394281045
2024-01-07 19:15:00,2108.538476048045,0.0,2108.538476048045,2106.152369256996,0.0,2106.152369256996,0.0,False,WARNING,0.9,IDLE,362.0,0.0,0.0,0.0,2108.538476048045
2024-01-07 19:30:00,2102.91471309792,0.0,2102.91471309792,2090.091808745165,0.0,2090.091808745165,0.0,False,WARNING,0.9,IDLE,362.0,0.0,0.0,0.0,2102.91471309792
2024-01-07 19:45:00,2050.447920602402,0.0,2050.447920602402,2090.7207641882737,0.0,2090.7207641882737,0.0,False,WARNING,0.9,IDLE,362.0,0.0,0.0,0.0,2050.447920602402
2024-01-07 20:00:00,1886.447146373137,0.0,1886.447146373137,2063.115386462502,0.0,2063.115386462502,0.0,False,WARNING,0.9,IDLE,362.0,0.0,0.0,0.0,1886.447146373137
2024-01-07 20:15:00,1970.5080218398607,0.0,1970.5080218398607,2005.161985758257,0.0,2005.161985758257,0.0,False,WARNING,0.9,IDLE,362.0,0.0,0.0,0.0,1970.5080218398607
2024-01-07 20:30:00,1887.4395955275754,0.0,1887.4395955275754,2012.5771224238965,0.0,2012.5771224238965,0.0,False,WARNING,0.9,IDLE,362.0,0.0,0.0,0.0,1887.4395955275754
2024-01-07 20:45:00,1891.502279346073,0.0,1891.502279346073,1934.5551859966233,0.0,1934.5551859966233,0.0,False,WATCH,0.9,IDLE,362.0,0.0,0.0,0.0,1891.502279346073
2024-01-07 21:00:00,1822.2182647843008,0.0,1822.2182647843008,1933.301802742517,0.0,1933.301802742517,0.0,False,WATCH,0.9,IDLE,362.0,0.0,0.0,0.0,1822.2182647843008
2024-01-07 21:15:00,1780.6313062622874,0.0,1780.6313062622874,1863.3405325724466,0.0,1863.3405325724466,0.0,False,WATCH,0.9,IDLE,362.0,0.0,0.0,0.0,1780.6313062622874
2024-01-07 21:30:00,1717.5484732422585,0.0,1717.5484732422585,1818.42839092812,0.0,1818.42839092812,0.0,False,WATCH,0.9,IDLE,362.0,0.0,0.0,0.0,1717.5484732422585
2024-01-07 21:45:00,1609.3019142174485,0.0,1609.3019142174485,1728.4292269546843,0.0,1728.4292269546843,0.0,False,WATCH,0.9,IDLE,362.0,0.0,0.0,0.0,1609.3019142174485
2024-01-07 22:00:00,1430.2118538708091,0.0,1430.2118538708091,1622.9127288390941,0.0,1622.9127288390941,0.0,False,NORMAL,0.9,IDLE,362.0,0.0,0.0,0.0,1430.2118538708091
2024-01-07 22:15:00,1380.3755207986187,0.0,1380.3755207986187,1465.7642849232127,0.0,1465.7642849232127,0.0,False,NORMAL,0.9,IDLE,362.0,0.0,0.0,0.0,1380.3755207986187
2024-01-07 22:30:00,1143.9515874095025,0.0,1143.9515874095025,1387.9023171030078,0.0,1387.9023171030078,0.0,False,NORMAL,0.9,IDLE,362.0,0.0,0.0,0.0,1143.9515874095025
2024-01-07 22:45:00,1070.4492446887834,0.0,1070.4492446887834,1179.0191929090847,0.0,1179.0191929090847,0.0,False,NORMAL,0.9,IDLE,362.0,0.0,0.0,0.0,1070.4492446887834
2024-01-07 23:00:00,911.0222261315582,0.0,911.0222261315582,1082.6408282812588,0.0,1082.6408282812588,0.0,False,NORMAL,0.9,IDLE,362.0,0.0,0.0,0.0,971.0222261315582
2024-01-07 23:15:00,869.0046454110318,0.0,869.0046454110318,1002.7582837206913,0.0,1002.7582837206913,0.0,False,NORMAL,0.9,IDLE,362.0,0.0,0.0,0.0,929.0046454110318
2024-01-07 23:30:00,836.3839673479258,0.0,836.3839673479258,940.1245036036928,0.0,940.1245036036928,0.0,False,NORMAL,0.9,IDLE,362.0,0.0,0.0,0.0,896.3839673479258
2024-01-07 23:45:00,769.6650096001234,0.0,769.6650096001234,853.4656877097003,0.0,853.4656877097003,0.0,False,NORMAL,0.9,IDLE,362.0,0.0,0.0,0.0,829.6650096001234
2024-01-08 00:00:00,822.5163436382945,0.0,822.5163436382945,778.5867486034388,0.0,778.5867486034388,0.0,False,NORMAL,0.9,IDLE,362.0,0.0,0.0,0.0,882.5163436382945
2024-01-08 00:15:00,790.3951271034268,0.0,790.3951271034268,798.5904961405082,0.0,798.5904961405082,0.0,False,NORMAL,0.9,IDLE,362.0,0.0,0.0,0.0,850.3951271034268
2024-01-08 00:30:00,816.2870147505927,0.0,816.2870147505927,773.5730121167499,0.0,773.5730121167499,0.0,False,NORMAL,0.9,IDLE,362.0,0.0,0.0,0.0,876.2870147505927
2024-01-08 00:45:00,849.3697220137012,0.0,849.3697220137012,806.5654736755652,0.0,806.5654736755652,0.0,False,NORMAL,0.9,IDLE,362.0,0.0,0.0,0.0,909.3697220137012
2024-01-08 01:00:00,809.6029349556834,0.0,809.6029349556834,788.0562697041837,0.0,788.0562697041837,0.0,False,NORMAL,0.9,IDLE,362.0,0.0,0.0,0.0,869.6029349556834
2024-01-08 01:15:00,752.6225102585627,0.0,752.6225102585627,758.0167913613145,0.0,758.0167913613145,0.0,False,NORMAL,0.9,IDLE,362.0,0.0,0.0,0.0,812.6225102585627
2024-01-08 01:30:00,748.3395901588208,0.0,748.3395901588208,731.2897304547898,0.0,731.2897304547898,0.0,False,NORMAL,0.9,IDLE,362.0,0.0,0.0,0.0,808.3395901588208
2024-01-08 01:45:00,819.4678413150325,0.0,819.4678413150325,773.876703705407,0.0,773.876703705407,0.0,False,NORMAL,0.9,IDLE,362.0,0.0,0.0,0.0,879.4678413150325
2024-01-08 02:00:00,750.6233383936114,0.0,750.6233383936114,781.6366684374944,0.0,781.6366684374944,0.0,False,NORMAL,0.9,IDLE,362.0,0.0,0.0,0.0,810.6233383936114
2024-01-08 02:15:00,850.2841635489187,0.0,850.2841635489187,752.1883447128165,0.0,752.1883447128165,0.0,False,NORMAL,0.9,IDLE,362.0,0.0,0.0,0.0,910.2841635489187
2024-01-08 02:30:00,761.996548470134,0.0,761.996548470134,797.0173605984542,0.0,797.0173605984542,0.0,False,NORMAL,0.9,IDLE,362.0,0.0,0.0,0.0,821.996548470134
2024-01-08 02:45:00,853.537111929887,0.0,853.537111929887,750.4117542385435,0.0,750.4117542385435,0.0,False,NORMAL,0.9,IDLE,362.0,0.0,0.0,0.0,913.537111929887
2024-01-08 03:00:00,830.3122761666716,0.0,830.3122761666716,829.6158513902693,0.0,829.6158513902693,0.0,False,NORMAL,0.9,IDLE,362.0,0.0,0.0,0.0,890.3122761666716
2024-01-08 03:15:00,811.0437352644972,0.0,811.0437352644972,811.0767617151231,0.0,811.0767617151231,0.0,False,NORMAL,0.9,IDLE,362.0,0.0,0.0,0.0,871.0437352644972
2024-01-08 03:30:00,822.477661616145,0.0,822.477661616145,793.3718062732172,0.0,793.3718062732172,0.0,False,NORMAL,0.9,IDLE,362.0,0.0,0.0,0.0,882.477661616145
2024-01-08 03:45:00,781.5772240058859,0.0,781.5772240058859,802.1417978328273,0.0,802.1417978328273,0.0,False,NORMAL,0.9,IDLE,362.0,0.0,0.0,0.0,841.5772240058859
2024-01-08 04:00:00,807.8571409281642,0.0,807.8571409281642,787.6458412727517,0.0,787.6458412727517,0.0,False,NORMAL,0.9,IDLE,362.0,0.0,0.0,0.0,867.8571409281642
2024-01-08 04:15:00,865.7103058286723,0.0,865.7103058286723,780.7155790021395,0.0,780.7155790021395,0.0,False,NORMAL,0.9,IDLE,362.0,0.0,0.0,0.0,925.7103058286723
2024-01-08 04:30:00,809.6008517848397,0.0,809.6008517848397,802.6818888522553,0.0,802.6818888522553,0.0,False,NORMAL,0.9,IDLE,362.0,0.0,0.0,0.0,869.6008517848397
2024-01-08 04:45:00,818.9981205592718,0.0,818.9981205592718,780.3005371546191,0.0,780.3005371546191,0.0,False,NORMAL,0.9,IDLE,362.0,0.0,0.0,0.0,878.9981205592718
2024-01-08 05:00:00,799.4684099275087,0.0,799.4684099275087,815.5967000530977,0.0,815.5967000530977,0.0,False,NORMAL,0.9,IDLE,362.0,0.0,0.0,0.0,859.4684099275087
2024-01-08 05:15:00,905.7221623994963,0.0,905.7221623994963,843.5906219733074,0.0,843.5906219733074,0.0,False,NORMAL,0.9,IDLE,362.0,0.0,0.0,0.0,965.7221623994963
2024-01-08 05:30:00,1012.1860198068591,0.0,1012.1860198068591,912.4748803517513,0.0,912.4748803517513,0.0,False,NORMAL,0.9,IDLE,362.0,0.0,0.0,0.0,1012.1860198068591
2024-01-08 05:45:00,1021.7771826073954,0.0,1021.7771826073954,959.5437267967269,0.0,959.5437267967269,0.0,False,NORMAL,0.9,IDLE,362.0,0.0,0.0,0.0,1021.7771826073954
2024-01-08 06:00:00,1178.5888415620466,3.5285337995503597e-22,1178.5888415620466,1014.6259891631629,1.7843396318962253e-22,1014.6259891631629,0.0,False,NORMAL,0.9,IDLE,362.0,0.0,0.0,0.0,1178.5888415620466
2024-01-08 06:15:00,1338.088310426181,11.749595552513641,1326.3387148736672,1130.7251040072952,5.692896222577479,1125.0322077847177,0.0,False,NORMAL,0.9,IDLE,362.0,0.0,0.0,0.0,1326.3387148736672
2024-01-08 06:30:00,1451.6177664270047,33.639349531435705,1417.978416895569,1265.420359793448,19.639404324446083,1245.7809554690018,0.0,False,NORMAL,0.9,IDLE,362.0,0.0,0.0,0.0,1417.978416895569
2024-01-08 06:45:00,1548.4890445796177,60.38285887607992,1488.106185703538,1382.2441195879471,33.816035903468155,1348.428083684479,0.0,False,NORMAL,0.9,IDLE,362.0,0.0,0.0,0.0,1488.106185703538
2024-01-08 07:00:00,1643.4803695369524,90.5328126124387,1552.9475569245137,1450.9014903717384,69.4198270653244,1381.481663306414,0.0,False,NORMAL,0.9,IDLE,362.0,0.0,0.0,0.0,1552.9475569245137
2024-01-08 07:15:00,1760.7083918903777,126.37991863946098,1634.3284732509167,1568.1985668103678,99.20396125674576,1468.994605553622,0.0,False,NORMAL,0.9,IDLE,362.0,0.0,0.0,0.0,1634.3284732509167
2024-01-08 07:30:00,1809.2369901581185,138.20185623066328,1671.0351339274553,1625.6793752779342,135.6818437193177,1489.9975315586166,0.0,False,NORMAL,0.9,IDLE,362.0,0.0,0.0,0.0,1671.0351339274553
2024-01-08 07:45:00,1914.7235733578898,210.8643422701051,1703.8592310877848,1660.2125278875658,166.51223858099561,1493.70028930657,0.0,False,NORMAL,0.9,IDLE,362.0,0.0,0.0,0.0,1703.8592310877848
2024-01-08 08:00:00,2034.373323025752,256.5604033889112,1777.8129196368407,1729.1124688838443,222.33244601761666,1506.7800228662277,0.0,False,NORMAL,0.9,IDLE,362.0,0.0,0.0,0.0,1777.8129196368407
2024-01-08 08:15:00,2066.6591618366783,287.5499518976812,1779.109209938997,1790.9441167137954,259.0755764658148,1531.8685402479807,0.0,False,NORMAL,0.9,IDLE,362.0,0.0,0.0,0.0,1779.109209938997
2024-01-08 08:30:00,2203.8167876229863,309.44166069541177,1894.3751269275745,1856.7564479353036,301.54049767657546,1555.2159502587283,0.0,False,NORMAL,0.9,IDLE,362.0,0.0,0.0,0.0,1894.3751269275745
2024-01-08 08:45:00,2218.4255186010237,377.4173501039221,1841.0081684971015,1916.8394422975603,349.4427339907767,1567.3967083067837,0.0,False,NORMAL,0.9,IDLE,362.0,0.0,0.0,0.0,1841.0081684971015
2024-01-08 09:00:00,1887.7955864026214,415.6367962224828,1472.1587901801386,1736.565476250871,391.5032839972518,1345.062192253619,0.0,False,NORMAL,0.9,IDLE,362.0,0.0,0.0,0.0,1472.1587901801386
2024-01-08 09:15:00,1882.806856157889,473.84420902732194,1408.962647130567,1616.020755103612,389.7853061387986,1226.2354489648133,0.0,False,NORMAL,0.9,IDLE,362.0,0.0,0.0,0.0,1408.962647130567
2024-01-08 09:30:00,1858.9019127425138,559.8185828587267,1299.083329883787,1636.910026423814,473.05284825412315,1163.857178169691,0.0,False,NORMAL,0.9,IDLE,362.0,0.0,0.0,0.0,1299.083329883787
2024-01-08 09:45:00,1893.446789119176,559.6922029101195,1333.7545862090565,1607.7635354492886,535.1346291134707,1072.6289063358179,0.0,False,NORMAL,0.9,IDLE,362.0,0.0,0.0,0.0,1333.7545862090565
2024-01-08 10:00:00,1923.7646905947433,632.5201402093346,1291.2445503854087,1636.949839837487,580.7668968878368,1056.1829429496502,0.0,False,NORMAL,0.9,IDLE,362.0,0.0,0.0,0.0,1291.2445503854087
2024-01-08 10:15:00,1895.9473993831414,628.6093196508949,1267.3380797322466,1646.3808062492822,612.021567259684,1034.359238989598,0.0,False,NORMAL,0.9,IDLE,362.0,0.0,0.0,0.0,1267.3380797322466
2024-01-08 10:30:00,1787.3715039991348,636.2266978127664,1151.1448061863684,1643.6350060420605,642.7482409662958,1000.8867650757646,0.0,False,NORMAL,0.9,IDLE,362.0,0.0,0.0,0.0,1151.1448061863684
2024-01-08 10:45:00,1806.2054271996954,279.72903496774273,1526.4763922319526,1612.300743245911,666.0461073778544,946.2546358680567,0.0,False,NORMAL,0.9,IDLE,362.0,0.0,0.0,0.0,1526.4763922319526
2024-01-08 11:00:00,1812.1685177199697,398.23033394758573,1413.938183772384,1580.5012628614538,560.2893147761339,1020.2119480853199,0.0,False,NORMAL,0.9,IDLE,362.0,0.0,0.0,0.0,1413.938183772384
2024-01-08 11:15:00,1843.5028912566013,757.6349485170618,1085.8679427395396,1628.372625757061,581.0003547583938,1047.3722709986673,0.0,False,NORMAL,0.9,IDLE,362.0,0.0,0.0,0.0,1085.8679427395396
2024-01-08 11:30:00,1905.5566074715764,382.9639668021176,1522.592640669459,1602.1714919799338,683.3140877746717,918.857404205262,0.0,False,NORMAL,0.9,IDLE,362.0,0.0,0.0,0.0,1522.592640669459
2024-01-08 11:45:00,1815.9929621790864,750.2012605654727,1065.7917016136137,1646.6039979965124,582.530681291258,1064.0733167052545,0.0,False,NORMAL,0.9,IDLE,362.0,0.0,0.0,0.0,1065.7917016136137
2024-01-08 12:00:00,1822.0481225620392,495.87184652268434,1326.176276039355,1660.6446686354304,495.72335454305244,1164.921314092378,0.0,False,NORMAL,0.9,IDLE,362.0,0.0,0.0,0.0,1326.176276039355
2024-01-08 12:15:00,1805.0238799138954,772.080265147875,1032.9436147660203,1652.429023992652,674.100666972431,978.328357020221,0.0,False,NORMAL,0.9,IDLE,362.0,0.0,0.0,0.0,1032.9436147660203
2024-01-08 12:30:00,1764.3077659080825,786.2180188602874,978.0897470477951,1607.7513644153921,710.1361571575391,897.6152072578531,0.0,False,NORMAL,0.9,IDLE,362.0,0.0,0.0,0.0,978.0897470477951
2024-01-08 12:45:00,1773.9678161674549,745.4350287206461,1028.532787446809,1575.644802767392,763.1072728627291,812.537529904663,0.0,False,NORMAL,0.9,IDLE,362.0,0.0,0.0,0.0,1028.532787446809
2024-01-08 13:00:00,1806.895014872788,718.8247748938772,1088.0702399789106,1650.6928813567058,751.204909395685,899.4879719610208,0.0,False,NORMAL,0.9,IDLE,362.0,0.0,0.0,0.0,1088.0702399789106
2024-01-08 13:15:00,1770.8645756439787,725.9739393962768,1044.8906362477019,1610.2598652517693,756.0335101712602,854.226355080509,0.0,False,NORMAL,0.9,IDLE,362.0,0.0,0.0,0.0,1044.8906362477019
2024-01-08 13:30:00,1773.5368438427747,707.5602947392397,1065.976549103535,1588.972250120586,627.8047227729272,961.1675273476588,0.0,False,NORMAL,0.9,IDLE,362.0,0.0,0.0,0.0,1065.976549103535
2024-01-08 13:45:00,1856.7441752281572,539.9283359899105,1316.8158392382468,1594.5465802759384,709.8391752452656,884.7074050306728,0.0,False,NORMAL,0.9,IDLE,362.0,0.0,0.0,0.0,1316.8158392382468
2024-01-08 14:00:00,1856.1134002120245,651.9575708558331,1204.1558293561916,1623.9023113245264,651.7617431094162,972.1405682151102,0.0,False,NORMAL,0.9,IDLE,362.0,0.0,0.0,0.0,1204.1558293561916
2024-01-08 14:15:00,1963.5839389122418,614.8403931117549,1348.743545800487,1619.3601938222105,504.77129350050956,1114.588900321701,0.0,False,NORMAL,0.9,IDLE,362.0,0.0,0.0,0.0,1348.743545800487
2024-01-08 14:30:00,1907.3238247146655,602.006973850845,1305.3168508638205,1653.2343904402185,601.6850921222601,1051.5492983179583,0.0,False,NORMAL,0.9,IDLE,362.0,0.0,0.0,0.0,1305.3168508638205
2024-01-08 14:45:00,1892.523673823055,560.3675709479903,1332.1561028750648,1660.0117866501134,457.02354112378504,1202.9882455263285,0.0,False,NORMAL,0.9,IDLE,362.0,0.0,0.0,0.0,1332.1561028750648
2024-01-08 15:00:00,1826.3628431570135,379.8143958115201,1446.5484473454933,1672.1403400920499,566.5139042337514,1105.6264358582985,0.0,False,NORMAL,0.9,IDLE,362.0,0.0,0.0,0.0,1446.5484473454933
2024-01-08 15:15:00,1912.275608134717,454.7172766281865,1457.5583315065305,1631.1189428828575,471.3289731374785,1159.789969745379,0.0,False,NORMAL,0.9,IDLE,362.0,0.0,0.0,0.0,1457.5583315065305
2024-01-08 15:30:00,1851.9529100183374,423.47408024556313,1428.4788297727744,1655.5176302610353,318.00881480985356,1337.5088154511818,0.0,False,NORMAL,0.9,IDLE,362.0,0.0,0.0,0.0,1428.4788297727744
2024-01-08 15:45:00,1881.3117851011052,391.91050575324533,1489.4012793478598,1645.7548325655941,336.27353487820756,1309.4812976873866,0.0,False,NORMAL,0.9,IDLE,362.0,0.0,0.0,0.0,1489.4012793478598
2024-01-08 16:00:00,1947.897538640344,128.8994138063894,1818.9981248339545,1642.6343108490837,257.4864440667326,1385.1478667823512,0.0,False,NORMAL,0.9,IDLE,362.0,0.0,0.0,0.0,1818.9981248339545
2024-01-08 16:15:00,1971.7739399160052,289.8170854546688,1681.9568544613364,1741.1301250218403,206.23447065257906,1534.8956543692611,0.0,False,NORMAL,0.9,IDLE,362.0,0.0,0.0,0.0,1681.9568544613364
2024-01-08 16:30:00,2092.9591763503895,253.91027577878333,1839.0489005716063,1707.9780782839546,275.3395222966869,1432.6385559872676,0.0,False,NORMAL,0.9,IDLE,362.0,0.0,0.0,0.0,1839.0489005716063
2024-01-08 16:45:00,2108.651745291068,207.24971173614423,1901.4020335549237,1846.4718592361878,231.0205247230989,1615.451334513089,0.0,False,WATCH,0.9,IDLE,362.0,0.0,0.0,0.0,1901.4020335549237
2024-01-08 17:00:00,2230.4823903665088,172.72839313997545,2057.753997226533,1904.0511284291044,188.6387971412753,1715.4123312878291,0.0,False,WATCH,0.9,IDLE,362.0,0.0,0.0,0.0,2057.753997226533
2024-01-08 17:15:00,2350.1034627794515,130.71941984020302,2219.3840429392485,1922.3436577679818,165.111441392276,1757.2322163757058,0.0,False,WATCH,0.9,IDLE,362.0,0.0,0.0,0.0,2219.3840429392485
2024-01-08 17:30:00,2338.1436120485932,92.55687202603994,2245.5867400225534,2059.871201546162,128.54093850041224,1931.3302630457497,0.0,False,WARNING,0.9,IDLE,362.0,0.0,0.0,0.0,2245.5867400225534
2024-01-08 17:45:00,2423.97356480691,61.53810985662884,2362.435454950281,2113.3552453418015,92.44965171802068,2020.9055936237808,0.0,False,WARNING,0.8671392342366943,DISCHARGING,362.0,0.0,62.43545495028093,0.0,2300.0
2024-01-08 18:00:00,2440.4328528480296,19.35505681575242,2421.077796032277,2144.4478280518815,65.50778668481466,2078.940041367067,0.0,False,WARNING,0.8362748441935384,DISCHARGING,177.0,0.0,121.07779603227709,0.0,2300.0
2024-01-08 18:15:00,2428.9237254841228,7.624574657981385,2421.299150826141,2206.874049104189,27.931816500513822,2178.942232603675,0.0,False,CRITICAL,0.836158341670452,DISCHARGING,177.0,0.0,121.29915082614116,0.0,2300.0
2024-01-08 18:30:00,2505.5827234174267,3.65371560516003e-22,2505.5827234174267,2225.732335677893,10.457323516609778,2215.275012161283,0.0,False,CRITICAL,0.7957380492198433,DISCHARGING,177.0,0.0,205.58272341742668,0.0,2300.0
2024-01-08 18:45:00,2526.8654603284194,0.0,2526.8654603284194,2324.744275631841,2.1952356507932813,2322.549039981048,22.549039981047827,False,CRITICAL,0.7500193858890962,DISCHARGING,222.0,0.0,226.86546032841943,0.0,2300.0
2024-01-08 19:00:00,2452.1064564607,0.0,2452.1064564607,2312.877849652386,0.0,2312.877849652386,12.877849652385976,False,CRITICAL,0.7500193858890962,RESERVED,72.0,0.0,211.5713585156841,0.0,2240.535097945016
2024-01-08 19:15:00,2396.9077093066035,0.0,2396.9077093066035,2303.079185430815,0.0,2303.079185430815,3.0791854308149595,False,CRITICAL,0.7500193858890962,RESERVED,12.0,0.0,292.1827329989619,0.0,2104.7249763076416
2024-01-08 19:30:00,2393.0627086450286,0.0,2393.0627086450286,2285.6660395312297,0.0,2285.6660395312297,0.0,False,WARNING,0.7500193858890962,IDLE,12.0,0.0,326.29515159731864,0.0,2066.76755704771
2024-01-08 19:45:00,2383.4888583865495,0.0,2383.4888583865495,2248.7939945011426,0.0,2248.7939945011426,0.0,False,WARNING,0.7500193858890962,IDLE,57.0,0.0,266.93888207785267,0.0,2116.549976308697
2024-01-08 20:00:00,2383.6174638596467,0.0,2383.6174638596467,2157.7466511898106,0.0,2157.7466511898106,0.0,False,WARNING,0.7500193858890962,IDLE,57.0,0.0,208.2965409958565,0.0,2175.32092286379
2024-01-08 20:15:00,2393.6681405111312,0.0,2393.6681405111312,2191.5843081064054,0.0,2191.5843081064054,0.0,False,WARNING,0.7500193858890962,IDLE,57.0,0.0,200.59016926686354,0.0,2193.0779712442677
2024-01-08 20:30:00,2311.706074993502,0.0,2311.706074993502,2152.8940057259674,0.0,2152.8940057259674,0.0,False,WARNING,0.7500193858890962,IDLE,197.0,0.0,117.8029785124495,0.0,2193.9030964810527
2024-01-08 20:45:00,2174.1231814724033,0.0,2174.1231814724033,2129.0366722060644,0.0,2129.0366722060644,0.0,False,WARNING,0.7500193858890962,IDLE,302.0,0.0,37.191604029171685,0.0,2136.9315774432316
2024-01-08 21:00:00,2185.15484051948,0.0,2185.15484051948,2050.1698163888377,0.0,2050.1698163888377,0.0,False,WARNING,0.7500193858890962,IDLE,302.0,0.0,3.0791854308149595,0.0,2182.075655088665
2024-01-08 21:15:00,2127.392712097188,0.0,2127.392712097188,2018.086109097995,0.0,2018.086109097995,0.0,False,WARNING,0.7500193858890962,IDLE,362.0,0.0,0.0,0.0,2127.392712097188
2024-01-08 21:30:00,2036.7235284056674,0.0,2036.7235284056674,1953.557480775677,0.0,1953.557480775677,0.0,False,WATCH,0.7500193858890962,IDLE,362.0,0.0,0.0,0.0,2036.7235284056674
2024-01-08 21:45:00,1862.8342245048832,0.0,1862.8342245048832,1859.9659876076491,0.0,1859.9659876076491,0.0,False,WATCH,0.7500193858890962,IDLE,362.0,0.0,0.0,0.0,1862.8342245048832
2024-01-08 22:00:00,1714.7291228155432,0.0,1714.7291228155432,1711.321571184087,0.0,1711.321571184087,0.0,False,NORMAL,0.7500193858890962,IDLE,362.0,0.0,0.0,0.0,1714.7291228155432
2024-01-08 22:15:00,1552.4945026038608,0.0,1552.4945026038608,1615.2875578120147,0.0,1615.2875578120147,0.0,False,NORMAL,0.7500193858890962,IDLE,362.0,0.0,0.0,0.0,1552.4945026038608
2024-01-08 22:30:00,1381.541416025571,0.0,1381.541416025571,1422.5944668629618,0.0,1422.5944668629618,0.0,False,NORMAL,0.7500193858890962,IDLE,362.0,0.0,0.0,0.0,1381.541416025571
2024-01-08 22:45:00,1182.4864063973146,0.0,1182.4864063973146,1298.6699920861972,0.0,1298.6699920861972,0.0,False,NORMAL,0.7500193858890962,IDLE,362.0,0.0,0.0,0.0,1182.4864063973146
2024-01-08 23:00:00,1099.4443148519922,0.0,1099.4443148519922,1122.5118966079933,0.0,1122.5118966079933,0.0,False,NORMAL,0.7500193858890962,IDLE,362.0,0.0,0.0,0.0,1159.4443148519922
2024-01-08 23:15:00,1056.8333612321676,0.0,1056.8333612321676,1034.3895408876451,0.0,1034.3895408876451,0.0,False,NORMAL,0.7500193858890962,IDLE,362.0,0.0,0.0,0.0,1116.8333612321676
2024-01-08 23:30:00,982.0198300309845,0.0,982.0198300309845,970.5407277050485,0.0,970.5407277050485,0.0,False,NORMAL,0.7500193858890962,IDLE,362.0,0.0,0.0,0.0,1042.0198300309844
2024-01-08 23:45:00,902.7386670216843,0.0,902.7386670216843,893.625936667112,0.0,893.625936667112,0.0,False,NORMAL,0.7500193858890962,IDLE,362.0,0.0,0.0,0.0,962.7386670216843
2024-01-09 00:00:00,748.8001329925298,0.0,748.8001329925298,880.8419468020969,0.0,880.8419468020969,0.0,False,NORMAL,0.8212693858890963,CHARGING,362.0,0.0,0.0,0.0,958.8001329925298
2024-01-09 00:15:00,810.2758183733243,0.0,810.2758183733243,806.0513926129357,0.0,806.0513926129357,0.0,False,NORMAL,0.8925193858890963,CHARGING,362.0,0.0,0.0,0.0,1020.2758183733243
2024-01-09 00:30:00,786.201008648394,0.0,786.201008648394,815.693667985179,0.0,815.693667985179,0.0,False,NORMAL,0.9,CHARGING,362.0,0.0,0.0,0.0,861.9496699345071
2024-01-09 00:45:00,817.8569717327068,0.0,817.8569717327068,814.3735726453441,0.0,814.3735726453441,0.0,False,NORMAL,0.9,IDLE,362.0,0.0,0.0,0.0,877.8569717327068
2024-01-09 01:00:00,810.101971334264,0.0,810.101971334264,797.9409080601245,0.0,797.9409080601245,0.0,False,NORMAL,0.9,IDLE,362.0,0.0,0.0,0.0,870.101971334264
2024-01-09 01:15:00,800.0189284267506,0.0,800.0189284267506,775.7789284807919,0.0,775.7789284807919,0.0,False,NORMAL,0.9,IDLE,362.0,0.0,0.0,0.0,860.0189284267506
2024-01-09 01:30:00,800.9179658022504,0.0,800.9179658022504,772.5271452312036,0.0,772.5271452312036,0.0,False,NORMAL,0.9,IDLE,362.0,0.0,0.0,0.0,860.9179658022504
2024-01-09 01:45:00,777.6404996203212,0.0,777.6404996203212,809.131054684977,0.0,809.131054684977,0.0,False,NORMAL,0.9,IDLE,362.0,0.0,0.0,0.0,837.6404996203212
2024-01-09 02:00:00,791.2425948964819,0.0,791.2425948964819,772.2632807720767,0.0,772.2632807720767,0.0,False,NORMAL,0.9,IDLE,362.0,0.0,0.0,0.0,851.2425948964819
2024-01-09 02:15:00,801.6238082083432,0.0,801.6238082083432,818.7236304440211,0.0,818.7236304440211,0.0,False,NORMAL,0.9,IDLE,362.0,0.0,0.0,0.0,861.6238082083432
2024-01-09 02:30:00,780.9516457503264,0.0,780.9516457503264,780.5941266273464,0.0,780.5941266273464,0.0,False,NORMAL,0.9,IDLE,362.0,0.0,0.0,0.0,840.9516457503264
2024-01-09 02:45:00,772.7143475131097,0.0,772.7143475131097,816.2065606074092,0.0,816.2065606074092,0.0,False,NORMAL,0.9,IDLE,362.0,0.0,0.0,0.0,832.7143475131097
2024-01-09 03:00:00,840.3634067380441,0.0,840.3634067380441,803.2982741488951,0.0,803.2982741488951,0.0,False,NORMAL,0.9,IDLE,362.0,0.0,0.0,0.0,900.3634067380441
2024-01-09 03:15:00,773.5623026670945,0.0,773.5623026670945,813.8728037796418,0.0,813.8728037796418,0.0,False,NORMAL,0.9,IDLE,362.0,0.0,0.0,0.0,833.5623026670945
2024-01-09 03:30:00,847.1249579981463,0.0,847.1249579981463,801.8174529316223,0.0,801.8174529316223,0.0,False,NORMAL,0.9,IDLE,362.0,0.0,0.0,0.0,907.1249579981463
2024-01-09 03:45:00,767.8899766177824,0.0,767.8899766177824,805.3785588381879,0.0,805.3785588381879,0.0,False,NORMAL,0.9,IDLE,362.0,0.0,0.0,0.0,827.8899766177824
2024-01-09 04:00:00,787.1420911517312,0.0,787.1420911517312,799.0725659681545,0.0,799.0725659681545,0.0,False,NORMAL,0.9,IDLE,362.0,0.0,0.0,0.0,847.1420911517312
2024-01-09 04:15:00,772.1620066206257,0.0,772.1620066206257,825.707795393541,0.0,825.707795393541,0.0,False,NORMAL,0.9,IDLE,362.0,0.0,0.0,0.0,832.1620066206257
2024-01-09 04:30:00,869.9559237724438,0.0,869.9559237724438,796.552977211165,0.0,796.552977211165,0.0,False,NORMAL,0.9,IDLE,362.0,0.0,0.0,0.0,929.9559237724438
2024-01-09 04:45:00,803.4614011928186,0.0,803.4614011928186,825.0505136021809,0.0,825.0505136021809,0.0,False,NORMAL,0.9,IDLE,362.0,0.0,0.0,0.0,863.4614011928186
2024-01-09 05:00:00,834.0248341100183,0.0,834.0248341100183,802.2484399609054,0.0,802.2484399609054,0.0,False,NORMAL,0.9,IDLE,362.0,0.0,0.0,0.0,894.0248341100183
2024-01-09 05:15:00,839.0748947784869,0.0,839.0748947784869,864.2872197025006,0.0,864.2872197025006,0.0,False,NORMAL,0.9,IDLE,362.0,0.0,0.0,0.0,899.0748947784869
2024-01-09 05:30:00,970.9968207194257,0.0,970.9968207194257,918.8436244395541,0.0,918.8436244395541,0.0,False,NORMAL,0.9,IDLE,362.0,0.0,0.0,0.0,970.9968207194257
2024-01-09 05:45:00,1093.3460683838643,0.0,1093.3460683838643,963.4028830299399,0.0,963.4028830299399,0.0,False,NORMAL,0.9,IDLE,362.0,0.0,0.0,0.0,1093.3460683838643
2024-01-09 06:00:00,1179.9356762597276,2.200904707540408e-22,1179.9356762597276,1087.785990669181,1.6466491064568347e-22,1087.785990669181,0.0,False,NORMAL,0.9,IDLE,362.0,0.0,0.0,0.0,1179.9356762597276
2024-01-09 06:15:00,1286.5299750195954,11.556988932237472,1274.9729860873579,1210.902143536933,5.4831445911730325,1205.41899894576,0.0,False,NORMAL,0.9,IDLE,362.0,0.0,0.0,0.0,1274.9729860873579
2024-01-09 06:30:00,1372.953706237711,32.24732320537143,1340.7063830323395,1322.7093489829178,19.26176803544322,1303.4475809474745,0.0,False,NORMAL,0.9,IDLE,362.0,0.0,0.0,0.0,1340.7063830323395
2024-01-09 06:45:00,1553.6791189049964,57.89631000485683,1495.7828089001396,1422.5200551692278,39.08467454151328,1383.4353806277145,0.0,False,NORMAL,0.9,IDLE,362.0,0.0,0.0,0.0,1495.7828089001396
2024-01-09 07:00:00,1655.2274558109889,90.05201600947748,1565.1754398015114,1545.1095597199542,63.750367482102995,1481.3591922378512,0.0,False,NORMAL,0.9,IDLE,362.0,0.0,0.0,0.0,1565.1754398015114
2024-01-09 07:15:00,1649.5476852341208,114.57367720073071,1534.97400803339,1662.145742734628,95.21838547987616,1566.9273572547518,0.0,False,NORMAL,0.9,IDLE,362.0,0.0,0.0,0.0,1534.97400803339
2024-01-09 07:30:00,1775.9266347992827,154.60060924339828,1621.3260255558844,1710.4679012491317,114.83738747951031,1595.6305137696213,0.0,False,NORMAL,0.9,IDLE,362.0,0.0,0.0,0.0,1621.3260255558844
2024-01-09 07:45:00,1922.2166294932724,190.02541672127646,1732.1912127719959,1818.6525832497061,167.94871451068562,1650.7038687390204,0.0,False,WATCH,0.9,IDLE,362.0,0.0,0.0,0.0,1732.1912127719959
2024-01-09 08:00:00,2019.2614636763,243.76912869283117,1775.492334983469,1935.9511009196494,208.25488360835269,1727.6962173112968,0.0,False,WATCH,0.9,IDLE,362.0,0.0,0.0,0.0,1775.492334983469
2024-01-09 08:15:00,2037.4150499262594,272.63590856718395,1764.7791413590753,2000.5242232423755,247.32984277301867,1753.1943804693567,0.0,False,WATCH,0.9,IDLE,362.0,0.0,0.0,0.0,1764.7791413590753
2024-01-09 08:30:00,2100.852724296511,324.9203987263086,1775.9323255702025,2098.7773592927856,276.6955932740652,1822.0817660187204,0.0,False,WATCH,0.9,IDLE,362.0,0.0,0.0,0.0,1775.9323255702025
2024-01-09 08:45:00,2188.4469626612104,363.6137711939974,1824.833191467213,2142.42728262393,333.7336830707617,1808.693599553168,0.0,False,WATCH,0.9,IDLE,362.0,0.0,0.0,0.0,1824.833191467213
2024-01-09 09:00:00,1746.459864761949,387.96623242607984,1358.493632335869,2027.4891705714113,373.93723695393123,1653.55193361748,0.0,False,NORMAL,0.9,IDLE,362.0,0.0,0.0,0.0,1358.493632335869
2024-01-09 09:15:00,1753.2869270345016,429.95142444313524,1323.3355025913663,1903.1225271180947,417.98338382139747,1485.1391432966973,0.0,False,NORMAL,0.9,IDLE,362.0,0.0,0.0,0.0,1323.3355025913663
2024-01-09 09:30:00,1795.078079929973,494.0601485700445,1301.0179313599285,1866.6661585554684,479.66037950181965,1387.005779053649,0.0,False,NORMAL,0.9,IDLE,362.0,0.0,0.0,0.0,1301.0179313599285
2024-01-09 09:45:00,1752.6011488950508,368.75630960818705,1383.8448392868636,1863.0516400348306,507.2352240877219,1355.8164159471087,0.0,False,NORMAL,0.9,IDLE,362.0,0.0,0.0,0.0,1383.8448392868636
2024-01-09 10:00:00,1806.4999974646798,547.5984597199769,1258.901537744703,1828.8960792388154,512.1131831294981,1316.7828961093173,0.0,False,NORMAL,0.9,IDLE,362.0,0.0,0.0,0.0,1258.901537744703
2024-01-09 10:15:00,1828.5886206827347,563.2985672294471,1265.2900534532876,1832.5914223372129,563.1086334216782,1269.4827889155347,0.0,False,NORMAL,0.9,IDLE,362.0,0.0,0.0,0.0,1265.2900534532876
2024-01-09 10:30:00,1899.3551969974528,599.5290021474038,1299.826194850049,1791.581810660169,580.0010837317302,1211.5807269284387,0.0,False,NORMAL,0.9,IDLE,362.0,0.0,0.0,0.0,1299.826194850049
2024-01-09 10:45:00,1802.9186235123252,629.5607334241806,1173.3578900881446,1822.7933582877479,429.60909241368046,1393.1842658740675,0.0,False,NORMAL,0.9,IDLE,362.0,0.0,0.0,0.0,1173.3578900881446
2024-01-09 11:00:00,1824.9723206667113,636.8829349323292,1188.0893857343822,1819.1207051619763,512.7917285954128,1306.3289765665636,0.0,False,NORMAL,0.9,IDLE,362.0,0.0,0.0,0.0,1188.0893857343822
2024-01-09 11:15:00,1818.3209615603064,650.9980645154193,1167.3228970448872,1840.0741783821636,688.5521205344381,1151.5220578477256,0.0,False,NORMAL,0.9,IDLE,362.0,0.0,0.0,0.0,1167.3228970448872
2024-01-09 11:30:00,1810.7520755115195,347.0034837137182,1463.7485917978013,1865.6356064009549,522.5871398943176,1343.0484665066374,0.0,False,NORMAL,0.9,IDLE,362.0,0.0,0.0,0.0,1463.7485917978013
2024-01-09 11:45:00,1855.7661910691481,677.2775387331694,1178.4886523359787,1815.8145690555277,607.6545657414066,1208.1600033141212,0.0,False,NORMAL,0.9,IDLE,362.0,0.0,0.0,0.0,1178.4886523359787
2024-01-09 12:00:00,1722.2384994711233,684.0572195251739,1038.1812799459494,1831.824979316867,562.7845149237695,1269.0404643930974,0.0,False,NORMAL,0.9,IDLE,362.0,0.0,0.0,0.0,1038.1812799459494
2024-01-09 12:15:00,1765.1096744676502,683.378382931655,1081.7312915359953,1784.7232347914269,696.7458928220598,1087.977341969367,0.0,False,NORMAL,0.9,IDLE,362.0,0.0,0.0,0.0,1081.7312915359953
2024-01-09 12:30:00,1768.851950348445,699.4693152399725,1069.3826351084724,1769.164957630677,704.9833719827145,1064.1815856479625,0.0,False,NORMAL,0.9,IDLE,362.0,0.0,0.0,0.0,1069.3826351084724
2024-01-09 12:45:00,1780.3960566097549,714.5604547496081,1065.8356018601467,1773.4342303984347,718.1931290321883,1055.2411013662463,0.0,False,NORMAL,0.9,IDLE,362.0,0.0,0.0,0.0,1065.8356018601467
2024-01-09 13:00:00,1780.6599522304934,715.5287513300144,1065.1312009004791,1784.565493402576,712.0943715996971,1072.471121802879,0.0,False,NORMAL,0.9,IDLE,362.0,0.0,0.0,0.0,1065.1312009004791
2024-01-09 13:15:00,1867.9178509522735,251.82790913393174,1616.0899418183417,1772.8454033180722,717.9182645089012,1054.927138809171,0.0,False,NORMAL,0.9,IDLE,362.0,0.0,0.0,0.0,1616.0899418183417
2024-01-09 13:30:00,1728.4975724363649,694.2735272076419,1034.2240452287228,1802.4820592148492,576.6298658783975,1225.8521933364518,0.0,False,NORMAL,0.9,IDLE,362.0,0.0,0.0,0.0,1034.2240452287228
2024-01-09 13:45:00,1726.3890689128486,416.16231886827677,1310.2267500445719,1805.4543668136673,589.2620488171149,1216.1923179965524,0.0,False,NORMAL,0.9,IDLE,362.0,0.0,0.0,0.0,1310.2267500445719
2024-01-09 14:00:00,1833.945484424189,485.6221190394364,1348.3233653847526,1803.523201828556,553.9313332016105,1249.5918686269456,0.0,False,NORMAL,0.9,IDLE,362.0,0.0,0.0,0.0,1348.3233653847526
2024-01-09 14:15:00,1816.7641770471273,274.1151037664836,1542.6490732806437,1881.244995019937,533.0965235168414,1348.1484715030956,0.0,False,NORMAL,0.9,IDLE,362.0,0.0,0.0,0.0,1542.6490732806437
2024-01-09 14:30:00,1778.9137888997252,531.3007050066432,1247.6130838930821,1846.7681178454475,480.97350900367377,1365.7946088417737,0.0,False,NORMAL,0.9,IDLE,362.0,0.0,0.0,0.0,1247.6130838930821
2024-01-09 14:45:00,1897.5687881795143,500.2588367816394,1397.309951397875,1835.2577921449442,505.4502009235533,1329.8075912213908,0.0,False,NORMAL,0.9,IDLE,362.0,0.0,0.0,0.0,1397.309951397875
2024-01-09 15:00:00,1900.701391377113,474.85163562124814,1425.8497557558649,1845.3384918871145,421.1914679208448,1424.1470239662697,0.0,False,NORMAL,0.9,IDLE,362.0,0.0,0.0,0.0,1425.8497557558649
2024-01-09 15:15:00,1816.7667305138084,445.2729181245324,1371.493812389276,1889.5174960408683,461.1245061442541,1428.3929898966142,0.0,False,NORMAL,0.9,IDLE,362.0,0.0,0.0,0.0,1371.493812389276
2024-01-09 15:30:00,1813.668077406824,406.2727726886537,1407.3953047181703,1845.9673246441023,443.0911471402635,1402.8761775038388,0.0,False,NORMAL,0.9,IDLE,362.0,0.0,0.0,0.0,1407.3953047181703
2024-01-09 15:45:00,1871.6645540439533,347.72644378292046,1523.9381102610328,1861.9198393640017,416.1202321694275,1445.7996071945743,0.0,False,NORMAL,0.9,IDLE,362.0,0.0,0.0,0.0,1523.9381102610328
2024-01-09 16:00:00,1801.208554051305,307.47533411205535,1493.7332199392497,1901.1948016932538,265.76127083626585,1635.433530856988,0.0,False,NORMAL,0.9,IDLE,362.0,0.0,0.0,0.0,1493.7332199392497
2024-01-09 16:15:00,1921.5804290649771,268.22439466215684,1653.3560344028203,1888.6229851974924,323.1393348522427,1565.4836503452498,0.0,False,WATCH,0.9,IDLE,362.0,0.0,0.0,0.0,1653.3560344028203
2024-01-09 16:30:00,1979.7776143461194,234.34514161658896,1745.4324727295304,1981.9405019945636,276.367678641067,1705.5728233534967,0.0,False,WATCH,0.9,IDLE,362.0,0.0,0.0,0.0,1745.4324727295304
2024-01-09 16:45:00,2046.1876657446214,194.1340433719588,1852.0536223726626,2013.234153951417,233.41866093553566,1779.8154930158814,0.0,False,WARNING,0.9,IDLE,362.0,0.0,0.0,0.0,1852.0536223726626
2024-01-09 17:00:00,2228.7190154867344,152.58234186599867,2076.1366736207356,2099.4959941130683,196.09702848037807,1903.3989656326903,0.0,False,WARNING,0.9,IDLE,362.0,0.0,0.0,0.0,2076.1366736207356
2024-01-09 17:15:00,2285.3559749788296,121.77094791086802,2163.5850270679616,2234.112953238952,154.97542668522306,2079.137526553729,0.0,False,WARNING,0.9,IDLE,362.0,0.0,0.0,0.0,2163.5850270679616
2024-01-09 17:30:00,2240.0857644901052,93.12796106343757,2146.957803426668,2271.667100604102,119.00422380533215,2152.66287679877,0.0,False,WARNING,0.9,IDLE,362.0,0.0,0.0,0.0,2146.957803426668
2024-01-09 17:45:00,2271.8208279366595,56.17394483942836,2215.6468830972312,2321.777715127424,87.77968926214916,2233.998025865275,0.0,False,CRITICAL,0.9,RESERVED,362.0,0.0,0.0,0.0,2215.6468830972312
2024-01-09 18:00:00,2316.063750151679,30.795397279471842,2285.2683528722073,2357.163269004574,49.289213723398845,2307.874055281175,7.87405528117506,False,CRITICAL,0.9,RESERVED,177.0,0.0,47.52656147069865,0.0,2237.7417914015086
2024-01-09 18:15:00,2384.3639919743505,11.249778290890337,2373.11421368346,2366.0164314132003,28.93717695281904,2337.0792544603814,37.079254460381435,False,CRITICAL,0.9,RESERVED,177.0,0.0,158.91171816025553,0.0,2214.2024955232046
2024-01-09 18:30:00,2419.1506834004044,3.312840198954092e-22,2419.1506834004044,2423.953923309775,12.618161697804611,2411.33576161197,111.33576161197016,False,CRITICAL,0.9,RESERVED,177.0,0.0,185.0,0.0,2234.1506834004044
2024-01-09 18:45:00,2461.242965274349,0.0,2461.242965274349,2454.9746980633295,3.331575616516908,2451.6431224468124,151.6431224468124,False,CRITICAL,0.9,RESERVED,105.0,0.0,243.85086631183594,0.0,2217.392098962513
2024-01-09 19:00:00,2326.144845485061,0.0,2326.144845485061,2440.779820714619,0.0,2440.779820714619,140.77982071461884,False,CRITICAL,0.9,RESERVED,12.0,0.0,350.0,0.0,1976.144845485061
2024-01-09 19:15:00,2334.1892775164606,0.0,2334.1892775164606,2384.0474957139304,0.0,2384.0474957139304,84.0474957139304,False,CRITICAL,0.9,RESERVED,0.0,0.0,362.0,0.0,1972.1892775164606
2024-01-09 19:30:00,2307.3565760413094,0.0,2307.3565760413094,2381.013688336321,0.0,2381.013688336321,81.01368833632114,False,CRITICAL,0.9,RESERVED,12.0,0.0,350.0,0.0,1957.3565760413094
2024-01-09 19:45:00,2289.4493130639753,0.0,2289.4493130639753,2360.3989815176997,0.0,2360.3989815176997,60.39898151769967,False,CRITICAL,0.9,RESERVED,45.0,0.0,314.47343852930135,0.0,1974.975874534674
2024-01-09 20:00:00,2285.0138297756544,0.0,2285.0138297756544,2341.0076524956717,0.0,2341.0076524956717,41.007652495671664,False,CRITICAL,0.9,RESERVED,12.0,0.0,238.61484331044312,0.0,2046.3989864652112
2024-01-09 20:15:00,2296.95794398473,0.0,2296.95794398473,2339.564893838475,0.0,2339.564893838475,39.5648938384752,False,CRITICAL,0.9,RESERVED,12.0,0.0,165.7083024980343,0.0,2131.2496414866955
2024-01-09 20:30:00,2210.3245072732843,0.0,2210.3245072732843,2300.031077213994,0.0,2300.031077213994,0.031077213994194608,False,CRITICAL,0.9,RESERVED,177.0,0.0,132.12406264834544,0.0,2078.200444624939
2024-01-09 20:45:00,2189.1431774461043,0.0,2189.1431774461043,2207.194890866556,0.0,2207.194890866556,0.0,False,WARNING,0.9,IDLE,222.0,0.0,87.15513986233964,0.0,2101.9880375837647
2024-01-09 21:00:00,2100.780971717879,0.0,2100.780971717879,2202.595807570652,0.0,2202.595807570652,0.0,False,WARNING,0.9,IDLE,222.0,0.0,87.15513986233964,0.0,2013.6258318555392
2024-01-09 21:15:00,2063.257148584774,0.0,2063.257148584774,2140.204802379132,0.0,2140.204802379132,0.0,False,WARNING,0.9,IDLE,222.0,0.0,87.15513986233964,0.0,1976.1020087224342
2024-01-09 21:30:00,2002.8232631244775,0.0,2002.8232631244775,2070.6454077050234,0.0,2070.6454077050234,0.0,False,WARNING,0.9,IDLE,222.0,0.0,87.15513986233964,0.0,1915.668123262138
2024-01-09 21:45:00,1777.2175305542721,0.0,1777.2175305542721,1959.0553528847897,0.0,1959.0553528847897,0.0,False,WARNING,0.9,IDLE,222.0,0.0,84.62857839164099,0.0,1692.5889521626311
2024-01-09 22:00:00,1596.9501256205413,0.0,1596.9501256205413,1804.9620987760238,0.0,1804.9620987760238,0.0,False,WATCH,0.9,IDLE,222.0,0.0,39.595971052469395,0.0,1557.3541545680719
2024-01-09 22:15:00,1522.6815017978854,0.0,1522.6815017978854,1646.4079365371442,0.0,1646.4079365371442,0.0,False,NORMAL,0.9,IDLE,222.0,0.0,0.031077213994194608,0.0,1522.6504245838912
2024-01-09 22:30:00,1352.9420072852463,0.0,1352.9420072852463,1507.03725445939,0.0,1507.03725445939,0.0,False,NORMAL,0.9,IDLE,362.0,0.0,0.0,0.0,1352.9420072852463
2024-01-09 22:45:00,1265.9709428191618,0.0,1265.9709428191618,1322.3262922932702,0.0,1322.3262922932702,0.0,False,NORMAL,0.9,IDLE,362.0,0.0,0.0,0.0,1265.9709428191618
2024-01-09 23:00:00,1053.2134534569473,0.0,1053.2134534569473,1223.6099995658637,0.0,1223.6099995658637,0.0,False,NORMAL,0.9,IDLE,362.0,0.0,0.0,0.0,1113.2134534569473
2024-01-09 23:15:00,996.8884215632318,0.0,996.8884215632318,1111.4811590014756,0.0,1111.4811590014756,0.0,False,NORMAL,0.9,IDLE,362.0,0.0,0.0,0.0,1056.8884215632318
2024-01-09 23:30:00,996.3310153347174,0.0,996.3310153347174,1021.5898027151236,0.0,1021.5898027151236,0.0,False,NORMAL,0.9,IDLE,362.0,0.0,0.0,0.0,1056.3310153347174
2024-01-09 23:45:00,947.5906918788942,0.0,947.5906918788942,960.3890708944122,0.0,960.3890708944122,0.0,False,NORMAL,0.9,IDLE,362.0,0.0,0.0,0.0,1007.5906918788942
2024-01-10 00:00:00,838.4287044478492,0.0,838.4287044478492,855.5595131149008,0.0,855.5595131149008,0.0,False,NORMAL,0.9,IDLE,362.0,0.0,0.0,0.0,898.4287044478492
2024-01-10 00:15:00,803.2790782742557,0.0,803.2790782742557,843.6447056320948,0.0,843.6447056320948,0.0,False,NORMAL,0.9,IDLE,362.0,0.0,0.0,0.0,863.2790782742557
2024-01-10 00:30:00,814.2294062991359,0.0,814.2294062991359,812.6105039601366,0.0,812.6105039601366,0.0,False,NORMAL,0.9,IDLE,362.0,0.0,0.0,0.0,874.2294062991359
2024-01-10 00:45:00,827.659653406648,0.0,827.659653406648,816.8462530637676,0.0,816.8462530637676,0.0,False,NORMAL,0.9,IDLE,362.0,0.0,0.0,0.0,887.659653406648
2024-01-10 01:00:00,813.5268559816484,0.0,813.5268559816484,811.5737425050528,0.0,811.5737425050528,0.0,False,NORMAL,0.9,IDLE,362.0,0.0,0.0,0.0,873.5268559816484
2024-01-10 01:15:00,839.9535981706207,0.0,839.9535981706207,803.0214148194144,0.0,803.0214148194144,0.0,False,NORMAL,0.9,IDLE,362.0,0.0,0.0,0.0,899.9535981706207
2024-01-10 01:30:00,755.5666686428791,0.0,755.5666686428791,812.4571277342429,0.0,812.4571277342429,0.0,False,NORMAL,0.9,IDLE,362.0,0.0,0.0,0.0,815.5666686428791
2024-01-10 01:45:00,798.913111930436,0.0,798.913111930436,778.9371976539751,0.0,778.9371976539751,0.0,False,NORMAL,0.9,IDLE,362.0,0.0,0.0,0.0,858.913111930436
2024-01-10 02:00:00,807.7282626824489,0.0,807.7282626824489,795.3712964186421,0.0,795.3712964186421,0.0,False,NORMAL,0.9,IDLE,362.0,0.0,0.0,0.0,867.7282626824489
2024-01-10 02:15:00,771.1190023934524,0.0,771.1190023934524,802.5947960961203,0.0,802.5947960961203,0.0,False,NORMAL,0.9,IDLE,362.0,0.0,0.0,0.0,831.1190023934524
2024-01-10 02:30:00,813.8598043511012,0.0,813.8598043511012,778.7007288686353,0.0,778.7007288686353,0.0,False,NORMAL,0.9,IDLE,362.0,0.0,0.0,0.0,873.8598043511012
2024-01-10 02:45:00,773.4784596452594,0.0,773.4784596452594,788.995341929736,0.0,788.995341929736,0.0,False,NORMAL,0.9,IDLE,362.0,0.0,0.0,0.0,833.4784596452594
2024-01-10 03:00:00,791.4246143763655,0.0,791.4246143763655,809.7128659210846,0.0,809.7128659210846,0.0,False,NORMAL,0.9,IDLE,362.0,0.0,0.0,0.0,851.4246143763655
2024-01-10 03:15:00,798.4583756489785,0.0,798.4583756489785,780.5575962555757,0.0,780.5575962555757,0.0,False,NORMAL,0.9,IDLE,362.0,0.0,0.0,0.0,858.4583756489785
2024-01-10 03:30:00,802.0657751861856,0.0,802.0657751861856,820.8573860392252,0.0,820.8573860392252,0.0,False,NORMAL,0.9,IDLE,362.0,0.0,0.0,0.0,862.0657751861856
2024-01-10 03:45:00,782.3046679812529,0.0,782.3046679812529,782.626229444995,0.0,782.626229444995,0.0,False,NORMAL,0.9,IDLE,362.0,0.0,0.0,0.0,842.3046679812529
2024-01-10 04:00:00,744.6237414934075,0.0,744.6237414934075,787.6794390322605,0.0,787.6794390322605,0.0,False,NORMAL,0.9,IDLE,362.0,0.0,0.0,0.0,804.6237414934075
2024-01-10 04:15:00,807.2195983815915,0.0,807.2195983815915,769.2256832249577,0.0,769.2256832249577,0.0,False,NORMAL,0.9,IDLE,362.0,0.0,0.0,0.0,867.2195983815915
2024-01-10 04:30:00,823.1928313277992,0.0,823.1928313277992,828.6084942077576,0.0,828.6084942077576,0.0,False,NORMAL,0.9,IDLE,362.0,0.0,0.0,0.0,883.1928313277992
2024-01-10 04:45:00,890.2649171585178,0.0,890.2649171585178,803.9418160462764,0.0,803.9418160462764,0.0,False,NORMAL,0.9,IDLE,362.0,0.0,0.0,0.0,950.2649171585178
2024-01-10 05:00:00,795.9836311717735,0.0,795.9836311717735,841.844004282709,0.0,841.844004282709,0.0,False,NORMAL,0.9,IDLE,362.0,0.0,0.0,0.0,855.9836311717735
2024-01-10 05:15:00,887.8695131064173,0.0,887.8695131064173,827.0915566890253,0.0,827.0915566890253,0.0,False,NORMAL,0.9,IDLE,362.0,0.0,0.0,0.0,947.8695131064173
2024-01-10 05:30:00,1002.671484202894,0.0,1002.671484202894,915.9600868020635,0.0,915.9600868020635,0.0,False,NORMAL,0.9,IDLE,362.0,0.0,0.0,0.0,1002.671484202894
2024-01-10 05:45:00,1133.2205344013653,0.0,1133.2205344013653,1014.3374279618902,0.0,1014.3374279618902,0.0,False,NORMAL,0.9,IDLE,362.0,0.0,0.0,0.0,1133.2205344013653
2024-01-10 06:00:00,1184.854657149573,3.7574032152750065e-22,1184.854657149573,1105.3077725310493,1.0270888635188572e-22,1105.3077725310493,0.0,False,NORMAL,0.9,IDLE,362.0,0.0,0.0,0.0,1184.854657149573
2024-01-10 06:15:00,1301.1858486651502,11.503662741424419,1289.6821859237257,1197.510478646613,5.39326150171082,1192.117217144902,0.0,False,NORMAL,0.9,IDLE,362.0,0.0,0.0,0.0,1289.6821859237257
2024-01-10 06:30:00,1417.1769890183493,32.83684222522067,1384.3401467931287,1298.059768445644,18.595713507779198,1279.4640549378648,0.0,False,NORMAL,0.9,IDLE,362.0,0.0,0.0,0.0,1384.3401467931287
2024-01-10 06:45:00,1509.8033829414048,57.320178303357494,1452.4832046380473,1441.3616241920338,38.101609583494934,1403.2600146085388,0.0,False,NORMAL,0.9,IDLE,362.0,0.0,0.0,0.0,1452.4832046380473
2024-01-10 07:00:00,1585.4892193646583,92.1646537063606,1493.3245656582976,1543.3307229088564,63.39303786184514,1479.9376850470112,0.0,False,NORMAL,0.9,IDLE,362.0,0.0,0.0,0.0,1493.3245656582976
2024-01-10 07:15:00,1699.2955234994188,119.05264101159945,1580.2428824878193,1588.7985429711075,90.35687452563573,1498.4416684454718,0.0,False,NORMAL,0.9,IDLE,362.0,0.0,0.0,0.0,1580.2428824878193
2024-01-10 07:30:00,1817.5481143963602,167.99199338084244,1649.5561210155179,1703.6875614906146,124.04832147840727,1579.6392400122072,0.0,False,NORMAL,0.9,IDLE,362.0,0.0,0.0,0.0,1649.5561210155179
2024-01-10 07:45:00,1843.5961822417567,209.15355413914241,1634.4426281026142,1828.663592826161,162.85418184746524,1665.8094109786957,0.0,False,NORMAL,0.9,IDLE,362.0,0.0,0.0,0.0,1634.4426281026142
2024-01-10 08:00:00,1982.7398025613695,256.41714381644084,1726.3226587449287,1906.3372109164454,209.84871325779037,1696.488497658655,0.0,False,WATCH,0.9,IDLE,362.0,0.0,0.0,0.0,1726.3226587449287
2024-01-10 08:15:00,2044.6617900690258,280.15034956637487,1764.5114405026509,1976.3121345501759,247.35430081718488,1728.957833732991,0.0,False,WATCH,0.9,IDLE,362.0,0.0,0.0,0.0,1764.5114405026509
2024-01-10 08:30:00,2171.722703183515,333.6307215290669,1838.091981654448,2045.7295734841534,289.98518041098123,1755.7443930731722,0.0,False,WATCH,0.9,IDLE,362.0,0.0,0.0,0.0,1838.091981654448
2024-01-10 08:45:00,2180.427322683279,191.64296828060694,1988.7843544026719,2142.3944793892933,333.266315197907,1809.1281641913863,0.0,False,WATCH,0.9,IDLE,362.0,0.0,0.0,0.0,1988.7843544026719
2024-01-10 09:00:00,1806.0512529794648,422.8444353988883,1383.2068175805766,1964.2694888832966,310.3532252520223,1653.9162636312744,0.0,False,NORMAL,0.9,IDLE,362.0,0.0,0.0,0.0,1383.2068175805766
2024-01-10 09:15:00,1806.935609690782,212.8750969042179,1594.0605127865642,1865.6516321919355,395.1633862441678,1470.4882459477676,0.0,False,NORMAL,0.9,IDLE,362.0,0.0,0.0,0.0,1594.0605127865642
2024-01-10 09:30:00,1872.4282437447018,462.57460439393907,1409.8536393507627,1862.5863206659244,371.00793481101374,1491.5783858549107,0.0,False,NORMAL,0.9,IDLE,362.0,0.0,0.0,0.0,1409.8536393507627
2024-01-10 09:45:00,1830.6538711025669,541.7322399032846,1288.9216311992823,1831.90718886239,378.43148370044935,1453.4757051619408,0.0,False,NORMAL,0.9,IDLE,362.0,0.0,0.0,0.0,1288.9216311992823
2024-01-10 10:00:00,1801.7029362533428,569.0184782862414,1232.6844579671015,1815.0343728773535,507.6941379688447,1307.3402349085088,0.0,False,NORMAL,0.9,IDLE,362.0,0.0,0.0,0.0,1232.6844579671015
2024-01-10 10:15:00,1889.1699897556398,594.1399302788042,1295.0300594768355,1816.9180272898354,532.7480985396272,1284.1699287502083,0.0,False,NORMAL,0.9,IDLE,362.0,0.0,0.0,0.0,1295.0300594768355
2024-01-10 10:30:00,1767.895071502889,648.6948210084647,1119.2002504944244,1873.2988587855966,585.7430216818152,1287.5558371037814,0.0,False,NORMAL,0.9,IDLE,362.0,0.0,0.0,0.0,1119.2002504944244
2024-01-10 10:45:00,1762.086508172616,484.35857274979105,1277.7279354228249,1792.0795547113566,631.0923919075734,1160.9871628037831,0.0,False,NORMAL,0.9,IDLE,362.0,0.0,0.0,0.0,1277.7279354228249
2024-01-10 11:00:00,1831.156065163787,351.8195530480634,1479.3365121157235,1804.7098081325246,586.9725878124262,1217.7372203200985,0.0,False,NORMAL,0.9,IDLE,362.0,0.0,0.0,0.0,1479.3365121157235
2024-01-10 11:15:00,1779.0765137808792,661.6577172808143,1117.418796500065,1819.5788093639699,550.8876918774981,1268.6911174864717,0.0,False,NORMAL,0.9,IDLE,362.0,0.0,0.0,0.0,1117.418796500065
2024-01-10 11:30:00,1799.1224640925934,693.0186400152063,1106.1038240773871,1793.5169912974704,478.121135685331,1315.3958556121395,0.0,False,NORMAL,0.9,IDLE,362.0,0.0,0.0,0.0,1106.1038240773871
2024-01-10 11:45:00,1860.2207967989689,780.3757574762498,1079.845039322719,1822.6805594096948,641.0199463391414,1181.6606130705534,0.0,False,NORMAL,0.9,IDLE,362.0,0.0,0.0,0.0,1079.845039322719
2024-01-10 12:00:00,1782.1536650780147,324.6695520886837,1457.484112989331,1783.0163922796444,687.8250915717758,1095.1913007078685,0.0,False,NORMAL,0.9,IDLE,362.0,0.0,0.0,0.0,1457.484112989331
2024-01-10 12:15:00,1748.267566160899,740.9716028814778,1007.2959632794211,1779.1876262961039,582.0838685695023,1197.1037577266015,0.0,False,NORMAL,0.9,IDLE,362.0,0.0,0.0,0.0,1007.2959632794211
2024-01-10 12:30:00,1753.175040973726,730.6191433073462,1022.5558976663798,1773.774110105444,688.5065499402428,1085.267560165201,0.0,False,NORMAL,0.9,IDLE,362.0,0.0,0.0,0.0,1022.5558976663798
2024-01-10 12:45:00,1820.228371196666,527.1787002167255,1293.0496709799406,1776.581803683626,700.4615597880385,1076.1202438955875,0.0,False,NORMAL,0.9,IDLE,362.0,0.0,0.0,0.0,1293.0496709799406
2024-01-10 13:00:00,1790.219834070242,555.2767209171711,1234.943113153071,1786.732513215161,637.3530525510879,1149.3794606640731,0.0,False,NORMAL,0.9,IDLE,362.0,0.0,0.0,0.0,1234.943113153071
2024-01-10 13:15:00,1776.0521955792633,692.0174862577641,1084.0347093214991,1822.6751146324711,438.75269081373807,1383.922423818733,0.0,False,NORMAL,0.9,IDLE,362.0,0.0,0.0,0.0,1084.0347093214991
2024-01-10 13:30:00,1838.9490720079548,695.2049796465483,1143.7440923614065,1756.2388363583148,671.1304519961003,1085.1083843622146,0.0,False,NORMAL,0.9,IDLE,362.0,0.0,0.0,0.0,1143.7440923614065
2024-01-10 13:45:00,1759.2930436495371,653.6652940822511,1105.6277495672862,1775.0270428456554,536.9272992086138,1238.0997436370417,0.0,False,NORMAL,0.9,IDLE,362.0,0.0,0.0,0.0,1105.6277495672862
2024-01-10 14:00:00,1785.6241260694742,671.0720366455303,1114.552089423944,1804.171164701067,581.9286479933377,1222.2425167077295,0.0,False,NORMAL,0.9,IDLE,362.0,0.0,0.0,0.0,1114.552089423944
2024-01-10 14:15:00,1838.5243223698162,617.8745679773293,1220.649754392487,1802.5418916091212,486.3839496502408,1316.1579419588804,0.0,False,NORMAL,0.9,IDLE,362.0,0.0,0.0,0.0,1220.649754392487
2024-01-10 14:30:00,1881.5540793796208,592.9937643345758,1288.5603150450452,1801.8642450034693,588.5147014112873,1213.3495435921818,0.0,False,NORMAL,0.9,IDLE,362.0,0.0,0.0,0.0,1288.5603150450452
2024-01-10 14:45:00,1866.114786422191,526.7515749307178,1339.363211491473,1868.7923573533087,564.998725221267,1303.7936321320417,0.0,False,NORMAL,0.9,IDLE,362.0,0.0,0.0,0.0,1339.363211491473
2024-01-10 15:00:00,1853.6515086220638,514.1540246673119,1339.497483954752,1876.4324232559818,526.9589449504109,1349.473478305571,0.0,False,NORMAL,0.9,IDLE,362.0,0.0,0.0,0.0,1339.497483954752
2024-01-10 15:15:00,1872.0230577873833,346.6333166912477,1525.3897410961356,1840.4818168564013,493.82607451097743,1346.655742345424,0.0,False,NORMAL,0.9,IDLE,362.0,0.0,0.0,0.0,1525.3897410961356
2024-01-10 15:30:00,1839.972453786396,418.6849636390155,1421.2874901473806,1844.3885166760854,415.25072240439323,1429.1377942716922,0.0,False,NORMAL,0.9,IDLE,362.0,0.0,0.0,0.0,1421.2874901473806
2024-01-10 15:45:00,1885.7950863349174,393.3602563444741,1492.4348299904432,1862.7684184493821,390.65348155944287,1472.1149368899391,0.0,False,NORMAL,0.9,IDLE,362.0,0.0,0.0,0.0,1492.4348299904432
2024-01-10 16:00:00,1821.5523052207304,321.64435074291174,1499.9079544778187,1841.180792041792,354.6204594588317,1486.5603325829604,0.0,False,NORMAL,0.9,IDLE,362.0,0.0,0.0,0.0,1499.9079544778187
2024-01-10 16:15:00,1975.186599646793,290.75538931295847,1684.4312103338345,1878.9022694398607,305.4547395115325,1573.447529928328,0.0,False,WATCH,0.9,IDLE,362.0,0.0,0.0,0.0,1684.4312103338345
2024-01-10 16:30:00,2061.556056428113,249.6078127575572,1811.948243670556,1948.1498900466302,278.6599312447395,1669.4899588018907,0.0,False,WATCH,0.9,IDLE,362.0,0.0,0.0,0.0,1811.948243670556
2024-01-10 16:45:00,2129.1190319964912,207.89815855614887,1921.2208734403423,2017.425657685807,238.20283950058834,1779.2228181852186,0.0,False,WATCH,0.9,IDLE,362.0,0.0,0.0,0.0,1921.2208734403423
2024-01-10 17:00:00,2216.8758630911516,162.34166537492374,2054.534197716228,2138.3972011518126,194.28713721004812,1944.1100639417646,0.0,False,WARNING,0.9,IDLE,362.0,0.0,0.0,0.0,2054.534197716228
2024-01-10 17:15:00,2269.3743715002497,134.48985128895703,2134.8845202112925,2217.0574103378244,160.57106965061408,2056.4863406872105,0.0,False,WARNING,0.9,IDLE,362.0,0.0,0.0,0.0,2134.8845202112925
2024-01-10 17:30:00,2325.0770801202375,87.82747015398434,2237.249609966253,2233.0603892562794,126.11426494344305,2106.946124312836,0.0,False,WARNING,0.9,IDLE,362.0,0.0,0.0,0.0,2237.249609966253
2024-01-10 17:45:00,2378.4632346865696,62.37978785094423,2316.0834468356256,2281.2177144647994,85.52144408226904,2195.69627038253,0.0,False,CRITICAL,0.8915350279812497,DISCHARGING,362.0,0.0,16.083446835625637,0.0,2300.0
2024-01-10 18:00:00,2384.1199037192237,33.88438744736561,2350.235516271858,2336.261049361261,57.6187601173773,2278.6422892438836,0.0,False,CRITICAL,0.8915350279812497,RESERVED,177.0,0.0,62.60926585782272,0.0,2287.6262504140354
2024-01-10 18:15:00,2372.4022273435367,12.254007700571831,2360.1482196429647,2379.503392102543,32.15345704035307,2347.3499350621896,47.349935062189616,False,CRITICAL,0.8915350279812497,RESERVED,177.0,0.0,184.5862028162087,0.0,2175.562016826756
2024-01-10 18:30:00,2430.4912941014745,2.5894610036603613e-22,2430.4912941014745,2399.527122484246,12.879094176428566,2386.648028307817,86.64802830781719,False,CRITICAL,0.8915350279812497,RESERVED,177.0,0.0,185.0,0.0,2245.4912941014745
2024-01-10 18:45:00,2513.155073004158,0.0,2513.155073004158,2439.33567082185,3.8457279526697525,2435.48994286918,135.48994286918014,False,CRITICAL,0.8915350279812497,RESERVED,45.0,0.0,273.3531039177142,0.0,2239.801969086444
2024-01-10 19:00:00,2371.6825976719665,0.0,2371.6825976719665,2403.919630922385,0.0,2403.919630922385,103.91963092238484,False,CRITICAL,0.8915350279812497,RESERVED,12.0,0.0,350.0,0.0,2021.6825976719665
2024-01-10 19:15:00,2436.753026403112,0.0,2436.753026403112,2373.4934873731295,0.0,2373.4934873731295,73.49348737312948,False,CRITICAL,0.8915350279812497,RESERVED,0.0,0.0,362.0,0.0,2074.753026403112
2024-01-10 19:30:00,2361.5858151183397,0.0,2361.5858151183397,2379.5824053553647,0.0,2379.5824053553647,79.5824053553647,False,CRITICAL,0.8915350279812497,RESERVED,12.0,0.0,350.0,0.0,2011.5858151183397
2024-01-10 19:45:00,2311.543217702606,0.0,2311.543217702606,2347.2362829807826,0.0,2347.2362829807826,47.23628298078256,False,CRITICAL,0.8915350279812497,RESERVED,45.0,0.0,299.3907341421773,0.0,2012.1524835604287
2024-01-10 20:00:00,2349.4165681317836,0.0,2349.4165681317836,2316.9644016934135,0.0,2316.9644016934135,16.964401693413492,False,CRITICAL,0.8915350279812497,RESERVED,12.0,0.0,215.31023694918076,0.0,2134.106331182603
2024-01-10 20:15:00,2278.4725375375374,0.0,2278.4725375375374,2329.4972649519236,0.0,2329.4972649519236,29.497264951923626,False,CRITICAL,0.8915350279812497,RESERVED,117.0,0.0,114.26724035490861,0.0,2164.205297182629
2024-01-10 20:30:00,2302.6652821361567,0.0,2302.6652821361567,2258.463653528464,0.0,2258.463653528464,0.0,False,WARNING,0.8915350279812497,IDLE,177.0,0.0,100.11760922454641,0.0,2202.5476729116103
2024-01-10 20:45:00,2159.2209512788922,0.0,2159.2209512788922,2247.045761589387,0.0,2247.045761589387,0.0,False,WARNING,0.8915350279812497,IDLE,222.0,0.0,55.11760922454641,0.0,2104.103342054346
2024-01-10 21:00:00,2120.7054725966923,0.0,2120.7054725966923,2164.378380821326,0.0,2164.378380821326,0.0,False,WARNING,0.8915350279812497,IDLE,222.0,0.0,55.11760922454641,0.0,2065.587863372146
2024-01-10 21:15:00,1998.134529733663,0.0,1998.134529733663,2117.5152619761793,0.0,2117.5152619761793,0.0,False,WARNING,0.8915350279812497,IDLE,222.0,0.0,55.11760922454641,0.0,1943.0169205091165
2024-01-10 21:30:00,1931.0446388631622,0.0,1931.0446388631622,2040.2519995823222,0.0,2040.2519995823222,0.0,False,WARNING,0.8915350279812497,IDLE,222.0,0.0,55.11760922454641,0.0,1875.9270296386157
2024-01-10 21:45:00,1737.6537407684145,0.0,1737.6537407684145,1890.1567769330074,0.0,1890.1567769330074,0.0,False,WATCH,0.8915350279812497,IDLE,222.0,0.0,50.221169459156954,0.0,1687.4325713092576
2024-01-10 22:00:00,1621.0177713841717,0.0,1621.0177713841717,1726.4416012560123,0.0,1726.4416012560123,0.0,False,WATCH,0.8915350279812497,IDLE,222.0,0.0,29.497264951923626,0.0,1591.520506432248
2024-01-10 22:15:00,1518.4436065631942,0.0,1518.4436065631942,1625.6727760244644,0.0,1625.6727760244644,0.0,False,NORMAL,0.8915350279812497,IDLE,362.0,0.0,0.0,0.0,1518.4436065631942
2024-01-10 22:30:00,1359.359152511134,0.0,1359.359152511134,1482.8027626213416,0.0,1482.8027626213416,0.0,False,NORMAL,0.8915350279812497,IDLE,362.0,0.0,0.0,0.0,1359.359152511134
2024-01-10 22:45:00,1204.6123328280955,0.0,1204.6123328280955,1362.367914784218,0.0,1362.367914784218,0.0,False,NORMAL,0.8915350279812497,IDLE,362.0,0.0,0.0,0.0,1204.6123328280955
2024-01-10 23:00:00,1008.2403074471424,0.0,1008.2403074471424,1184.805821625196,0.0,1184.805821625196,0.0,False,NORMAL,0.8915350279812497,IDLE,362.0,0.0,0.0,0.0,1068.2403074471424
2024-01-10 23:15:00,993.6926669079936,0.0,993.6926669079936,1066.3365859409043,0.0,1066.3365859409043,0.0,False,NORMAL,0.8915350279812497,IDLE,362.0,0.0,0.0,0.0,1053.6926669079935
2024-01-10 23:30:00,954.9481324961262,0.0,954.9481324961262,1020.7512462134515,0.0,1020.7512462134515,0.0,False,NORMAL,0.8915350279812497,IDLE,362.0,0.0,0.0,0.0,1014.9481324961262
2024-01-10 23:45:00,870.6876999909841,0.0,870.6876999909841,960.4220958091818,0.0,960.4220958091818,0.0,False,NORMAL,0.8915350279812497,IDLE,362.0,0.0,0.0,0.0,930.6876999909841
2024-01-11 00:00:00,784.7811646790956,0.0,784.7811646790956,865.6100841925506,0.0,865.6100841925506,0.0,False,NORMAL,0.9,CHARGING,362.0,0.0,0.0,0.0,862.6021584027804
2024-01-11 00:15:00,794.9085243549146,0.0,794.9085243549146,813.8207137562193,0.0,813.8207137562193,0.0,False,NORMAL,0.9,IDLE,362.0,0.0,0.0,0.0,854.9085243549146
2024-01-11 00:30:00,730.0950864015924,0.0,730.0950864015924,808.6212889001009,0.0,808.6212889001009,0.0,False,NORMAL,0.9,IDLE,362.0,0.0,0.0,0.0,790.0950864015924
2024-01-11 00:45:00,752.2708549637953,0.0,752.2708549637953,785.4366306616405,0.0,785.4366306616405,0.0,False,NORMAL,0.9,IDLE,362.0,0.0,0.0,0.0,812.2708549637953
2024-01-11 01:00:00,736.8471101720802,0.0,736.8471101720802,778.8721033387279,0.0,778.8721033387279,0.0,False,NORMAL,0.9,IDLE,362.0,0.0,0.0,0.0,796.8471101720802
2024-01-11 01:15:00,668.4470481989937,0.0,668.4470481989937,784.1034269200063,0.0,784.1034269200063,0.0,False,NORMAL,0.9,IDLE,362.0,0.0,0.0,0.0,728.4470481989937
2024-01-11 01:30:00,715.328380765292,0.0,715.328380765292,719.7630028770859,0.0,719.7630028770859,0.0,False,NORMAL,0.9,IDLE,362.0,0.0,0.0,0.0,775.328380765292
2024-01-11 01:45:00,701.8487133160753,0.0,701.8487133160753,751.4155949149664,0.0,751.4155949149664,0.0,False,NORMAL,0.9,IDLE,362.0,0.0,0.0,0.0,761.8487133160753
2024-01-11 02:00:00,680.2188695825686,0.0,680.2188695825686,750.4422250019859,0.0,750.4422250019859,0.0,False,NORMAL,0.9,IDLE,362.0,0.0,0.0,0.0,740.2188695825686
2024-01-11 02:15:00,724.8963445981324,0.0,724.8963445981324,723.5189846527271,0.0,723.5189846527271,0.0,False,NORMAL,0.9,IDLE,362.0,0.0,0.0,0.0,784.8963445981324
2024-01-11 02:30:00,814.3073935685461,0.0,814.3073935685461,759.8415680935597,0.0,759.8415680935597,0.0,False,NORMAL,0.9,IDLE,362.0,0.0,0.0,0.0,874.3073935685461
2024-01-11 02:45:00,768.6005338839223,0.0,768.6005338839223,768.8082834353926,0.0,768.8082834353926,0.0,False,NORMAL,0.9,IDLE,362.0,0.0,0.0,0.0,828.6005338839223
2024-01-11 03:00:00,720.033103377887,0.0,720.033103377887,772.8473575479819,0.0,772.8473575479819,0.0,False,NORMAL,0.9,IDLE,362.0,0.0,0.0,0.0,780.033103377887
2024-01-11 03:15:00,757.6524447737863,0.0,757.6524447737863,770.229961976947,0.0,770.229961976947,0.0,False,NORMAL,0.9,IDLE,362.0,0.0,0.0,0.0,817.6524447737863
2024-01-11 03:30:00,797.1164627560895,0.0,797.1164627560895,781.9354086088682,0.0,781.9354086088682,0.0,False,NORMAL,0.9,IDLE,362.0,0.0,0.0,0.0,857.1164627560895
2024-01-11 03:45:00,770.8160210321773,0.0,770.8160210321773,780.4973767444434,0.0,780.4973767444434,0.0,False,NORMAL,0.9,IDLE,362.0,0.0,0.0,0.0,830.8160210321773
2024-01-11 04:00:00,720.7134239140876,0.0,720.7134239140876,757.7207150179275,0.0,757.7207150179275,0.0,False,NORMAL,0.9,IDLE,362.0,0.0,0.0,0.0,780.7134239140876
2024-01-11 04:15:00,722.3341293291969,0.0,722.3341293291969,774.5987870501376,0.0,774.5987870501376,0.0,False,NORMAL,0.9,IDLE,362.0,0.0,0.0,0.0,782.3341293291969
2024-01-11 04:30:00,742.9407384667822,0.0,742.9407384667822,777.239151965458,0.0,777.239151965458,0.0,False,NORMAL,0.9,IDLE,362.0,0.0,0.0,0.0,802.9407384667822
2024-01-11 04:45:00,763.6190826538416,0.0,763.6190826538416,809.8039735437566,0.0,809.8039735437566,0.0,False,NORMAL,0.9,IDLE,362.0,0.0,0.0,0.0,823.6190826538416
2024-01-11 05:00:00,760.0012195999857,0.0,760.0012195999857,771.0731084231538,0.0,771.0731084231538,0.0,False,NORMAL,0.9,IDLE,362.0,0.0,0.0,0.0,820.0012195999857
2024-01-11 05:15:00,844.4090976572816,0.0,844.4090976572816,815.4726669111309,0.0,815.4726669111309,0.0,False,NORMAL,0.9,IDLE,362.0,0.0,0.0,0.0,904.4090976572816
2024-01-11 05:30:00,957.393948961053,0.0,957.393948961053,897.225006230161,0.0,897.225006230161,0.0,False,NORMAL,0.9,IDLE,362.0,0.0,0.0,0.0,957.393948961053
2024-01-11 05:45:00,977.3891406214573,0.0,977.3891406214573,1002.0980997837497,0.0,1002.0980997837497,0.0,False,NORMAL,0.9,IDLE,362.0,0.0,0.0,0.0,977.3891406214573
2024-01-11 06:00:00,1124.4572936703512,3.737759249462404e-22,1124.4572936703512,1049.759678281758,1.753454833795003e-22,1049.759678281758,0.0,False,NORMAL,0.9,IDLE,362.0,0.0,0.0,0.0,1124.4572936703512
2024-01-11 06:15:00,1184.209444157902,12.318194225520541,1171.8912499323815,1167.468723962181,5.3683759459980624,1162.100348016183,0.0,False,NORMAL,0.9,IDLE,362.0,0.0,0.0,0.0,1171.8912499323815
2024-01-11 06:30:00,1304.5892728938945,24.93470817287125,1279.6545647210232,1262.8436869666518,19.12196959130515,1243.7217173753468,0.0,False,NORMAL,0.9,IDLE,362.0,0.0,0.0,0.0,1279.6545647210232
2024-01-11 06:45:00,1306.4447198175721,62.81598676481744,1243.6287330527548,1361.5707839860697,35.46413441366218,1326.1066495724076,0.0,False,NORMAL,0.9,IDLE,362.0,0.0,0.0,0.0,1243.6287330527548
2024-01-11 07:00:00,1503.2962455515587,91.25177116604667,1412.044474385512,1424.8200613841047,65.48284284865298,1359.3372185354517,0.0,False,NORMAL,0.9,IDLE,362.0,0.0,0.0,0.0,1412.044474385512
2024-01-11 07:15:00,1577.8186709139757,137.54524762222417,1440.2734232917514,1551.680978975808,92.03293601187825,1459.6480429639298,0.0,False,NORMAL,0.9,IDLE,362.0,0.0,0.0,0.0,1440.2734232917514
2024-01-11 07:30:00,1645.005487075959,179.36784554777475,1465.6376415281843,1653.6092147146696,135.7229204365569,1517.8862942781127,0.0,False,NORMAL,0.9,IDLE,362.0,0.0,0.0,0.0,1465.6376415281843
2024-01-11 07:45:00,1726.088357646265,210.17263421433478,1515.9157234319302,1708.7501514026296,177.21116143825435,1531.5389899643753,0.0,False,NORMAL,0.9,IDLE,362.0,0.0,0.0,0.0,1515.9157234319302
2024-01-11 08:00:00,1821.696347016215,251.90571410073224,1569.7906329154828,1823.2210860896032,218.47830135842943,1604.7427847311737,0.0,False,WATCH,0.9,IDLE,362.0,0.0,0.0,0.0,1569.7906329154828
2024-01-11 08:15:00,1911.854433508344,304.2989993507743,1607.5554341575698,1898.6693492279476,252.02361407175718,1646.6457351561903,0.0,False,WATCH,0.9,IDLE,362.0,0.0,0.0,0.0,1607.5554341575698
2024-01-11 08:30:00,1990.5636872436398,348.98206904290066,1641.5816182007393,2003.0768293065692,302.350343297635,1700.7264860089342,0.0,False,WATCH,0.9,IDLE,362.0,0.0,0.0,0.0,1641.5816182007393
2024-01-11 08:45:00,2024.8603366260477,385.35479387657637,1639.5055427494713,2053.5986976711156,259.33056912221065,1794.268128548905,0.0,False,WATCH,0.9,IDLE,362.0,0.0,0.0,0.0,1639.5055427494713
2024-01-11 09:00:00,1737.5378499130125,183.67937636100686,1553.8584735520055,1906.5829880253425,389.2960688934751,1517.2869191318673,0.0,False,NORMAL,0.9,IDLE,362.0,0.0,0.0,0.0,1553.8584735520055
2024-01-11 09:15:00,1771.5242177693153,281.23464654017323,1490.289571229142,1833.4718595875306,239.0905435985775,1594.381315988953,0.0,False,NORMAL,0.9,IDLE,362.0,0.0,0.0,0.0,1490.289571229142
2024-01-11 09:30:00,1799.7584050576127,523.7852208024452,1275.9731842551673,1858.3081665313923,374.59932186840433,1483.708844662988,0.0,False,NORMAL,0.9,IDLE,362.0,0.0,0.0,0.0,1275.9731842551673
2024-01-11 09:45:00,1722.4061934577917,365.409250402138,1356.9969430556537,1827.2386394918365,479.91024057840815,1347.3283989134284,0.0,False,NORMAL,0.9,IDLE,362.0,0.0,0.0,0.0,1356.9969430556537
2024-01-11 10:00:00,1743.3767783664825,597.2431994551068,1146.1335789113757,1768.7292439539688,454.3037695303557,1314.4254744236132,0.0,False,NORMAL,0.9,IDLE,362.0,0.0,0.0,0.0,1146.1335789113757
2024-01-11 10:15:00,1691.5626518111387,619.8615668718143,1071.7010849393246,1812.4982090683156,551.343572123727,1261.1546369445887,0.0,False,NORMAL,0.9,IDLE,362.0,0.0,0.0,0.0,1071.7010849393246
2024-01-11 10:30:00,1733.904110848235,675.253737494053,1058.650373354182,1735.613873568849,608.9934870849946,1126.6203864838544,0.0,False,NORMAL,0.9,IDLE,362.0,0.0,0.0,0.0,1058.650373354182
2024-01-11 10:45:00,1679.2790769641952,684.356197935463,994.9228790287322,1736.084764879393,556.4795345577428,1179.6052303216502,0.0,False,NORMAL,0.9,IDLE,362.0,0.0,0.0,0.0,994.9228790287322
2024-01-11 11:00:00,1688.5039806173588,696.7335551467398,991.770425470619,1759.6157279780568,528.2968433619201,1231.3188846161368,0.0,False,NORMAL,0.9,IDLE,362.0,0.0,0.0,0.0,991.770425470619
2024-01-11 11:15:00,1660.3087854075306,722.2749478277465,938.0338375797842,1731.9651483124937,681.524873262898,1050.4402750495956,0.0,False,NORMAL,0.9,IDLE,362.0,0.0,0.0,0.0,938.0338375797842
2024-01-11 11:30:00,1750.303813770583,279.10497808063593,1471.1988356899471,1731.665662653241,704.3774679486118,1027.2881947046294,0.0,False,NORMAL,0.9,IDLE,362.0,0.0,0.0,0.0,1471.1988356899471
2024-01-11 11:45:00,1720.829280617153,748.7195937656155,972.1096868515375,1783.7275464980942,616.3778822128884,1167.3496642852058,0.0,False,NORMAL,0.9,IDLE,362.0,0.0,0.0,0.0,972.1096868515375
2024-01-11 12:00:00,1640.0263487255115,775.2623613701286,864.7639873553829,1743.60270075049,508.94604248733305,1234.656658263157,0.0,False,NORMAL,0.9,IDLE,362.0,0.0,0.0,0.0,864.7639873553829
2024-01-11 12:15:00,1739.984001591234,515.0092961099331,1224.9747054813008,1706.8640787531128,715.1710635681837,991.6930151849291,0.0,False,NORMAL,0.9,IDLE,362.0,0.0,0.0,0.0,1224.9747054813008
2024-01-11 12:30:00,1649.7486494753794,794.2265357305063,855.5221137448731,1737.2257704332676,633.1260341746713,1104.0997362585963,0.0,False,NORMAL,0.9,IDLE,362.0,0.0,0.0,0.0,855.5221137448731
2024-01-11 12:45:00,1650.5102452851438,450.7625766925193,1199.7476685926244,1741.2003991337397,643.710274606798,1097.4901245269416,0.0,False,NORMAL,0.9,IDLE,362.0,0.0,0.0,0.0,1199.7476685926244
2024-01-11 13:00:00,1694.2607367196078,752.5202735938291,941.7404631257788,1721.2772319962755,554.4041081304189,1166.8731238658565,0.0,False,NORMAL,0.9,IDLE,362.0,0.0,0.0,0.0,941.7404631257788
2024-01-11 13:15:00,1721.659608101099,743.48161294825,978.1779951528489,1729.7339401529937,683.5782382937734,1046.1557018592202,0.0,False,NORMAL,0.9,IDLE,362.0,0.0,0.0,0.0,978.1779951528489
2024-01-11 13:30:00,1747.760967970443,756.2519358127931,991.5090321576499,1761.4736533806308,713.1506455434884,1048.3230078371425,0.0,False,NORMAL,0.9,IDLE,362.0,0.0,0.0,0.0,991.5090321576499
2024-01-11 13:45:00,1656.8629752280094,685.9732235839653,970.8897516440442,1739.0782026540626,681.7338662060712,1057.3443364479913,0.0,False,NORMAL,0.9,IDLE,362.0,0.0,0.0,0.0,970.8897516440442
2024-01-11 14:00:00,1751.7307808188582,635.1604744290271,1116.570306389831,1733.4634602088493,692.9816205349563,1040.4818396738929,0.0,False,NORMAL,0.9,IDLE,362.0,0.0,0.0,0.0,1116.570306389831
2024-01-11 14:15:00,1734.9617760134406,256.4219925913259,1478.5397834221149,1781.7857037602441,653.4496099643728,1128.3360937958714,0.0,False,NORMAL,0.9,IDLE,362.0,0.0,0.0,0.0,1478.5397834221149
2024-01-11 14:30:00,1725.280259703504,624.1318464281887,1101.1484132753153,1801.4576287458588,509.05367716401366,1292.4039515818451,0.0,False,NORMAL,0.9,IDLE,362.0,0.0,0.0,0.0,1101.1484132753153
2024-01-11 14:45:00,1765.4994212651095,548.9981141770782,1216.5013070880314,1790.1818519451665,558.4519640827401,1231.7298878624265,0.0,False,NORMAL,0.9,IDLE,362.0,0.0,0.0,0.0,1216.5013070880314
2024-01-11 15:00:00,1767.737566215787,528.2625057620392,1239.4750604537478,1801.3742418736986,516.7094826635441,1284.6647592101544,0.0,False,NORMAL,0.9,IDLE,362.0,0.0,0.0,0.0,1239.4750604537478
2024-01-11 15:15:00,1702.8363156318192,491.63346019515905,1211.2028554366602,1811.1001410966237,425.1854428418875,1385.9146982547363,0.0,False,NORMAL,0.9,IDLE,362.0,0.0,0.0,0.0,1211.2028554366602
2024-01-11 15:30:00,1771.6859327257202,444.6469638915236,1327.0389688341966,1778.2107554862346,469.849707060337,1308.3610484258975,0.0,False,NORMAL,0.9,IDLE,362.0,0.0,0.0,0.0,1327.0389688341966
2024-01-11 15:45:00,1777.7405071074322,389.1640356459568,1388.5764714614754,1821.2254037587513,434.25944291556493,1386.9659608431864,0.0,False,NORMAL,0.9,IDLE,362.0,0.0,0.0,0.0,1388.5764714614754
2024-01-11 16:00:00,1734.3645327881543,336.11532546250004,1398.2492073256542,1791.2561138217716,376.2591736308633,1414.9969401909084,0.0,False,NORMAL,0.9,IDLE,362.0,0.0,0.0,0.0,1398.2492073256542
2024-01-11 16:15:00,1835.9307342912532,298.0805605335785,1537.8501737576748,1850.830662666596,343.364562193255,1507.4661004733412,0.0,False,NORMAL,0.9,IDLE,362.0,0.0,0.0,0.0,1537.8501737576748
2024-01-11 16:30:00,1910.0943649208252,258.2433444272907,1651.8510204935346,1925.3220439654438,290.2823830406738,1635.03966092477,0.0,False,WATCH,0.9,IDLE,362.0,0.0,0.0,0.0,1651.8510204935346
2024-01-11 16:45:00,1963.303270879429,217.4246757318907,1745.8785951475384,1984.066806432893,248.19921247369345,1735.8675939591994,0.0,False,WATCH,0.9,IDLE,362.0,0.0,0.0,0.0,1745.8785951475384
2024-01-11 17:00:00,2007.7323071337826,171.86155039473948,1835.8707567390431,2052.399608141653,203.96209208352715,1848.437516058126,0.0,False,WARNING,0.9,IDLE,362.0,0.0,0.0,0.0,1835.8707567390431
2024-01-11 17:15:00,2067.1160816924603,129.37568109675885,1937.7404005957014,2111.298624349863,167.9407871927423,1943.3578371571207,0.0,False,WARNING,0.9,IDLE,362.0,0.0,0.0,0.0,1937.7404005957014
2024-01-11 17:30:00,2124.8120249526155,96.05518268960476,2028.7568422630106,2168.1987761709797,123.72161119223198,2044.4771649787479,0.0,False,WARNING,0.9,IDLE,362.0,0.0,0.0,0.0,2028.7568422630106
2024-01-11 17:45:00,2154.8010959365565,63.3885009353205,2091.4125950012362,2223.8356761785763,92.22030703720229,2131.615369141374,0.0,False,WARNING,0.9,IDLE,362.0,0.0,0.0,0.0,2091.4125950012362
2024-01-11 18:00:00,2180.3453392396523,19.442478863655264,2160.902860375997,2250.265547477944,60.062319975690535,2190.2032275022534,0.0,False,CRITICAL,0.9,RESERVED,362.0,0.0,0.0,0.0,2160.902860375997
2024-01-11 18:15:00,2160.10307221337,11.685972980575006,2148.417099232795,2262.390017550398,28.32956762336144,2234.0604499270366,0.0,False,CRITICAL,0.9,RESERVED,317.0,0.0,18.219608052995227,0.0,2130.1974911797997
2024-01-11 18:30:00,2255.2742557643533,3.630434487103721e-22,2255.2742557643533,2290.838563734192,12.054271599043403,2278.784292135149,0.0,False,CRITICAL,0.9,RESERVED,177.0,0.0,54.83589054617141,0.0,2200.438365218182
2024-01-11 18:45:00,2166.557372149979,0.0,2166.557372149979,2360.3701401064286,2.440795838331964,2357.9293442680964,57.92934426809643,False,CRITICAL,0.9,RESERVED,177.0,0.0,84.61076480438714,0.0,2081.946607345592
2024-01-11 19:00:00,2195.312243663024,0.0,2195.312243663024,2274.2573165829317,0.0,2274.2573165829317,0.0,False,CRITICAL,0.9,RESERVED,177.0,0.0,124.32050101948835,0.0,2070.991742643536
2024-01-11 19:15:00,2084.4575203362356,0.0,2084.4575203362356,2310.856010419215,0.0,2310.856010419215,10.856010419215181,False,CRITICAL,0.9,RESERVED,177.0,0.0,106.13425235535487,0.0,1978.3232679808807
2024-01-11 19:30:00,2141.786095057008,0.0,2141.786095057008,2243.089471166529,0.0,2243.089471166529,0.0,False,WARNING,0.9,IDLE,177.0,0.0,116.99026277457006,0.0,2024.795832282438
2024-01-11 19:45:00,2106.6838005943505,0.0,2106.6838005943505,2222.42811485115,0.0,2222.42811485115,0.0,False,WARNING,0.9,IDLE,177.0,0.0,116.99026277457006,0.0,1989.6935378197804
2024-01-11 20:00:00,2063.299360288518,0.0,2063.299360288518,2226.576258418455,0.0,2226.576258418455,0.0,False,WARNING,0.9,IDLE,177.0,0.0,108.39611949169876,0.0,1954.9032407968193
2024-01-11 20:15:00,2121.5889284796613,0.0,2121.5889284796613,2173.2125281334424,0.0,2173.2125281334424,0.0,False,WARNING,0.9,IDLE,222.0,0.0,87.70421852631216,0.0,2033.884709953349
2024-01-11 20:30:00,2014.5138872336993,0.0,2014.5138872336993,2198.332632878983,0.0,2198.332632878983,0.0,False,WARNING,0.9,IDLE,222.0,0.0,57.92934426809643,0.0,1956.5845429656029
2024-01-11 20:45:00,1973.3747760027522,0.0,1973.3747760027522,2098.9119656370017,0.0,2098.9119656370017,0.0,False,WARNING,0.9,IDLE,362.0,0.0,0.0,0.0,1973.3747760027522
2024-01-11 21:00:00,1930.08994821824,0.0,1930.08994821824,2059.8538183878863,0.0,2059.8538183878863,0.0,False,WARNING,0.9,IDLE,362.0,0.0,0.0,0.0,1930.08994821824
2024-01-11 21:15:00,1848.0538276887098,0.0,1848.0538276887098,1984.58554254427,0.0,1984.58554254427,0.0,False,WARNING,0.9,IDLE,362.0,0.0,0.0,0.0,1848.0538276887098
2024-01-11 21:30:00,1779.3807495219642,0.0,1779.3807495219642,1910.5909935849604,0.0,1910.5909935849604,0.0,False,WATCH,0.9,IDLE,362.0,0.0,0.0,0.0,1779.3807495219642
2024-01-11 21:45:00,1594.7108056716165,0.0,1594.7108056716165,1786.1735944388158,0.0,1786.1735944388158,0.0,False,WATCH,0.9,IDLE,362.0,0.0,0.0,0.0,1594.7108056716165
2024-01-11 22:00:00,1526.1924557389316,0.0,1526.1924557389316,1659.722018173225,0.0,1659.722018173225,0.0,False,NORMAL,0.9,IDLE,362.0,0.0,0.0,0.0,1526.1924557389316
2024-01-11 22:15:00,1332.42849174483,0.0,1332.42849174483,1561.3220822771939,0.0,1561.3220822771939,0.0,False,NORMAL,0.9,IDLE,362.0,0.0,0.0,0.0,1332.42849174483
2024-01-11 22:30:00,1192.779374334392,0.0,1192.779374334392,1403.1938765233851,0.0,1403.1938765233851,0.0,False,NORMAL,0.9,IDLE,362.0,0.0,0.0,0.0,1192.779374334392
2024-01-11 22:45:00,1072.910757500036,0.0,1072.910757500036,1251.7026724357615,0.0,1251.7026724357615,0.0,False,NORMAL,0.9,IDLE,362.0,0.0,0.0,0.0,1072.910757500036
2024-01-11 23:00:00,1033.771558479345,0.0,1033.771558479345,1090.6907384839012,0.0,1090.6907384839012,0.0,False,NORMAL,0.9,IDLE,362.0,0.0,0.0,0.0,1093.771558479345
2024-01-11 23:15:00,966.3287014792917,0.0,966.3287014792917,1036.1113480275824,0.0,1036.1113480275824,0.0,False,NORMAL,0.9,IDLE,362.0,0.0,0.0,0.0,1026.3287014792918
2024-01-11 23:30:00,874.831188075603,0.0,874.831188075603,974.0644335757391,0.0,974.0644335757391,0.0,False,NORMAL,0.9,IDLE,362.0,0.0,0.0,0.0,934.831188075603
2024-01-11 23:45:00,872.5830183634018,0.0,872.5830183634018,892.2770242988693,0.0,892.2770242988693,0.0,False,NORMAL,0.9,IDLE,362.0,0.0,0.0,0.0,932.5830183634018
2024-01-12 00:00:00,824.6283428899706,0.0,824.6283428899706,836.7004501216736,0.0,836.7004501216736,0.0,False,NORMAL,0.9,IDLE,362.0,0.0,0.0,0.0,884.6283428899706
2024-01-12 00:15:00,887.9117484629281,0.0,887.9117484629281,818.0522471229384,0.0,818.0522471229384,0.0,False,NORMAL,0.9,IDLE,362.0,0.0,0.0,0.0,947.9117484629281
2024-01-12 00:30:00,844.2184706076803,0.0,844.2184706076803,799.0012241825342,0.0,799.0012241825342,0.0,False,NORMAL,0.9,IDLE,362.0,0.0,0.0,0.0,904.2184706076803
2024-01-12 00:45:00,840.3821364556494,0.0,840.3821364556494,799.9645842926634,0.0,799.9645842926634,0.0,False,NORMAL,0.9,IDLE,362.0,0.0,0.0,0.0,900.3821364556494
2024-01-12 01:00:00,856.2283254817537,0.0,856.2283254817537,790.1987346888607,0.0,790.1987346888607,0.0,False,NORMAL,0.9,IDLE,362.0,0.0,0.0,0.0,916.2283254817537
2024-01-12 01:15:00,805.1942582976491,0.0,805.1942582976491,766.1635016066103,0.0,766.1635016066103,0.0,False,NORMAL,0.9,IDLE,362.0,0.0,0.0,0.0,865.1942582976491
2024-01-12 01:30:00,858.1623784251619,0.0,858.1623784251619,771.9531053424449,0.0,771.9531053424449,0.0,False,NORMAL,0.9,IDLE,362.0,0.0,0.0,0.0,918.1623784251619
2024-01-12 01:45:00,819.0805313057743,0.0,819.0805313057743,778.7986174557627,0.0,778.7986174557627,0.0,False,NORMAL,0.9,IDLE,362.0,0.0,0.0,0.0,879.0805313057743
2024-01-12 02:00:00,800.0764688510778,0.0,800.0764688510778,759.3350079026103,0.0,759.3350079026103,0.0,False,NORMAL,0.9,IDLE,362.0,0.0,0.0,0.0,860.0764688510778
2024-01-12 02:15:00,795.3246608852978,0.0,795.3246608852978,769.6471756656863,0.0,769.6471756656863,0.0,False,NORMAL,0.9,IDLE,362.0,0.0,0.0,0.0,855.3246608852978
2024-01-12 02:30:00,846.2662057932996,0.0,846.2662057932996,810.5730405549309,0.0,810.5730405549309,0.0,False,NORMAL,0.9,IDLE,362.0,0.0,0.0,0.0,906.2662057932996
2024-01-12 02:45:00,804.9588908492158,0.0,804.9588908492158,799.8095809408859,0.0,799.8095809408859,0.0,False,NORMAL,0.9,IDLE,362.0,0.0,0.0,0.0,864.9588908492158
2024-01-12 03:00:00,846.4472104243819,0.0,846.4472104243819,766.2776760786179,0.0,766.2776760786179,0.0,False,NORMAL,0.9,IDLE,362.0,0.0,0.0,0.0,906.4472104243819
2024-01-12 03:15:00,832.7581285959386,0.0,832.7581285959386,798.3083207784946,0.0,798.3083207784946,0.0,False,NORMAL,0.9,IDLE,362.0,0.0,0.0,0.0,892.7581285959386
2024-01-12 03:30:00,828.1803005141793,0.0,828.1803005141793,815.4400717315353,0.0,815.4400717315353,0.0,False,NORMAL,0.9,IDLE,362.0,0.0,0.0,0.0,888.1803005141793
2024-01-12 03:45:00,768.5047729913592,0.0,768.5047729913592,801.6064083467049,0.0,801.6064083467049,0.0,False,NORMAL,0.9,IDLE,362.0,0.0,0.0,0.0,828.5047729913592
2024-01-12 04:00:00,849.450943005534,0.0,849.450943005534,762.2354610721746,0.0,762.2354610721746,0.0,False,NORMAL,0.9,IDLE,362.0,0.0,0.0,0.0,909.450943005534
2024-01-12 04:15:00,823.4363874312423,0.0,823.4363874312423,781.5737847666555,0.0,781.5737847666555,0.0,False,NORMAL,0.9,IDLE,362.0,0.0,0.0,0.0,883.4363874312423
2024-01-12 04:30:00,860.5808831327731,0.0,860.5808831327731,783.286576973555,0.0,783.286576973555,0.0,False,NORMAL,0.9,IDLE,362.0,0.0,0.0,0.0,920.5808831327731
2024-01-12 04:45:00,760.9031321580504,0.0,760.9031321580504,805.0267138855121,0.0,805.0267138855121,0.0,False,NORMAL,0.9,IDLE,362.0,0.0,0.0,0.0,820.9031321580504
2024-01-12 05:00:00,944.3319585386591,0.0,944.3319585386591,779.2402057655784,0.0,779.2402057655784,0.0,False,NORMAL,0.9,IDLE,362.0,0.0,0.0,0.0,1004.3319585386591
2024-01-12 05:15:00,901.4180386726148,0.0,901.4180386726148,868.1510131347583,0.0,868.1510131347583,0.0,False,NORMAL,0.9,IDLE,362.0,0.0,0.0,0.0,961.4180386726148
2024-01-12 05:30:00,1058.180847586233,0.0,1058.180847586233,917.8345617454834,0.0,917.8345617454834,0.0,False,NORMAL,0.9,IDLE,362.0,0.0,0.0,0.0,1058.180847586233
2024-01-12 05:45:00,1067.7053247595695,0.0,1067.7053247595695,980.3958350850951,0.0,980.3958350850951,0.0,False,NORMAL,0.9,IDLE,362.0,0.0,0.0,0.0,1067.7053247595695
2024-01-12 06:00:00,1257.1955800355836,3.7122996950608186e-22,1257.1955800355836,1074.713842338352,1.7442876497491219e-22,1074.713842338352,0.0,False,NORMAL,0.9,IDLE,362.0,0.0,0.0,0.0,1257.1955800355836
2024-01-12 06:15:00,1285.9611837587852,12.105002777511183,1273.856180981274,1171.9558190170796,5.748490638576253,1166.2073283785035,0.0,False,NORMAL,0.9,IDLE,362.0,0.0,0.0,0.0,1273.856180981274
2024-01-12 06:30:00,1449.3316105932124,34.12245260821317,1415.2091579849991,1265.721982962906,15.368573003739199,1250.3534099591668,0.0,False,NORMAL,0.9,IDLE,362.0,0.0,0.0,0.0,1415.2091579849991
2024-01-12 06:45:00,1604.7554145657286,63.87968342314637,1540.8757311425823,1338.434044923318,40.84396694257313,1297.5900779807448,0.0,False,NORMAL,0.9,IDLE,362.0,0.0,0.0,0.0,1540.8757311425823
2024-01-12 07:00:00,1654.2992556063512,90.6170525298286,1563.6822030765225,1505.436899650659,66.13268354843561,1439.3042161022233,0.0,False,NORMAL,0.9,IDLE,362.0,0.0,0.0,0.0,1563.6822030765225
2024-01-12 07:15:00,1779.0913989555488,128.03301014094689,1651.058388814602,1585.5262166814753,101.30363498780765,1484.2225816936675,0.0,False,NORMAL,0.9,IDLE,362.0,0.0,0.0,0.0,1651.058388814602
2024-01-12 07:30:00,1856.0244212282528,177.80193609889724,1678.2224851293556,1682.1334108541937,138.90010509585252,1543.2333057583412,0.0,False,NORMAL,0.9,IDLE,362.0,0.0,0.0,0.0,1678.2224851293556
2024-01-12 07:45:00,1980.5759352239706,208.4341484202528,1772.1417868037179,1770.934969421948,176.44697177167637,1594.4879976502716,0.0,False,NORMAL,0.9,IDLE,362.0,0.0,0.0,0.0,1772.1417868037179
2024-01-12 08:00:00,2017.94272458136,160.1600035188333,1857.7827210625267,1870.1572421165813,214.86086224072574,1655.2963798758556,0.0,False,WATCH,0.9,IDLE,362.0,0.0,0.0,0.0,1857.7827210625267
2024-01-12 08:15:00,2135.4436228072736,294.741797073371,1840.7018257339028,1950.2230257398246,233.94200026757193,1716.2810254722526,0.0,False,WATCH,0.9,IDLE,362.0,0.0,0.0,0.0,1840.7018257339028
2024-01-12 08:30:00,2267.0011938053512,342.0898546311214,1924.9113391742299,2039.0034709005765,298.41696567226967,1740.5865052283068,0.0,False,WATCH,0.9,IDLE,362.0,0.0,0.0,0.0,1924.9113391742299
2024-01-12 08:45:00,2277.0458160827866,354.55959651268046,1922.4862195701062,2114.9714967023797,338.9909459857908,1775.9805507165888,0.0,False,WATCH,0.9,IDLE,362.0,0.0,0.0,0.0,1922.4862195701062
2024-01-12 09:00:00,1896.562682077234,445.35209905320863,1451.2105830240255,2006.6149369609384,259.19012951524445,1747.424807445694,0.0,False,WATCH,0.9,IDLE,362.0,0.0,0.0,0.0,1451.2105830240255
2024-01-12 09:15:00,1895.7292766150745,460.4908779574776,1435.238398657597,1923.6317296835568,347.9748443580609,1575.656885325496,0.0,False,NORMAL,0.9,IDLE,362.0,0.0,0.0,0.0,1435.238398657597
2024-01-12 09:30:00,1897.9384538591903,311.98637703543864,1585.9520768237517,1914.7206464496085,477.1395378586418,1437.5811085909668,0.0,False,NORMAL,0.9,IDLE,362.0,0.0,0.0,0.0,1585.9520768237517
2024-01-12 09:45:00,1909.3420465855006,546.4365942402463,1362.9054523452542,1845.2509964042117,366.54281052336563,1478.708185880846,0.0,False,NORMAL,0.9,IDLE,362.0,0.0,0.0,0.0,1362.9054523452542
2024-01-12 10:00:00,1885.8903251751199,563.9045859173123,1321.9857392578076,1826.0269271996456,544.6798890523321,1281.3470381473135,0.0,False,NORMAL,0.9,IDLE,362.0,0.0,0.0,0.0,1321.9857392578076
2024-01-12 10:15:00,1838.3970659990214,600.2959924704757,1238.1010735285458,1792.7434786256588,565.6802543739473,1227.0632242517115,0.0,False,NORMAL,0.9,IDLE,362.0,0.0,0.0,0.0,1238.1010735285458
2024-01-12 10:30:00,1908.5969671366122,467.26114597831383,1441.3358211582984,1793.750219368725,610.1847252425932,1183.5654941261319,0.0,False,NORMAL,0.9,IDLE,362.0,0.0,0.0,0.0,1441.3358211582984
2024-01-12 10:45:00,1834.2143276966062,699.9145436463216,1134.2997840502846,1784.6906085283138,597.1275201860487,1187.563088342265,0.0,False,NORMAL,0.9,IDLE,362.0,0.0,0.0,0.0,1134.2997840502846
2024-01-12 11:00:00,1832.7829864349505,343.7822399365527,1489.0007464983978,1775.5109048018533,665.7706512469395,1109.7402535549138,0.0,False,NORMAL,0.9,IDLE,362.0,0.0,0.0,0.0,1489.0007464983978
2024-01-12 11:15:00,1854.727111246305,709.4305659582488,1145.2965452880562,1757.6263188282671,578.8382011923744,1178.7881176358928,0.0,False,NORMAL,0.9,IDLE,362.0,0.0,0.0,0.0,1145.2965452880562
2024-01-12 11:30:00,1857.1859226006327,715.4257018428166,1141.7602207578161,1805.867034486417,467.1035823123032,1338.7634521741138,0.0,False,NORMAL,0.9,IDLE,362.0,0.0,0.0,0.0,1141.7602207578161
2024-01-12 11:45:00,1889.4431994556544,773.9479887120556,1115.4952107435988,1788.0961413733842,702.4250994312432,1085.671041942141,0.0,False,NORMAL,0.9,IDLE,362.0,0.0,0.0,0.0,1115.4952107435988
2024-01-12 12:00:00,1852.230400473692,786.9381490606279,1065.2922514130642,1762.8346927981781,733.7119928224793,1029.1226999756989,0.0,False,NORMAL,0.9,IDLE,362.0,0.0,0.0,0.0,1065.2922514130642
2024-01-12 12:15:00,1859.6162464799827,782.9345557248389,1076.6816907551438,1803.9166670138716,651.203222375994,1152.7134446378777,0.0,False,NORMAL,0.9,IDLE,362.0,0.0,0.0,0.0,1076.6816907551438
2024-01-12 12:30:00,1861.0933306420832,764.9619337996509,1096.1313968424324,1762.1210817855883,790.0549960078955,972.0660857776928,0.0,False,NORMAL,0.9,IDLE,362.0,0.0,0.0,0.0,1096.1313968424324
2024-01-12 12:45:00,1853.7921175356482,753.6336194264849,1100.1584981091632,1764.9940204227382,624.0396595783703,1140.9543608443678,0.0,False,NORMAL,0.9,IDLE,362.0,0.0,0.0,0.0,1100.1584981091632
2024-01-12 13:00:00,1816.9504928425956,286.6975667882517,1530.2529260543438,1780.833003514748,769.5214908839657,1011.3115126307823,0.0,False,NORMAL,0.9,IDLE,362.0,0.0,0.0,0.0,1530.2529260543438
2024-01-12 13:15:00,1851.4781850650606,715.3990812245867,1136.079103840474,1781.841182513965,609.4149140658527,1172.4262684481123,0.0,False,NORMAL,0.9,IDLE,362.0,0.0,0.0,0.0,1136.079103840474
2024-01-12 13:30:00,1858.493198363605,686.8541571930368,1171.6390411705681,1801.0509058012788,706.054404212013,1094.9965015892658,0.0,False,NORMAL,0.9,IDLE,362.0,0.0,0.0,0.0,1171.6390411705681
2024-01-12 13:45:00,1791.1067745263722,640.715272220842,1150.3915023055301,1759.1871109023998,658.8630253758457,1100.324085526554,0.0,False,NORMAL,0.9,IDLE,362.0,0.0,0.0,0.0,1150.3915023055301
2024-01-12 14:00:00,1909.763617409215,671.3734519865068,1238.3901654227082,1784.0033495385283,615.0345437089462,1168.968805829582,0.0,False,NORMAL,0.9,IDLE,362.0,0.0,0.0,0.0,1238.3901654227082
2024-01-12 14:15:00,1905.8428991462404,607.2674158806467,1298.5754832655937,1810.4253845083672,477.34442289854286,1333.0809616098243,0.0,False,NORMAL,0.9,IDLE,362.0,0.0,0.0,0.0,1298.5754832655937
2024-01-12 14:30:00,1924.3303780122683,607.6213963499004,1316.708981662368,1809.5186476906067,625.9568400013951,1183.5618076892115,0.0,False,NORMAL,0.9,IDLE,362.0,0.0,0.0,0.0,1316.708981662368
2024-01-12 14:45:00,1924.3030257685855,564.7196357257162,1359.5833900428693,1838.116234462595,584.6545550121933,1253.4616794504018,0.0,False,NORMAL,0.9,IDLE,362.0,0.0,0.0,0.0,1359.5833900428693
2024-01-12 15:00:00,1872.1514023781651,519.9017183043978,1352.2496840737672,1851.17527607226,570.665473219429,1280.509802852831,0.0,False,NORMAL,0.9,IDLE,362.0,0.0,0.0,0.0,1352.2496840737672
2024-01-12 15:15:00,1907.4275789918715,479.2184286494859,1428.2091503423858,1805.156366978748,520.1477048673376,1285.0086621114106,0.0,False,NORMAL,0.9,IDLE,362.0,0.0,0.0,0.0,1428.2091503423858
2024-01-12 15:30:00,1879.5436169696745,420.3111197117251,1459.2324972579495,1845.1800093486584,479.10980725147783,1366.0702020971805,0.0,False,NORMAL,0.9,IDLE,362.0,0.0,0.0,0.0,1459.2324972579495
2024-01-12 15:45:00,1896.290682970252,406.21442773262567,1490.0762552376264,1839.6840164475104,425.507911963674,1414.1761044838363,0.0,False,NORMAL,0.9,IDLE,362.0,0.0,0.0,0.0,1490.0762552376264
2024-01-12 16:00:00,1840.8505768796563,341.1513935405235,1499.6991833391328,1817.909201976712,383.60486968919776,1434.3043322875142,0.0,False,NORMAL,0.9,IDLE,362.0,0.0,0.0,0.0,1499.6991833391328
2024-01-12 16:15:00,1933.0743073108038,299.23360215060984,1633.840705160194,1850.3223546394727,337.9229205348016,1512.399434104671,0.0,False,NORMAL,0.9,IDLE,362.0,0.0,0.0,0.0,1633.840705160194
2024-01-12 16:30:00,2141.381102393986,247.88773282366975,1893.4933695703164,1907.3574286685418,294.89313156916575,1612.4642970993762,0.0,False,WATCH,0.9,IDLE,362.0,0.0,0.0,0.0,1893.4933695703164
2024-01-12 16:45:00,2140.346253653739,204.18777579310137,1936.1584778606377,2000.8777546010574,250.9955273543508,1749.8822272467066,0.0,False,WATCH,0.9,IDLE,362.0,0.0,0.0,0.0,1936.1584778606377
2024-01-12 17:00:00,2214.8641968215593,171.2869581008683,2043.577238720691,2043.020218694918,204.18513880570833,1838.8350798892097,0.0,False,WARNING,0.9,IDLE,362.0,0.0,0.0,0.0,2043.577238720691
2024-01-12 17:15:00,2238.4725221079034,130.72417145544796,2107.7483506524554,2117.7850812815427,163.81742844063314,1953.9676528409095,0.0,False,WARNING,0.9,IDLE,362.0,0.0,0.0,0.0,2107.7483506524554
2024-01-12 17:30:00,2333.3905208225597,70.4542194976333,2262.9363013249263,2176.168678276023,126.57146568758884,2049.597212588434,0.0,False,WARNING,0.9,IDLE,362.0,0.0,0.0,0.0,2262.9363013249263
2024-01-12 17:45:00,2336.09776039288,58.679934789336954,2277.417825603543,2227.10223599836,83.33256620072234,2143.7696697976376,0.0,False,WARNING,0.9,IDLE,362.0,0.0,0.0,0.0,2277.417825603543
2024-01-12 18:00:00,2488.9635280576417,32.26918107093426,2456.6943469867074,2257.33063999032,49.676130945734066,2207.6545090445857,0.0,True,WARNING,0.8210526315789474,DISCHARGING,362.0,0.0,150.0,6.694346986707387,2306.6943469867074
2024-01-12 18:15:00,2500.4286323771444,12.322812922424914,2488.1058194547195,2302.815064111521,29.577138645909336,2273.237925465612,0.0,False,CRITICAL,0.8045202776484147,DISCHARGING,177.0,0.0,188.1058194547195,0.0,2300.0
2024-01-12 18:30:00,2471.3385741762027,3.556022498249775e-22,2471.3385741762027,2366.4299375525584,11.052618610314648,2355.3773189422436,55.37731894224362,False,CRITICAL,0.8045202776484147,RESERVED,177.0,0.0,185.0,0.0,2286.3385741762027
2024-01-12 18:45:00,2621.1080093189894,0.0,2621.1080093189894,2330.0050044352815,3.501299670397143,2326.5037047648843,26.503704764884333,False,CRITICAL,0.764432993160224,DISCHARGING,72.0,0.0,321.1080093189894,0.0,2300.0
2024-01-12 19:00:00,2515.7996567877585,0.0,2515.7996567877585,2399.00997287981,0.0,2399.00997287981,99.00997287981,False,CRITICAL,0.764432993160224,RESERVED,45.0,0.0,268.34221052918974,0.0,2247.457446258569
2024-01-12 19:15:00,2449.243279571205,0.0,2449.243279571205,2325.2295252697995,0.0,2325.2295252697995,25.229525269799524,False,CRITICAL,0.764432993160224,RESERVED,12.0,0.0,350.0,0.0,2099.243279571205
2024-01-12 19:30:00,2382.049921688874,0.0,2382.049921688874,2330.3692792307406,0.0,2330.3692792307406,30.36927923074063,False,CRITICAL,0.764432993160224,RESERVED,0.0,0.0,362.0,0.0,2020.0499216888738
2024-01-12 19:45:00,2525.4510796572345,0.0,2525.4510796572345,2291.3613009281075,0.0,2291.3613009281075,0.0,False,CRITICAL,0.764432993160224,RESERVED,12.0,0.0,350.0,0.0,2175.4510796572345
2024-01-12 20:00:00,2359.98114818527,0.0,2359.98114818527,2291.5874343315013,0.0,2291.5874343315013,0.0,False,CRITICAL,0.764432993160224,RESERVED,45.0,0.0,193.9202883526782,0.0,2166.0608598325916
2024-01-12 20:15:00,2331.2697013366874,0.0,2331.2697013366874,2268.286994914648,0.0,2268.286994914648,0.0,False,WARNING,0.764432993160224,IDLE,152.0,0.0,124.75925281926447,0.0,2206.510448517423
2024-01-12 20:30:00,2368.8207877067007,0.0,2368.8207877067007,2202.7546867277483,0.0,2202.7546867277483,0.0,False,WARNING,0.7641900580943297,DISCHARGING,257.0,0.0,68.82078770670068,0.0,2300.0
2024-01-12 20:45:00,2346.7815423375414,0.0,2346.7815423375414,2187.1587655428084,0.0,2187.1587655428084,0.0,False,WARNING,0.7501802980408292,DISCHARGING,317.0,0.0,46.781542337541396,0.0,2300.0
2024-01-12 21:00:00,2270.4171594276404,0.0,2270.4171594276404,2149.743929738615,0.0,2149.743929738615,0.0,False,WARNING,0.7501802980408292,IDLE,177.0,0.0,27.080120726850055,0.0,2243.3370387007903
2024-01-12 21:15:00,2181.0846492868536,0.0,2181.0846492868536,2088.478664370718,0.0,2088.478664370718,0.0,False,WARNING,0.7501802980408292,IDLE,177.0,0.0,27.080120726850055,0.0,2154.0045285600036
2024-01-12 21:30:00,2049.507772537539,0.0,2049.507772537539,2025.4958260541314,0.0,2025.4958260541314,0.0,False,WARNING,0.7501802980408292,IDLE,177.0,0.0,26.61854410165097,0.0,2022.889228435888
2024-01-12 21:45:00,1897.3706440457258,0.0,1897.3706440457258,1879.5172747754011,0.0,1879.5172747754011,0.0,False,WATCH,0.7501802980408292,IDLE,222.0,0.0,1.7815423375413957,0.0,1895.5891017081844
2024-01-12 22:00:00,1724.2056043946482,0.0,1724.2056043946482,1779.9970309919713,0.0,1779.9970309919713,0.0,False,WATCH,0.7501802980408292,IDLE,222.0,0.0,1.7815423375413957,0.0,1722.4240620571068
2024-01-12 22:15:00,1577.255933254382,0.0,1577.255933254382,1605.8118704583633,0.0,1605.8118704583633,0.0,False,NORMAL,0.7501802980408292,IDLE,222.0,0.0,1.7815423375413957,0.0,1575.4743909168405
2024-01-12 22:30:00,1411.646106892096,0.0,1411.646106892096,1456.3207694983093,0.0,1456.3207694983093,0.0,False,NORMAL,0.7501802980408292,IDLE,222.0,0.0,1.7815423375413957,0.0,1409.8645645545546
2024-01-12 22:45:00,1242.4287040090167,0.0,1242.4287040090167,1310.5157130412042,0.0,1310.5157130412042,0.0,False,NORMAL,0.7501802980408292,IDLE,362.0,0.0,0.0,0.0,1242.4287040090167
2024-01-12 23:00:00,1054.0311771254205,0.0,1054.0311771254205,1201.5074524192107,0.0,1201.5074524192107,0.0,False,NORMAL,0.7501802980408292,IDLE,362.0,0.0,0.0,0.0,1114.0311771254205
2024-01-12 23:15:00,1037.1447748923292,0.0,1037.1447748923292,1074.0301194181277,0.0,1074.0301194181277,0.0,False,NORMAL,0.7501802980408292,IDLE,362.0,0.0,0.0,0.0,1097.1447748923292
2024-01-12 23:30:00,971.266085497494,0.0,971.266085497494,985.8119980491889,0.0,985.8119980491889,0.0,False,NORMAL,0.7501802980408292,IDLE,362.0,0.0,0.0,0.0,1031.266085497494
2024-01-12 23:45:00,948.3594692373315,0.0,948.3594692373315,937.0452401657355,0.0,937.0452401657355,0.0,False,NORMAL,0.7501802980408292,IDLE,362.0,0.0,0.0,0.0,1008.3594692373315
2024-01-13 00:00:00,889.4248125098727,0.0,889.4248125098727,889.335759379901,0.0,889.335759379901,0.0,False,NORMAL,0.8214302980408292,CHARGING,362.0,0.0,0.0,0.0,1099.4248125098727
2024-01-13 00:15:00,862.2341133818793,0.0,862.2341133818793,895.5642622774807,0.0,895.5642622774807,0.0,False,NORMAL,0.8926802980408293,CHARGING,362.0,0.0,0.0,0.0,1072.2341133818793
2024-01-13 00:30:00,924.8830384613966,0.0,924.8830384613966,858.6205158410861,0.0,858.6205158410861,0.0,False,NORMAL,0.9,CHARGING,362.0,0.0,0.0,0.0,1000.2929373228087
2024-01-13 00:45:00,970.9445087715266,0.0,970.9445087715266,871.2914158654319,0.0,871.2914158654319,0.0,False,NORMAL,0.9,IDLE,362.0,0.0,0.0,0.0,1030.9445087715267
2024-01-13 01:00:00,942.4796229432221,0.0,942.4796229432221,895.6421596973327,0.0,895.6421596973327,0.0,False,NORMAL,0.9,IDLE,362.0,0.0,0.0,0.0,1002.4796229432221
2024-01-13 01:15:00,874.540772899209,0.0,874.540772899209,870.2650566253218,0.0,870.2650566253218,0.0,False,NORMAL,0.9,IDLE,362.0,0.0,0.0,0.0,934.540772899209
2024-01-13 01:30:00,851.7119995730025,0.0,851.7119995730025,882.3697936195732,0.0,882.3697936195732,0.0,False,NORMAL,0.9,IDLE,362.0,0.0,0.0,0.0,911.7119995730025
2024-01-13 01:45:00,945.3967042501804,0.0,945.3967042501804,853.470203131267,0.0,853.470203131267,0.0,False,NORMAL,0.9,IDLE,362.0,0.0,0.0,0.0,1005.3967042501804
2024-01-13 02:00:00,866.8998856791709,0.0,866.8998856791709,865.025081912848,0.0,865.025081912848,0.0,False,NORMAL,0.9,IDLE,362.0,0.0,0.0,0.0,926.8998856791709
2024-01-13 02:15:00,917.7143505286613,0.0,917.7143505286613,839.527243389869,0.0,839.527243389869,0.0,False,NORMAL,0.9,IDLE,362.0,0.0,0.0,0.0,977.7143505286613
2024-01-13 02:30:00,912.329243915482,0.0,912.329243915482,876.7647939468717,0.0,876.7647939468717,0.0,False,NORMAL,0.9,IDLE,362.0,0.0,0.0,0.0,972.329243915482
2024-01-13 02:45:00,901.4723742392625,0.0,901.4723742392625,860.1762982557872,0.0,860.1762982557872,0.0,False,NORMAL,0.9,IDLE,362.0,0.0,0.0,0.0,961.4723742392625
2024-01-13 03:00:00,912.0024486003492,0.0,912.0024486003492,874.1459796918465,0.0,874.1459796918465,0.0,False,NORMAL,0.9,IDLE,362.0,0.0,0.0,0.0,972.0024486003492
2024-01-13 03:15:00,870.8690284101099,0.0,870.8690284101099,875.5840263976827,0.0,875.5840263976827,0.0,False,NORMAL,0.9,IDLE,362.0,0.0,0.0,0.0,930.8690284101099
2024-01-13 03:30:00,860.2745260365334,0.0,860.2745260365334,860.8596295733338,0.0,860.8596295733338,0.0,False,NORMAL,0.9,IDLE,362.0,0.0,0.0,0.0,920.2745260365334
2024-01-13 03:45:00,915.6696385832452,0.0,915.6696385832452,823.9472762551212,0.0,823.9472762551212,0.0,False,NORMAL,0.9,IDLE,362.0,0.0,0.0,0.0,975.6696385832452
2024-01-13 04:00:00,846.2416080459193,0.0,846.2416080459193,877.3315817443532,0.0,877.3315817443532,0.0,False,NORMAL,0.9,IDLE,362.0,0.0,0.0,0.0,906.2416080459193
2024-01-13 04:15:00,913.1984092601133,0.0,913.1984092601133,842.8197172713458,0.0,842.8197172713458,0.0,False,NORMAL,0.9,IDLE,362.0,0.0,0.0,0.0,973.1984092601133
2024-01-13 04:30:00,908.6006985508928,0.0,908.6006985508928,878.8811716080835,0.0,878.8811716080835,0.0,False,NORMAL,0.9,IDLE,362.0,0.0,0.0,0.0,968.6006985508928
2024-01-13 04:45:00,921.3369074428097,0.0,921.3369074428097,835.6290056950738,0.0,835.6290056950738,0.0,False,NORMAL,0.9,IDLE,362.0,0.0,0.0,0.0,981.3369074428097
2024-01-13 05:00:00,939.3882520494008,0.0,939.3882520494008,924.303792219309,0.0,924.303792219309,0.0,False,NORMAL,0.9,IDLE,362.0,0.0,0.0,0.0,999.3882520494008
2024-01-13 05:15:00,1052.7049855867772,0.0,1052.7049855867772,917.1294046566842,0.0,917.1294046566842,0.0,False,NORMAL,0.9,IDLE,362.0,0.0,0.0,0.0,1112.7049855867772
2024-01-13 05:30:00,1131.662422745224,0.0,1131.662422745224,1027.6720577821773,0.0,1027.6720577821773,0.0,False,NORMAL,0.9,IDLE,362.0,0.0,0.0,0.0,1131.662422745224
2024-01-13 05:45:00,1186.3341683118072,0.0,1186.3341683118072,1067.0858363595778,0.0,1067.0858363595778,0.0,False,NORMAL,0.9,IDLE,362.0,0.0,0.0,0.0,1186.3341683118072
2024-01-13 06:00:00,1335.7589382153253,3.4136370959140226e-22,1335.7589382153253,1191.6345707433818,1.7324065243617154e-22,1191.6345707433818,0.0,False,NORMAL,0.9,IDLE,362.0,0.0,0.0,0.0,1335.7589382153253
2024-01-13 06:15:00,1407.4283877145072,11.327947749032452,1396.1004399654746,1270.0360628593064,5.649001296171885,1264.3870615631345,0.0,False,NORMAL,0.9,IDLE,362.0,0.0,0.0,0.0,1396.1004399654746
2024-01-13 06:30:00,1550.1379181077461,32.014514271489425,1518.1234038362568,1392.0764477977298,19.416595106451155,1372.6598526912785,0.0,False,NORMAL,0.9,IDLE,362.0,0.0,0.0,0.0,1518.1234038362568
2024-01-13 06:45:00,1645.1339508544904,57.8099764981445,1587.3239743563458,1531.271753381295,40.62565647693025,1490.6460969043646,0.0,False,NORMAL,0.9,IDLE,362.0,0.0,0.0,0.0,1587.3239743563458
2024-01-13 07:00:00,1737.0448952456022,85.9522398748789,1651.0926553707234,1613.5483514983287,63.72457243589138,1549.8237790624373,0.0,False,NORMAL,0.9,IDLE,362.0,0.0,0.0,0.0,1651.0926553707234
2024-01-13 07:15:00,1768.5535275403859,129.9139549701191,1638.6395725702669,1723.0722256300428,94.68004857041842,1628.3921770596244,0.0,False,WATCH,0.9,IDLE,362.0,0.0,0.0,0.0,1638.6395725702669
2024-01-13 07:30:00,1794.172434754351,168.08746774871884,1626.084967005632,1794.1835706801596,137.67910051564817,1656.5044701645115,0.0,False,WATCH,0.9,IDLE,362.0,0.0,0.0,0.0,1626.084967005632
2024-01-13 07:45:00,1921.2212193581195,195.40703162814867,1725.8141877299709,1877.0412807493558,171.90258609723483,1705.1386946521209,0.0,False,WATCH,0.9,IDLE,362.0,0.0,0.0,0.0,1725.8141877299709
2024-01-13 08:00:00,1832.9163119641346,245.52033408560445,1587.3959778785302,1942.3367454463666,166.98797494361114,1775.3487705027555,0.0,False,WATCH,0.9,IDLE,362.0,0.0,0.0,0.0,1587.3959778785302
2024-01-13 08:15:00,1914.6080300167912,279.05966423166655,1635.5483657851246,1983.4994422772113,254.0824474791576,1729.4169947980538,0.0,False,WATCH,0.9,IDLE,362.0,0.0,0.0,0.0,1635.5483657851246
2024-01-13 08:30:00,1933.3005966628275,326.952172746652,1606.3484239161755,2071.8770822513648,295.636201897706,1776.2408803536587,0.0,False,WATCH,0.9,IDLE,362.0,0.0,0.0,0.0,1606.3484239161755
2024-01-13 08:45:00,2005.476901372677,368.3026686805691,1637.174232692108,2089.989512816564,324.82506805246663,1765.1644447640974,0.0,False,WATCH,0.9,IDLE,362.0,0.0,0.0,0.0,1637.174232692108
2024-01-13 09:00:00,1772.5893407903873,139.82722629958818,1632.7621144907991,1933.3939187317908,390.2031773264611,1543.1907414053296,0.0,False,NORMAL,0.9,IDLE,362.0,0.0,0.0,0.0,1632.7621144907991
2024-01-13 09:15:00,1781.6454431387617,482.4839841283801,1299.1614590103816,1874.7903316465859,335.95416441985026,1538.8361672267356,0.0,False,NORMAL,0.9,IDLE,362.0,0.0,0.0,0.0,1299.1614590103816
2024-01-13 09:30:00,1742.647025277666,488.05926210196594,1254.5877631757,1866.1382158020392,359.74752333963806,1506.3906924624011,0.0,False,NORMAL,0.9,IDLE,362.0,0.0,0.0,0.0,1254.5877631757
2024-01-13 09:45:00,1764.514411718983,519.2225098921217,1245.2919018268612,1843.62123115838,483.1546639285622,1360.4665672298179,0.0,False,NORMAL,0.9,IDLE,362.0,0.0,0.0,0.0,1245.2919018268612
2024-01-13 10:00:00,1739.0480584487634,205.1247545201382,1533.9233039286253,1819.724671663207,509.6419450035043,1310.0827266597025,0.0,False,NORMAL,0.9,IDLE,362.0,0.0,0.0,0.0,1533.9233039286253
2024-01-13 10:15:00,1807.5613857601954,618.6604639141023,1188.9009218460933,1786.993821415443,460.5555838676786,1326.4382375477644,0.0,False,NORMAL,0.9,IDLE,362.0,0.0,0.0,0.0,1188.9009218460933
2024-01-13 10:30:00,1683.863484683432,598.203879261032,1085.6596054224,1836.8616216436933,501.66891738758056,1335.1927042561128,0.0,False,NORMAL,0.9,IDLE,362.0,0.0,0.0,0.0,1085.6596054224
2024-01-13 10:45:00,1765.831061528338,332.5987215111444,1433.2323400171936,1767.6146594954862,613.7827271172843,1153.831932378202,0.0,False,NORMAL,0.9,IDLE,362.0,0.0,0.0,0.0,1433.2323400171936
2024-01-13 11:00:00,1789.8362563538872,707.6847354022528,1082.1515209516342,1791.3213148621542,377.9863952534438,1413.3349196087104,0.0,False,NORMAL,0.9,IDLE,362.0,0.0,0.0,0.0,1082.1515209516342
2024-01-13 11:15:00,1773.0460377828995,702.1828323855825,1070.863205397317,1810.9690225432523,666.3302133168579,1144.6388092263944,0.0,False,NORMAL,0.9,IDLE,362.0,0.0,0.0,0.0,1070.863205397317
2024-01-13 11:30:00,1735.8791391144402,716.0257933934975,1019.8533457209428,1806.437350111886,674.7108306408558,1131.7265194710303,0.0,False,NORMAL,0.9,IDLE,362.0,0.0,0.0,0.0,1019.8533457209428
2024-01-13 11:45:00,1747.9601267134435,768.8603752009171,979.0997515125264,1816.916146985377,714.175309056233,1102.7408379291442,0.0,False,NORMAL,0.9,IDLE,362.0,0.0,0.0,0.0,979.0997515125264
2024-01-13 12:00:00,1739.0259679575845,257.07977315643035,1481.9461948011542,1801.4158106007512,776.3327464840169,1025.0830641167345,0.0,False,NORMAL,0.9,IDLE,362.0,0.0,0.0,0.0,1481.9461948011542
2024-01-13 12:15:00,1785.6882759650605,715.7334118694055,1069.954864095655,1796.9053291344742,611.4249612119715,1185.4803679225026,0.0,False,NORMAL,0.9,IDLE,362.0,0.0,0.0,0.0,1069.954864095655
2024-01-13 12:30:00,1782.7521480880002,722.9363169433518,1059.8158311446484,1812.2396217539024,707.875435930615,1104.3641858232872,0.0,False,NORMAL,0.9,IDLE,362.0,0.0,0.0,0.0,1059.8158311446484
2024-01-13 12:45:00,1828.8163034218817,698.0221445299773,1130.7941588919043,1810.0286548585682,711.4255487710107,1098.6031060875575,0.0,False,NORMAL,0.9,IDLE,362.0,0.0,0.0,0.0,1130.7941588919043
2024-01-13 13:00:00,1756.0009095285573,738.7508167203719,1017.2500928081854,1809.3382164736647,472.63603251030315,1336.7021839633617,0.0,False,NORMAL,0.9,IDLE,362.0,0.0,0.0,0.0,1017.2500928081854
2024-01-13 13:15:00,1707.8025287361224,709.0959649690707,998.7065637670518,1810.9020098133396,722.1374916958434,1088.7645181174962,0.0,False,NORMAL,0.9,IDLE,362.0,0.0,0.0,0.0,998.7065637670518
2024-01-13 13:30:00,1779.9302387743214,701.1245662231456,1078.8056725511758,1797.7697405386625,701.2449909035183,1096.5247496351442,0.0,False,NORMAL,0.9,IDLE,362.0,0.0,0.0,0.0,1078.8056725511758
2024-01-13 13:45:00,1828.1629034577563,679.4670595645689,1148.6958438931874,1782.0142937071003,674.7814360934584,1107.232857613642,0.0,False,NORMAL,0.9,IDLE,362.0,0.0,0.0,0.0,1148.6958438931874
2024-01-13 14:00:00,1743.2673883226944,621.5777035841453,1121.6896847385492,1848.4087405780858,695.4639056232503,1152.9448349548356,0.0,False,NORMAL,0.9,IDLE,362.0,0.0,0.0,0.0,1121.6896847385492
2024-01-13 14:15:00,1800.1133446499896,582.8743037799361,1217.2390408700535,1825.249896682633,631.2918832824103,1193.9580134002229,0.0,False,NORMAL,0.9,IDLE,362.0,0.0,0.0,0.0,1217.2390408700535
2024-01-13 14:30:00,1812.6668267455075,566.4609843689603,1246.205842376547,1854.433698183503,612.0502648195051,1242.383433363998,0.0,False,NORMAL,0.9,IDLE,362.0,0.0,0.0,0.0,1246.205842376547
2024-01-13 14:45:00,1706.6208396639697,518.1928911300098,1188.4279485339598,1858.821912388861,577.7373354832351,1281.084576905626,0.0,False,NORMAL,0.9,IDLE,362.0,0.0,0.0,0.0,1188.4279485339598
2024-01-13 15:00:00,1766.6872646231595,497.0403125061676,1269.646952116992,1802.3160205778365,531.5042555335496,1270.8117650442869,0.0,False,NORMAL,0.9,IDLE,362.0,0.0,0.0,0.0,1269.646952116992
2024-01-13 15:15:00,1797.359767500733,470.59333602745534,1326.7664314732776,1835.4497978249,498.1226455415105,1337.3271522833895,0.0,False,NORMAL,0.9,IDLE,362.0,0.0,0.0,0.0,1326.7664314732776
2024-01-13 15:30:00,1740.8095950686034,412.0845745605701,1328.7250205080331,1827.3059378486025,455.5245359854533,1371.7814018631493,0.0,False,NORMAL,0.9,IDLE,362.0,0.0,0.0,0.0,1328.7250205080331
2024-01-13 15:45:00,1729.5985599560213,373.8264625665897,1355.7720973894316,1815.2035272614817,423.45834524758965,1391.745182013892,0.0,False,NORMAL,0.9,IDLE,362.0,0.0,0.0,0.0,1355.7720973894316
2024-01-13 16:00:00,1753.9028448989839,328.6102923536811,1425.292552545303,1790.8461927549201,373.90421894518863,1416.9419738097315,0.0,False,NORMAL,0.9,IDLE,362.0,0.0,0.0,0.0,1425.292552545303
2024-01-13 16:15:00,1808.6380280789288,293.7303737721327,1514.907654306796,1836.8658805164252,331.10069464772243,1505.7651858687027,0.0,False,NORMAL,0.9,IDLE,362.0,0.0,0.0,0.0,1514.907654306796
2024-01-13 16:30:00,1917.5462234704655,117.86064627914145,1799.685577191324,1947.0171524331931,284.9630600782995,1662.0540923548936,0.0,False,WATCH,0.9,IDLE,362.0,0.0,0.0,0.0,1799.685577191324
2024-01-13 16:45:00,1968.3239069322922,189.7801589660447,1778.5437479662476,1988.4177690280337,201.6870997522993,1786.7306692757345,0.0,False,WARNING,0.9,IDLE,362.0,0.0,0.0,0.0,1778.5437479662476
2024-01-13 17:00:00,2106.9175194536174,69.97728095423949,2036.940238499378,2053.009906242637,187.70689768269443,1865.3030085599426,0.0,False,WARNING,0.9,IDLE,362.0,0.0,0.0,0.0,2036.940238499378
2024-01-13 17:15:00,2200.3533782449304,45.27842879816327,2155.0749494467673,2123.861764501176,120.93037315752309,2002.9313913436529,0.0,False,WARNING,0.9,IDLE,362.0,0.0,0.0,0.0,2155.0749494467673
2024-01-13 17:30:00,2287.3587628376054,91.90558114884625,2195.4531816887593,2223.2365989540313,68.00554413093379,2155.2310548230976,0.0,False,CRITICAL,0.9,RESERVED,362.0,0.0,0.0,0.0,2195.4531816887593
2024-01-13 17:45:00,2318.9220093135846,58.17606932215916,2260.7459399914255,2275.1741764452754,71.79551791829073,2203.3786585269845,0.0,False,CRITICAL,0.9,RESERVED,317.0,0.0,22.286407954072274,0.0,2238.4595320373533
2024-01-13 18:00:00,2403.6820804512317,31.342339287978337,2372.3397411632536,2382.2221665541265,42.04475614036379,2340.1774104137626,40.17741041376257,False,CRITICAL,0.9,RESERVED,177.0,0.0,79.1374971374139,0.0,2293.2022440258397
2024-01-13 18:15:00,2479.0991123624603,11.676537464879276,2467.422574897581,2430.0055650795007,24.35128123905236,2405.6542838404484,105.65428384044844,False,CRITICAL,0.9,RESERVED,177.0,0.0,185.0,0.0,2282.422574897581
2024-01-13 18:30:00,2466.2218764688837,3.5187486566395234e-22,2466.2218764688837,2453.905143057427,15.77241537460789,2438.1327276828188,138.13272768281877,False,CRITICAL,0.9,RESERVED,60.0,0.0,248.4138794106284,0.0,2217.8079970582553
2024-01-13 18:45:00,2603.1255358162157,0.0,2603.1255358162157,2534.535985430734,3.6884081987669473,2530.847577231967,230.84757723196708,False,CRITICAL,0.9,RESERVED,12.0,0.0,327.2864079540723,0.0,2275.8391278621434
2024-01-13 19:00:00,2282.1313601813426,0.0,2282.1313601813426,2536.414197831495,1.835474372215481,2534.5787234592794,234.57872345927944,False,CRITICAL,0.9,RESERVED,0.0,0.0,362.0,0.0,1920.1313601813426
2024-01-13 19:15:00,2234.393361979006,0.0,2234.393361979006,2420.6657424536497,0.0,2420.6657424536497,120.66574245364973,False,CRITICAL,0.9,RESERVED,12.0,0.0,350.0,0.0,1884.393361979006
2024-01-13 19:30:00,2347.248104442296,0.0,2347.248104442296,2356.0005120329315,0.0,2356.0005120329315,56.00051203293151,False,CRITICAL,0.9,RESERVED,0.0,0.0,339.7135920459277,0.0,2007.5345123963684
2024-01-13 19:45:00,2311.355064192404,0.0,2311.355064192404,2437.6098073082917,0.0,2437.6098073082917,137.6098073082917,False,CRITICAL,0.9,RESERVED,12.0,0.0,293.1489108166584,0.0,2018.2061533757455
2024-01-13 20:00:00,2297.541387637219,0.0,2297.541387637219,2325.8813641513902,0.0,2325.8813641513902,25.881364151390244,False,CRITICAL,0.9,RESERVED,0.0,0.0,182.43720977271323,0.0,2115.104177864506
2024-01-13 20:15:00,2281.673223405545,0.0,2281.673223405545,2308.7733548873443,0.0,2308.7733548873443,8.77335488734434,False,CRITICAL,0.9,RESERVED,177.0,0.0,105.01886128880415,0.0,2176.6543621167407
2024-01-13 20:30:00,2302.3390076576043,0.0,2302.3390076576043,2326.9887775907746,0.0,2326.9887775907746,26.98877759077459,False,CRITICAL,0.9,RESERVED,177.0,0.0,104.49070540995172,0.0,2197.8483022476526
2024-01-13 20:45:00,2230.5069946936233,0.0,2230.5069946936233,2314.1885816594727,0.0,2314.1885816594727,14.188581659472675,False,CRITICAL,0.9,RESERVED,177.0,0.0,108.76589095479858,0.0,2121.7411037388247
2024-01-13 21:00:00,2191.7720804985865,0.0,2191.7720804985865,2263.67718198393,0.0,2263.67718198393,0.0,False,WARNING,0.9,IDLE,177.0,0.0,122.95447261427125,0.0,2068.8176078843153
2024-01-13 21:15:00,2090.4061452942115,0.0,2090.4061452942115,2205.6526625845186,0.0,2205.6526625845186,0.0,False,WARNING,0.9,IDLE,177.0,0.0,122.95447261427125,0.0,1967.4516726799402
2024-01-13 21:30:00,2030.1778195922855,0.0,2030.1778195922855,2102.682492942994,0.0,2102.682492942994,0.0,False,WARNING,0.9,IDLE,177.0,0.0,100.66806466019898,0.0,1929.5097549320865
2024-01-13 21:45:00,1803.2887943401452,0.0,1803.2887943401452,1996.351020031352,0.0,1996.351020031352,0.0,False,WARNING,0.9,IDLE,222.0,0.0,52.3419858633124,0.0,1750.9468084768328
2024-01-13 22:00:00,1730.2999671962925,0.0,1730.2999671962925,1829.234462730207,0.0,1829.234462730207,0.0,False,WATCH,0.9,IDLE,222.0,0.0,26.46062171192216,0.0,1703.8393454843704
2024-01-13 22:15:00,1531.1304454397186,0.0,1531.1304454397186,1706.1761580879834,0.0,1706.1761580879834,0.0,False,NORMAL,0.9,IDLE,222.0,0.0,4.702369636702315,0.0,1526.4280758030163
2024-01-13 22:30:00,1376.8822323040933,0.0,1376.8822323040933,1536.9554771295118,0.0,1536.9554771295118,0.0,False,NORMAL,0.9,IDLE,362.0,0.0,0.0,0.0,1376.8822323040933
2024-01-13 22:45:00,1310.4997845226283,0.0,1310.4997845226283,1370.636009211976,0.0,1370.636009211976,0.0,False,NORMAL,0.9,IDLE,362.0,0.0,0.0,0.0,1310.4997845226283
2024-01-13 23:00:00,1132.6071359362027,0.0,1132.6071359362027,1227.683734618884,0.0,1227.683734618884,0.0,False,NORMAL,0.9,IDLE,362.0,0.0,0.0,0.0,1192.6071359362027
2024-01-13 23:15:00,1096.183838887453,0.0,1096.183838887453,1132.5039800865977,0.0,1132.5039800865977,0.0,False,NORMAL,0.9,IDLE,362.0,0.0,0.0,0.0,1156.183838887453
2024-01-13 23:30:00,992.7071300839543,0.0,992.7071300839543,1058.8255074628987,0.0,1058.8255074628987,0.0,False,NORMAL,0.9,IDLE,362.0,0.0,0.0,0.0,1052.7071300839543
2024-01-13 23:45:00,950.3078641896416,0.0,950.3078641896416,998.511127506994,0.0,998.511127506994,0.0,False,NORMAL,0.9,IDLE,362.0,0.0,0.0,0.0,1010.3078641896416
2024-01-14 00:00:00,832.2691263145853,0.0,832.2691263145853,933.2771801921403,0.0,933.2771801921403,0.0,False,NORMAL,0.9,IDLE,362.0,0.0,0.0,0.0,892.2691263145853
2024-01-14 00:15:00,778.1073329574042,0.0,778.1073329574042,873.9805418193021,0.0,873.9805418193021,0.0,False,NORMAL,0.9,IDLE,362.0,0.0,0.0,0.0,838.1073329574042
2024-01-14 00:30:00,833.8247396176356,0.0,833.8247396176356,868.3801331852642,0.0,868.3801331852642,0.0,False,NORMAL,0.9,IDLE,362.0,0.0,0.0,0.0,893.8247396176356
2024-01-14 00:45:00,763.5442797365906,0.0,763.5442797365906,890.8312644842202,0.0,890.8312644842202,0.0,False,NORMAL,0.9,IDLE,362.0,0.0,0.0,0.0,823.5442797365906
2024-01-14 01:00:00,742.5407281548418,0.0,742.5407281548418,850.6182318013495,0.0,850.6182318013495,0.0,False,NORMAL,0.9,IDLE,362.0,0.0,0.0,0.0,802.5407281548418
2024-01-14 01:15:00,749.223223107598,0.0,749.223223107598,807.6208519211567,0.0,807.6208519211567,0.0,False,NORMAL,0.9,IDLE,362.0,0.0,0.0,0.0,809.223223107598
2024-01-14 01:30:00,776.7115229991391,0.0,776.7115229991391,798.6508942992341,0.0,798.6508942992341,0.0,False,NORMAL,0.9,IDLE,362.0,0.0,0.0,0.0,836.7115229991391
2024-01-14 01:45:00,762.8074000871902,0.0,762.8074000871902,844.8558375533304,0.0,844.8558375533304,0.0,False,NORMAL,0.9,IDLE,362.0,0.0,0.0,0.0,822.8074000871902
2024-01-14 02:00:00,789.090400884773,0.0,789.090400884773,807.985123041097,0.0,807.985123041097,0.0,False,NORMAL,0.9,IDLE,362.0,0.0,0.0,0.0,849.090400884773
2024-01-14 02:15:00,758.990946463171,0.0,758.990946463171,842.8453993784058,0.0,842.8453993784058,0.0,False,NORMAL,0.9,IDLE,362.0,0.0,0.0,0.0,818.990946463171
2024-01-14 02:30:00,741.134328203517,0.0,741.134328203517,832.9810141605203,0.0,832.9810141605203,0.0,False,NORMAL,0.9,IDLE,362.0,0.0,0.0,0.0,801.134328203517
2024-01-14 02:45:00,727.072806197714,0.0,727.072806197714,822.68898113392,0.0,822.68898113392,0.0,False,NORMAL,0.9,IDLE,362.0,0.0,0.0,0.0,787.072806197714
2024-01-14 03:00:00,701.4801891674468,0.0,701.4801891674468,821.9863793498756,0.0,821.9863793498756,0.0,False,NORMAL,0.9,IDLE,362.0,0.0,0.0,0.0,761.4801891674468
2024-01-14 03:15:00,777.8529284023525,0.0,777.8529284023525,789.5645310790243,0.0,789.5645310790243,0.0,False,NORMAL,0.9,IDLE,362.0,0.0,0.0,0.0,837.8529284023525
2024-01-14 03:30:00,730.5793366243998,0.0,730.5793366243998,802.6889206301856,0.0,802.6889206301856,0.0,False,NORMAL,0.9,IDLE,362.0,0.0,0.0,0.0,790.5793366243998
2024-01-14 03:45:00,675.2475334279687,0.0,675.2475334279687,817.3714354431507,0.0,817.3714354431507,0.0,False,NORMAL,0.9,IDLE,362.0,0.0,0.0,0.0,735.2475334279687
2024-01-14 04:00:00,766.6406955095746,0.0,766.6406955095746,767.5461843891167,0.0,767.5461843891167,0.0,False,NORMAL,0.9,IDLE,362.0,0.0,0.0,0.0,826.6406955095746
2024-01-14 04:15:00,848.3042758412751,0.0,848.3042758412751,825.5386816464859,0.0,825.5386816464859,0.0,False,NORMAL,0.9,IDLE,362.0,0.0,0.0,0.0,908.3042758412751
2024-01-14 04:30:00,768.2381279579317,0.0,768.2381279579317,848.0847499665505,0.0,848.0847499665505,0.0,False,NORMAL,0.9,IDLE,362.0,0.0,0.0,0.0,828.2381279579317
2024-01-14 04:45:00,783.0598370448379,0.0,783.0598370448379,839.5032015036321,0.0,839.5032015036321,0.0,False,NORMAL,0.9,IDLE,362.0,0.0,0.0,0.0,843.0598370448379
2024-01-14 05:00:00,766.9632825686442,0.0,766.9632825686442,860.886220925091,0.0,860.886220925091,0.0,False,NORMAL,0.9,IDLE,362.0,0.0,0.0,0.0,826.9632825686442
2024-01-14 05:15:00,839.5798404614344,0.0,839.5798404614344,908.2632022594397,0.0,908.2632022594397,0.0,False,NORMAL,0.9,IDLE,362.0,0.0,0.0,0.0,899.5798404614344
2024-01-14 05:30:00,966.1353912140839,0.0,966.1353912140839,961.9035353053879,0.0,961.9035353053879,0.0,False,NORMAL,0.9,IDLE,362.0,0.0,0.0,0.0,966.1353912140839
2024-01-14 05:45:00,1019.565546774973,0.0,1019.565546774973,1033.7667491737297,0.0,1033.7667491737297,0.0,False,NORMAL,0.9,IDLE,362.0,0.0,0.0,0.0,1019.565546774973
2024-01-14 06:00:00,1161.886810360998,3.776787304331874e-22,1161.886810360998,1132.944073555376,1.5930306447598773e-22,1132.944073555376,0.0,False,NORMAL,0.9,IDLE,362.0,0.0,0.0,0.0,1161.886810360998
2024-01-14 06:15:00,1224.9756070939811,11.962669869975414,1213.0129372240058,1229.2808054362536,5.286375616215144,1223.9944298200385,0.0,False,NORMAL,0.9,IDLE,362.0,0.0,0.0,0.0,1213.0129372240058
2024-01-14 06:30:00,1309.067516911409,34.131757299055494,1274.9357596123536,1344.1915331344821,18.628596536604153,1325.562936597878,0.0,False,NORMAL,0.9,IDLE,362.0,0.0,0.0,0.0,1274.9357596123536
2024-01-14 06:45:00,1445.408929845917,63.36944169956735,1382.0394881463496,1435.650829206155,38.49883668884083,1397.1519925173143,0.0,False,NORMAL,0.9,IDLE,362.0,0.0,0.0,0.0,1382.0394881463496
2024-01-14 07:00:00,1491.8255774488316,94.95082040304574,1396.8747570457858,1545.108783616755,63.49115872972933,1481.6176248870258,0.0,False,NORMAL,0.9,IDLE,362.0,0.0,0.0,0.0,1396.8747570457858
2024-01-14 07:15:00,1517.012804744246,133.29925647471399,1383.713548269532,1595.9360410416432,99.02500434937788,1496.9110366922653,0.0,False,NORMAL,0.9,IDLE,362.0,0.0,0.0,0.0,1383.713548269532
2024-01-14 07:30:00,1595.0455623949906,175.11988501616065,1419.92567737883,1634.7312015850007,135.57909064591135,1499.1521109390894,0.0,False,NORMAL,0.9,IDLE,362.0,0.0,0.0,0.0,1419.92567737883
2024-01-14 07:45:00,1581.7646074741492,112.79700074410779,1468.9676067300413,1734.0737547727865,169.48687252122951,1564.586882251557,0.0,False,NORMAL,0.9,IDLE,362.0,0.0,0.0,0.0,1468.9676067300413
2024-01-14 08:00:00,1676.2479340371813,270.96722325189563,1405.2807107852857,1697.681524677773,182.9693946272087,1514.7121300505644,0.0,False,NORMAL,0.9,IDLE,362.0,0.0,0.0,0.0,1405.2807107852857
2024-01-14 08:15:00,1656.0509386633887,304.74455928850267,1351.306379374886,1770.8543847097328,248.5783489169447,1522.2760357927882,0.0,False,NORMAL,0.9,IDLE,362.0,0.0,0.0,0.0,1351.306379374886
2024-01-14 08:30:00,1731.3145181060097,241.91133137048803,1489.4031867355216,1784.5174719332726,292.26096821426324,1492.2565037190093,0.0,False,NORMAL,0.9,IDLE,362.0,0.0,0.0,0.0,1489.4031867355216
2024-01-14 08:45:00,1702.0083380143392,412.2749294402226,1289.7334085741165,1843.0812638250145,302.25540178805244,1540.825862036962,0.0,False,NORMAL,0.9,IDLE,362.0,0.0,0.0,0.0,1289.7334085741165
2024-01-14 09:00:00,1278.193558324193,453.01013338899025,825.1834249352028,1736.6664063875962,258.13229783304087,1478.5341085545554,0.0,False,NORMAL,0.9,IDLE,362.0,0.0,0.0,0.0,825.1834249352028
2024-01-14 09:15:00,1284.7501504801153,175.79272106833005,1108.9574294117851,1611.733383394754,441.415737317916,1170.317646076838,0.0,False,NORMAL,0.9,IDLE,362.0,0.0,0.0,0.0,1108.9574294117851
2024-01-14 09:30:00,1312.8185085442533,538.0126378734557,774.8058706707976,1562.1168036714503,369.85211370155696,1192.2646899698934,0.0,False,NORMAL,0.9,IDLE,362.0,0.0,0.0,0.0,774.8058706707976
2024-01-14 09:45:00,1260.3309683265825,430.7219462714875,829.609022055095,1544.0943209847037,492.12762493349817,1051.9666960512054,0.0,False,NORMAL,0.9,IDLE,362.0,0.0,0.0,0.0,829.609022055095
2024-01-14 10:00:00,1388.4097140349322,633.7343455214293,754.6753685135029,1481.2317956049033,318.9912626560404,1162.240532948863,0.0,False,NORMAL,0.9,IDLE,362.0,0.0,0.0,0.0,754.6753685135029
2024-01-14 10:15:00,1374.4613963429367,672.2364460855882,702.2249502573485,1551.7120039948566,571.8683011479153,979.8437028469413,0.0,False,NORMAL,0.9,IDLE,362.0,0.0,0.0,0.0,702.2249502573485
2024-01-14 10:30:00,1399.1561922389017,679.0015911117722,720.1546011271295,1496.4422930141707,613.9260087194735,882.5162842946971,0.0,False,NORMAL,0.9,IDLE,362.0,0.0,0.0,0.0,720.1546011271295
2024-01-14 10:45:00,1400.7185218278541,718.1632908483232,682.555230979531,1548.1776194285649,498.98908221853367,1049.1885372100312,0.0,False,NORMAL,0.9,IDLE,362.0,0.0,0.0,0.0,682.555230979531
2024-01-14 11:00:00,1358.512434161361,760.2476330562735,598.2648011050875,1582.0259001220286,705.775669757792,876.2502303642366,0.0,False,NORMAL,0.9,IDLE,362.0,0.0,0.0,0.0,598.2648011050875
2024-01-14 11:15:00,1412.417263343605,737.0321108981872,675.3851524454179,1562.0387402705776,730.1503012827217,831.8884389878559,0.0,False,NORMAL,0.9,IDLE,362.0,0.0,0.0,0.0,675.3851524454179
2024-01-14 11:30:00,1420.6205229036507,759.7549507032047,660.865572200446,1559.284054089754,727.7309980817676,831.5530560079864,0.0,False,NORMAL,0.9,IDLE,362.0,0.0,0.0,0.0,660.865572200446
2024-01-14 11:45:00,1426.8536549896744,778.9974509379156,647.8562040517588,1569.8684644311363,766.9114891373608,802.9569752937755,0.0,False,NORMAL,0.9,IDLE,362.0,0.0,0.0,0.0,647.8562040517588
2024-01-14 12:00:00,1390.3824862762426,806.794505215646,583.5879810605966,1566.0776041852007,532.4043074289613,1033.6732967562393,0.0,False,NORMAL,0.9,IDLE,362.0,0.0,0.0,0.0,583.5879810605966
2024-01-14 12:15:00,1409.9491272105715,809.5565660671759,600.3925611433956,1582.6518805800408,755.6133628733495,827.0385177066913,0.0,False,NORMAL,0.9,IDLE,362.0,0.0,0.0,0.0,600.3925611433956
2024-01-14 12:30:00,1413.278821415559,780.1519957990774,633.1268256164815,1584.8611338724845,765.4707582378796,819.3903756346049,0.0,False,NORMAL,0.9,IDLE,362.0,0.0,0.0,0.0,633.1268256164815
2024-01-14 12:45:00,1320.8330885564494,743.383721528281,577.4493670281685,1606.4560541940198,747.948827399225,858.5072267947947,0.0,False,NORMAL,0.9,IDLE,362.0,0.0,0.0,0.0,577.4493670281685
2024-01-14 13:00:00,1389.4634583000543,772.7478126335744,616.7156456664799,1543.8953521393958,754.6627600378117,789.232592101584,0.0,False,NORMAL,0.9,IDLE,362.0,0.0,0.0,0.0,616.7156456664799
2024-01-14 13:15:00,1353.717221030075,730.3940101411338,623.3232108889413,1535.4204012343323,745.1739133913416,790.2464878429907,0.0,False,NORMAL,0.9,IDLE,362.0,0.0,0.0,0.0,623.3232108889413
2024-01-14 13:30:00,1362.295630534316,698.1270347070251,664.1685958272908,1556.1460221957038,724.759371093482,831.3866511022219,0.0,False,NORMAL,0.9,IDLE,362.0,0.0,0.0,0.0,664.1685958272908
2024-01-14 13:45:00,1425.2807648397375,679.6183303284354,745.6624345113021,1576.1803136441736,700.0759892499327,876.1043243942408,0.0,False,NORMAL,0.9,IDLE,362.0,0.0,0.0,0.0,745.6624345113021
2024-01-14 14:00:00,1454.9454243084901,404.69807502246135,1050.2473492860288,1560.3498140413076,662.8877890169554,897.4620250243522,0.0,False,NORMAL,0.9,IDLE,362.0,0.0,0.0,0.0,1050.2473492860288
2024-01-14 14:15:00,1460.4671235773003,466.2492869711583,994.217836606142,1598.5201398518593,552.2292820089327,1046.2908578429265,0.0,False,NORMAL,0.9,IDLE,362.0,0.0,0.0,0.0,994.217836606142
2024-01-14 14:30:00,1402.762068219949,612.0085720349609,790.7534961849881,1614.4333966890608,537.1418096314719,1077.291587057589,0.0,False,NORMAL,0.9,IDLE,362.0,0.0,0.0,0.0,790.7534961849881
2024-01-14 14:45:00,1447.8109018335872,576.9871418184817,870.8237600151054,1557.6449783908865,541.1552068934151,1016.4897714974715,0.0,False,NORMAL,0.9,IDLE,362.0,0.0,0.0,0.0,870.8237600151054
2024-01-14 15:00:00,1424.0432376059591,551.8220729309805,872.2211646749786,1595.9737164408075,514.1174804167858,1081.8562360240217,0.0,False,NORMAL,0.9,IDLE,362.0,0.0,0.0,0.0,872.2211646749786
2024-01-14 15:15:00,1393.305552066884,467.6748732697087,925.6306787971753,1603.2583003723307,509.4325957817199,1093.8257045906107,0.0,False,NORMAL,0.9,IDLE,362.0,0.0,0.0,0.0,925.6306787971753
2024-01-14 15:30:00,1440.9894873243693,453.22544456054794,987.7640427638214,1564.1409827942377,464.12086041745255,1100.0201223767851,0.0,False,NORMAL,0.9,IDLE,362.0,0.0,0.0,0.0,987.7640427638214
2024-01-14 15:45:00,1395.7867651135753,400.84447224131003,994.9422928722652,1571.2490417423664,430.24674368063086,1141.0022980617355,0.0,False,NORMAL,0.9,IDLE,362.0,0.0,0.0,0.0,994.9422928722652
2024-01-14 16:00:00,1396.1414127463718,361.0983436181213,1035.0430691282504,1567.3434676716004,389.55459606066336,1177.788871610937,0.0,False,NORMAL,0.9,IDLE,362.0,0.0,0.0,0.0,1035.0430691282504
2024-01-14 16:15:00,1459.0195429303894,304.56191830562716,1154.4576246247623,1590.5031543196017,346.90199737426764,1243.601156945334,0.0,False,NORMAL,0.9,IDLE,362.0,0.0,0.0,0.0,1154.4576246247623
2024-01-14 16:30:00,1538.782854249992,144.39492773301495,1394.387926516977,1662.3933504162817,234.87203380862533,1427.5213166076564,0.0,False,NORMAL,0.9,IDLE,362.0,0.0,0.0,0.0,1394.387926516977
2024-01-14 16:45:00,1653.5894323269267,219.83049727828492,1433.758935048642,1711.059574148839,207.5365595367933,1503.5230146120457,0.0,False,WATCH,0.9,IDLE,362.0,0.0,0.0,0.0,1433.758935048642
2024-01-14 17:00:00,1735.8405709839851,184.6923470652784,1551.1482239187067,1823.6458205995712,154.14618175423874,1669.4996388453324,0.0,False,WATCH,0.9,IDLE,362.0,0.0,0.0,0.0,1551.1482239187067
2024-01-14 17:15:00,1849.3225441003144,138.8455995517403,1710.476944548574,1914.832432891633,122.11714722893825,1792.715285662695,0.0,False,WATCH,0.9,IDLE,362.0,0.0,0.0,0.0,1710.476944548574
2024-01-14 17:30:00,1893.6898662763874,96.22899994920127,1797.460866327186,2012.3015413687788,120.11250929028267,1892.189032078496,0.0,False,WARNING,0.9,IDLE,362.0,0.0,0.0,0.0,1797.460866327186
2024-01-14 17:45:00,1880.873047871013,61.33964987614623,1819.5333979948666,2067.719356271322,92.07903251992056,1975.6403237514014,0.0,False,WARNING,0.9,IDLE,362.0,0.0,0.0,0.0,1819.5333979948666
2024-01-14 18:00:00,1900.8903821864253,33.19678517417498,1867.6935970122504,2123.3217070988685,59.49260400293361,2063.829103095935,0.0,False,WARNING,0.9,IDLE,362.0,0.0,0.0,0.0,1867.6935970122504
2024-01-14 18:15:00,2063.552325277529,12.886732659995385,2050.6655926175335,2175.2024198906793,32.771865736097595,2142.430554154582,0.0,False,WARNING,0.9,IDLE,362.0,0.0,0.0,0.0,2050.6655926175335
2024-01-14 18:30:00,2017.8439682927399,3.6671632601118613e-22,2017.8439682927399,2221.65037931762,16.260655626800077,2205.3897236908197,0.0,False,WARNING,0.9,IDLE,362.0,0.0,0.0,0.0,2017.8439682927399
2024-01-14 18:45:00,2127.562473431841,0.0,2127.562473431841,2282.7303840742366,3.456168210569261,2279.2742158636675,0.0,False,WARNING,0.9,IDLE,362.0,0.0,0.0,0.0,2127.562473431841
2024-01-14 19:00:00,2038.4370322244747,0.0,2038.4370322244747,2176.1209394312364,0.0,2176.1209394312364,0.0,False,WARNING,0.9,IDLE,362.0,0.0,0.0,0.0,2038.4370322244747
2024-01-14 19:15:00,2090.810770942477,0.0,2090.810770942477,2142.4151541737506,0.0,2142.4151541737506,0.0,False,WARNING,0.9,IDLE,362.0,0.0,0.0,0.0,2090.810770942477
2024-01-14 19:30:00,2167.311304265041,0.0,2167.311304265041,2208.027145952514,0.0,2208.027145952514,0.0,False,WARNING,0.9,IDLE,362.0,0.0,0.0,0.0,2167.311304265041
2024-01-14 19:45:00,2174.010129940126,0.0,2174.010129940126,2221.2657122913006,0.0,2221.2657122913006,0.0,False,WARNING,0.9,IDLE,362.0,0.0,0.0,0.0,2174.010129940126
2024-01-14 20:00:00,1967.8616038888053,0.0,1967.8616038888053,2219.696770360247,0.0,2219.696770360247,0.0,False,WARNING,0.9,IDLE,362.0,0.0,0.0,0.0,1967.8616038888053
2024-01-14 20:15:00,1879.705647430747,0.0,1879.705647430747,2155.9603744186684,0.0,2155.9603744186684,0.0,False,WARNING,0.9,IDLE,362.0,0.0,0.0,0.0,1879.705647430747
2024-01-14 20:30:00,1976.7926434871122,0.0,1976.7926434871122,2129.3199321652082,0.0,2129.3199321652082,0.0,False,WARNING,0.9,IDLE,362.0,0.0,0.0,0.0,1976.7926434871122
2024-01-14 20:45:00,1932.1535275942945,0.0,1932.1535275942945,2099.023382534728,0.0,2099.023382534728,0.0,False,WARNING,0.9,IDLE,362.0,0.0,0.0,0.0,1932.1535275942945
2024-01-14 21:00:00,1847.4026252118751,0.0,1847.4026252118751,2052.9767073358585,0.0,2052.9767073358585,0.0,False,WARNING,0.9,IDLE,362.0,0.0,0.0,0.0,1847.4026252118751
2024-01-14 21:15:00,1843.2601122958527,0.0,1843.2601122958527,1975.256059513411,0.0,1975.256059513411,0.0,False,WARNING,0.9,IDLE,362.0,0.0,0.0,0.0,1843.2601122958527
2024-01-14 21:30:00,1730.2020362653489,0.0,1730.2020362653489,1941.267800852102,0.0,1941.267800852102,0.0,False,WATCH,0.9,IDLE,362.0,0.0,0.0,0.0,1730.2020362653489
2024-01-14 21:45:00,1645.4201969427356,0.0,1645.4201969427356,1789.231500717216,0.0,1789.231500717216,0.0,False,WATCH,0.9,IDLE,362.0,0.0,0.0,0.0,1645.4201969427356
2024-01-14 22:00:00,1478.2787357844727,0.0,1478.2787357844727,1717.3534031328163,0.0,1717.3534031328163,0.0,False,NORMAL,0.9,IDLE,362.0,0.0,0.0,0.0,1478.2787357844727
2024-01-14 22:15:00,1327.0838427317924,0.0,1327.0838427317924,1558.244372344974,0.0,1558.244372344974,0.0,False,NORMAL,0.9,IDLE,362.0,0.0,0.0,0.0,1327.0838427317924
2024-01-14 22:30:00,1265.6410366642563,0.0,1265.6410366642563,1406.8011579130814,0.0,1406.8011579130814,0.0,False,NORMAL,0.9,IDLE,362.0,0.0,0.0,0.0,1265.6410366642563
2024-01-14 22:45:00,1035.338627178285,0.0,1035.338627178285,1324.4006121804318,0.0,1324.4006121804318,0.0,False,NORMAL,0.9,IDLE,362.0,0.0,0.0,0.0,1035.338627178285
2024-01-14 23:00:00,943.3246551151149,0.0,943.3246551151149,1140.8446424516123,0.0,1140.8446424516123,0.0,False,NORMAL,0.9,IDLE,362.0,0.0,0.0,0.0,1003.3246551151149
2024-01-14 23:15:00,907.0077543851028,0.0,907.0077543851028,1058.6680162151035,0.0,1058.6680162151035,0.0,False,NORMAL,0.9,IDLE,362.0,0.0,0.0,0.0,967.0077543851028
2024-01-14 23:30:00,858.4817427387804,0.0,858.4817427387804,970.0276939810898,0.0,970.0276939810898,0.0,False,NORMAL,0.9,IDLE,362.0,0.0,0.0,0.0,918.4817427387804
2024-01-14 23:45:00,808.4118459744848,0.0,808.4118459744848,907.5126220992637,0.0,907.5126220992637,0.0,False,NORMAL,0.9,IDLE,362.0,0.0,0.0,0.0,868.4118459744848
2024-01-15 00:00:00,760.8942111672975,0.0,760.8942111672975,826.430122414244,0.0,826.430122414244,0.0,False,NORMAL,0.9,IDLE,362.0,0.0,0.0,0.0,820.8942111672975
2024-01-15 00:15:00,810.289785437802,0.0,810.289785437802,779.0404863466078,0.0,779.0404863466078,0.0,False,NORMAL,0.9,IDLE,362.0,0.0,0.0,0.0,870.289785437802
2024-01-15 00:30:00,716.4329346118615,0.0,716.4329346118615,809.6321864049927,0.0,809.6321864049927,0.0,False,NORMAL,0.9,IDLE,362.0,0.0,0.0,0.0,776.4329346118615
2024-01-15 00:45:00,687.1784304551048,0.0,687.1784304551048,749.6370065845745,0.0,749.6370065845745,0.0,False,NORMAL,0.9,IDLE,362.0,0.0,0.0,0.0,747.1784304551048
2024-01-15 01:00:00,800.872806468962,0.0,800.872806468962,725.4506504194525,0.0,725.4506504194525,0.0,False,NORMAL,0.9,IDLE,362.0,0.0,0.0,0.0,860.872806468962
2024-01-15 01:15:00,764.5003675960122,0.0,764.5003675960122,758.3898547939121,0.0,758.3898547939121,0.0,False,NORMAL,0.9,IDLE,362.0,0.0,0.0,0.0,824.5003675960122
2024-01-15 01:30:00,714.6189498987511,0.0,714.6189498987511,760.4312948012265,0.0,760.4312948012265,0.0,False,NORMAL,0.9,IDLE,362.0,0.0,0.0,0.0,774.6189498987511
2024-01-15 01:45:00,800.2619256550686,0.0,800.2619256550686,743.8199671534484,0.0,743.8199671534484,0.0,False,NORMAL,0.9,IDLE,362.0,0.0,0.0,0.0,860.2619256550686
2024-01-15 02:00:00,727.4914384100078,0.0,727.4914384100078,785.9666025410015,0.0,785.9666025410015,0.0,False,NORMAL,0.9,IDLE,362.0,0.0,0.0,0.0,787.4914384100078
2024-01-15 02:15:00,813.5863274936619,0.0,813.5863274936619,748.1968274857733,0.0,748.1968274857733,0.0,False,NORMAL,0.9,IDLE,362.0,0.0,0.0,0.0,873.5863274936619
2024-01-15 02:30:00,759.3874368580664,0.0,759.3874368580664,765.6720069372095,0.0,765.6720069372095,0.0,False,NORMAL,0.9,IDLE,362.0,0.0,0.0,0.0,819.3874368580664
2024-01-15 02:45:00,737.116552471085,0.0,737.116552471085,751.377282792021,0.0,751.377282792021,0.0,False,NORMAL,0.9,IDLE,362.0,0.0,0.0,0.0,797.116552471085
2024-01-15 03:00:00,833.9653095080838,0.0,833.9653095080838,726.3186386918137,0.0,726.3186386918137,0.0,False,NORMAL,0.9,IDLE,362.0,0.0,0.0,0.0,893.9653095080838
2024-01-15 03:15:00,714.5116167344672,0.0,714.5116167344672,793.5323542314246,0.0,793.5323542314246,0.0,False,NORMAL,0.9,IDLE,362.0,0.0,0.0,0.0,774.5116167344672
2024-01-15 03:30:00,779.5155108802201,0.0,779.5155108802201,737.5850734068148,0.0,737.5850734068148,0.0,False,NORMAL,0.9,IDLE,362.0,0.0,0.0,0.0,839.5155108802201
2024-01-15 03:45:00,773.7241090313023,0.0,773.7241090313023,725.9257065392129,0.0,725.9257065392129,0.0,False,NORMAL,0.9,IDLE,362.0,0.0,0.0,0.0,833.7241090313023
2024-01-15 04:00:00,804.8945460634078,0.0,804.8945460634078,772.1426753224338,0.0,772.1426753224338,0.0,False,NORMAL,0.9,IDLE,362.0,0.0,0.0,0.0,864.8945460634078
2024-01-15 04:15:00,754.4922414888714,0.0,754.4922414888714,812.6907586286368,0.0,812.6907586286368,0.0,False,NORMAL,0.9,IDLE,362.0,0.0,0.0,0.0,814.4922414888714
2024-01-15 04:30:00,752.0070628290939,0.0,752.0070628290939,768.6727287492293,0.0,768.6727287492293,0.0,False,NORMAL,0.9,IDLE,362.0,0.0,0.0,0.0,812.0070628290939
2024-01-15 04:45:00,734.0451261689773,0.0,734.0451261689773,773.2947625634163,0.0,773.2947625634163,0.0,False,NORMAL,0.9,IDLE,362.0,0.0,0.0,0.0,794.0451261689773
2024-01-15 05:00:00,772.741614208348,0.0,772.741614208348,756.0138005615477,0.0,756.0138005615477,0.0,False,NORMAL,0.9,IDLE,362.0,0.0,0.0,0.0,832.741614208348
2024-01-15 05:15:00,817.0553735589643,0.0,817.0553735589643,798.9151687184602,0.0,798.9151687184602,0.0,False,NORMAL,0.9,IDLE,362.0,0.0,0.0,0.0,877.0553735589643
2024-01-15 05:30:00,965.7578540755114,0.0,965.7578540755114,871.5335185757826,0.0,871.5335185757826,0.0,False,NORMAL,0.9,IDLE,362.0,0.0,0.0,0.0,965.7578540755114
2024-01-15 05:45:00,1007.9604177618608,0.0,1007.9604177618608,947.8830002705116,0.0,947.8830002705116,0.0,False,NORMAL,0.9,IDLE,362.0,0.0,0.0,0.0,1007.9604177618608
2024-01-15 06:00:00,1056.0056268158203,3.3291660603246396e-22,1056.0056268158203,1045.842180147023,1.7625007420215412e-22,1045.842180147023,0.0,False,NORMAL,0.9,IDLE,362.0,0.0,0.0,0.0,1056.0056268158203
2024-01-15 06:15:00,1183.9632830666276,12.415310891477542,1171.54797217515,1110.9591826578755,5.5825792726551935,1105.3766033852203,0.0,False,NORMAL,0.9,IDLE,362.0,0.0,0.0,0.0,1171.54797217515
2024-01-15 06:30:00,1256.7410581271495,32.36847011759727,1224.3725880095521,1209.6303351545732,19.75620759776481,1189.8741275568084,0.0,False,NORMAL,0.9,IDLE,362.0,0.0,0.0,0.0,1224.3725880095521
2024-01-15 06:45:00,1346.9280906938861,58.52482080563233,1288.4032698882538,1314.3289760001005,40.58729365368039,1273.74168234642,0.0,False,NORMAL,0.9,IDLE,362.0,0.0,0.0,0.0,1288.4032698882538
2024-01-15 07:00:00,1529.0972240916622,91.35569134190088,1437.7415327497613,1383.5620544189944,66.08751768724755,1317.4745367317469,0.0,False,NORMAL,0.9,IDLE,362.0,0.0,0.0,0.0,1437.7415327497613
2024-01-15 07:15:00,1568.1177770135548,133.29737799157547,1434.8203990219793,1474.6206046272418,98.9833746698449,1375.637229957397,0.0,False,NORMAL,0.9,IDLE,362.0,0.0,0.0,0.0,1434.8203990219793
2024-01-15 07:30:00,1673.9963686135998,91.80721736340617,1582.1891512501936,1548.110828421012,138.0100530770383,1410.1007753439737,0.0,False,NORMAL,0.9,IDLE,362.0,0.0,0.0,0.0,1582.1891512501936
2024-01-15 07:45:00,1766.0217405100038,207.01123603973136,1559.0105044702725,1599.4519443496752,104.5439832125596,1494.9079611371155,0.0,False,NORMAL,0.9,IDLE,362.0,0.0,0.0,0.0,1559.0105044702725
2024-01-15 08:00:00,1917.494654950293,255.64470167571042,1661.8499532745825,1697.973212680775,216.65152585454203,1481.321686826233,0.0,False,NORMAL,0.9,IDLE,362.0,0.0,0.0,0.0,1661.8499532745825
2024-01-15 08:15:00,1958.8342220141858,291.531460351662,1667.3027616625238,1751.7968650873527,256.7371805285845,1495.0596845587681,0.0,False,NORMAL,0.9,IDLE,362.0,0.0,0.0,0.0,1667.3027616625238
2024-01-15 08:30:00,2026.502568694536,324.0992734438829,1702.4032952506532,1826.961530790158,248.17687275162095,1578.784658038537,0.0,False,NORMAL,0.9,IDLE,362.0,0.0,0.0,0.0,1702.4032952506532
2024-01-15 08:45:00,2063.6043462304215,306.6539892341723,1756.9503569962492,1855.631532276367,353.7114057027523,1501.9201265736147,0.0,False,NORMAL,0.9,IDLE,362.0,0.0,0.0,0.0,1756.9503569962492
2024-01-15 09:00:00,1707.116926728442,412.58085340621903,1294.5360733222228,1686.4435238416297,376.27876960112235,1310.1647542405074,0.0,False,NORMAL,0.9,IDLE,362.0,0.0,0.0,0.0,1294.5360733222228
2024-01-15 09:15:00,1792.9616312570251,483.2908408964738,1309.6707903605513,1590.7866062849134,282.77365876815867,1308.0129475167548,0.0,False,NORMAL,0.9,IDLE,362.0,0.0,0.0,0.0,1309.6707903605513
2024-01-15 09:30:00,1761.312454955437,521.619321277043,1239.6931336783941,1606.7305512140108,484.7365695236298,1121.9939816903811,0.0,False,NORMAL,0.9,IDLE,362.0,0.0,0.0,0.0,1239.6931336783941
2024-01-15 09:45:00,1742.4960200435469,550.1107138804522,1192.3853061630948,1550.7154906689059,456.8713917141946,1093.8440989547112,0.0,False,NORMAL,0.9,IDLE,362.0,0.0,0.0,0.0,1192.3853061630948
2024-01-15 10:00:00,1788.1693116919218,607.5074564359203,1180.6618552560017,1575.7060241010468,577.093298446225,998.6127256548217,0.0,False,NORMAL,0.9,IDLE,362.0,0.0,0.0,0.0,1180.6618552560017
2024-01-15 10:15:00,1752.8525624693223,649.7148602530539,1103.1377022162683,1585.1941760360262,623.3219270700558,961.8722489659704,0.0,False,NORMAL,0.9,IDLE,362.0,0.0,0.0,0.0,1103.1377022162683
2024-01-15 10:30:00,1736.5773982331532,201.20918622235857,1535.3682120107947,1583.7380144797407,649.0301335602062,934.7078809195345,0.0,False,NORMAL,0.9,IDLE,362.0,0.0,0.0,0.0,1535.3682120107947
2024-01-15 10:45:00,1815.9966837302477,649.3614431609277,1166.63524056932,1577.8163905028596,540.1271042977094,1037.6892862051502,0.0,False,NORMAL,0.9,IDLE,362.0,0.0,0.0,0.0,1166.63524056932
2024-01-15 11:00:00,1749.4927434263502,649.9812290134461,1099.511514412904,1591.026796290117,666.223444308336,924.8033519817811,0.0,False,NORMAL,0.9,IDLE,362.0,0.0,0.0,0.0,1099.511514412904
2024-01-15 11:15:00,1756.202699820129,755.2567241899143,1000.9459756302148,1595.8498317047752,657.300717145583,938.5491145591922,0.0,False,NORMAL,0.9,IDLE,362.0,0.0,0.0,0.0,1000.9459756302148
2024-01-15 11:30:00,1741.3102486448743,713.1441979393878,1028.1660507054864,1602.25816720817,699.4286387878541,902.829528420316,0.0,False,NORMAL,0.9,IDLE,362.0,0.0,0.0,0.0,1028.1660507054864
2024-01-15 11:45:00,1744.219722589565,758.527069430246,985.692653159319,1602.6809757409897,740.8821199856847,861.798855755305,0.0,False,NORMAL,0.9,IDLE,362.0,0.0,0.0,0.0,985.692653159319
2024-01-15 12:00:00,1736.9271128997102,500.4046597664342,1236.522453133276,1579.1924829260106,771.7274416926251,807.4650412333855,0.0,False,NORMAL,0.9,IDLE,362.0,0.0,0.0,0.0,1236.522453133276
2024-01-15 12:15:00,1703.263083748665,776.5677830618683,926.6953006867966,1586.5185277018252,701.4189620496353,885.0995656521899,0.0,False,NORMAL,0.9,IDLE,362.0,0.0,0.0,0.0,926.6953006867966
2024-01-15 12:30:00,1718.4038836786913,724.5704835306999,993.8334001479914,1576.493222871783,762.8220954227589,813.6711274490241,0.0,False,NORMAL,0.9,IDLE,362.0,0.0,0.0,0.0,993.8334001479914
2024-01-15 12:45:00,1717.5657203473052,707.3233892687402,1010.2423310785649,1532.8642149705117,723.7125590776861,809.1516558928256,0.0,False,NORMAL,0.9,IDLE,362.0,0.0,0.0,0.0,1010.2423310785649
2024-01-15 13:00:00,1685.4488003148035,718.1561536053873,967.2926467094162,1564.1445657553747,729.2527373914437,834.891828363931,0.0,False,NORMAL,0.9,IDLE,362.0,0.0,0.0,0.0,967.2926467094162
2024-01-15 13:15:00,1676.8017735299186,696.3175589134273,980.4842146164913,1535.7790730634847,727.4390719778847,808.3400010856,0.0,False,NORMAL,0.9,IDLE,362.0,0.0,0.0,0.0,980.4842146164913
2024-01-15 13:30:00,1652.704593084762,700.8033345917253,951.9012584930368,1536.0039519000172,701.8327607801695,834.1711911198478,0.0,False,NORMAL,0.9,IDLE,362.0,0.0,0.0,0.0,951.9012584930368
2024-01-15 13:45:00,1624.5879051164432,664.4831280097789,960.1047771066643,1554.4274712442757,691.0894973989253,863.3379738453503,0.0,False,NORMAL,0.9,IDLE,362.0,0.0,0.0,0.0,960.1047771066643
2024-01-15 14:00:00,1808.9383055781034,650.9337644142842,1158.0045411638193,1554.3788881764963,557.5043702452147,996.8745179312816,0.0,False,NORMAL,0.9,IDLE,362.0,0.0,0.0,0.0,1158.0045411638193
2024-01-15 14:15:00,1761.013571877862,603.6179095999096,1157.3956622779524,1609.5669141065323,570.6737184973091,1038.8931956092233,0.0,False,NORMAL,0.9,IDLE,362.0,0.0,0.0,0.0,1157.3956622779524
2024-01-15 14:30:00,1756.1350381792279,564.4166136669645,1191.7184245122635,1578.4939530546255,621.6236125726689,956.8703404819566,0.0,False,NORMAL,0.9,IDLE,362.0,0.0,0.0,0.0,1191.7184245122635
2024-01-15 14:45:00,1735.1616739934047,530.7038836922851,1204.4577903011195,1607.0592298332874,585.5256041662182,1021.5336256670693,0.0,False,NORMAL,0.9,IDLE,362.0,0.0,0.0,0.0,1204.4577903011195
2024-01-15 15:00:00,1780.5300906116124,532.8614311710392,1247.6686594405733,1601.2660499924768,554.7774516395408,1046.4885983529362,0.0,False,NORMAL,0.9,IDLE,362.0,0.0,0.0,0.0,1247.6686594405733
2024-01-15 15:15:00,1772.759783572979,465.1289384161997,1307.6308451567793,1594.9785149024199,506.7008104106954,1088.2777044917245,0.0,False,NORMAL,0.9,IDLE,362.0,0.0,0.0,0.0,1307.6308451567793
2024-01-15 15:30:00,1802.3099892906475,395.40678709135346,1406.9032021992941,1617.0639794246088,473.0650408193149,1143.998938605294,0.0,False,NORMAL,0.9,IDLE,362.0,0.0,0.0,0.0,1406.9032021992941
2024-01-15 15:45:00,1763.3171253217442,371.87561226687757,1391.4415130548666,1607.1690018045401,419.75695597216117,1187.412045832379,0.0,False,NORMAL,0.9,IDLE,362.0,0.0,0.0,0.0,1391.4415130548666
2024-01-15 16:00:00,1764.4194966771445,335.48607774873557,1428.9334189284089,1596.2986372393289,383.0172930836028,1213.281344155726,0.0,False,NORMAL,0.9,IDLE,362.0,0.0,0.0,0.0,1428.9334189284089
2024-01-15 16:15:00,1870.0244891057325,307.27295919522015,1562.7515299105123,1625.7453670614689,333.18093292302433,1292.5644341384445,0.0,False,NORMAL,0.9,IDLE,362.0,0.0,0.0,0.0,1562.7515299105123
2024-01-15 16:30:00,1902.8358101589615,255.87266912808832,1646.9631410308732,1694.9567244439113,239.913753111173,1455.0429713327383,0.0,False,NORMAL,0.9,IDLE,362.0,0.0,0.0,0.0,1646.9631410308732
2024-01-15 16:45:00,2064.405687983077,200.53260171823155,1863.8730862648454,1764.817160627129,252.7669287196225,1512.0502319075065,0.0,False,NORMAL,0.9,IDLE,362.0,0.0,0.0,0.0,1863.8730862648454
2024-01-15 17:00:00,2108.712451208175,177.82640517043328,1930.8860460377418,1863.510750983838,209.58508722031232,1653.9256637635258,0.0,False,WATCH,0.9,IDLE,362.0,0.0,0.0,0.0,1930.8860460377418
2024-01-15 17:15:00,2128.310128977734,127.39536457238069,2000.9147644053535,1955.3233640506571,171.63605042808575,1783.6873136225713,0.0,False,WATCH,0.9,IDLE,362.0,0.0,0.0,0.0,2000.9147644053535
2024-01-15 17:30:00,2191.940136714957,95.50265690474527,2096.4374798102117,2001.222640077367,127.1545740435569,1874.06806603381,0.0,False,WARNING,0.9,IDLE,362.0,0.0,0.0,0.0,2096.4374798102117
2024-01-15 17:45:00,2228.6106784288613,58.124651416168035,2170.4860270126933,2034.6250587079567,90.92112980291323,1943.7039289050435,0.0,False,WARNING,0.9,IDLE,362.0,0.0,0.0,0.0,2170.4860270126933
2024-01-15 18:00:00,2241.9318019841153,30.56746226419149,2211.364339719924,2065.8735431940413,58.42015087817835,2007.4533923158629,0.0,False,WARNING,0.9,IDLE,362.0,0.0,0.0,0.0,2211.364339719924
2024-01-15 18:15:00,2170.613169596946,11.1860870060196,2159.4270825909266,2153.2411905237686,31.175508200684217,2122.0656823230843,0.0,False,WARNING,0.9,IDLE,362.0,0.0,0.0,0.0,2159.4270825909266
2024-01-15 18:30:00,2243.856972483444,3.209962312033073e-22,2243.856972483444,2118.568902002358,12.401790980745899,2106.167111021612,0.0,False,WARNING,0.9,IDLE,362.0,0.0,0.0,0.0,2243.856972483444
2024-01-15 18:45:00,2271.7588464489977,0.0,2271.7588464489977,2186.537882751838,3.309868347575805,2183.228014404262,0.0,False,WARNING,0.9,IDLE,362.0,0.0,0.0,0.0,2271.7588464489977
2024-01-15 19:00:00,2200.9122808422458,0.0,2200.9122808422458,2153.711943418367,0.0,2153.711943418367,0.0,False,WARNING,0.9,IDLE,362.0,0.0,0.0,0.0,2200.9122808422458
2024-01-15 19:15:00,2262.9360333850705,0.0,2262.9360333850705,2158.304308852521,0.0,2158.304308852521,0.0,False,WARNING,0.9,IDLE,362.0,0.0,0.0,0.0,2262.9360333850705
2024-01-15 19:30:00,2255.4710705213306,0.0,2255.4710705213306,2214.0627238474326,0.0,2214.0627238474326,0.0,False,WARNING,0.9,IDLE,362.0,0.0,0.0,0.0,2255.4710705213306
2024-01-15 19:45:00,2195.2245134978357,0.0,2195.2245134978357,2215.560303811774,0.0,2215.560303811774,0.0,False,WARNING,0.9,IDLE,362.0,0.0,0.0,0.0,2195.2245134978357
2024-01-15 20:00:00,2205.0950433104313,0.0,2205.0950433104313,2099.0912938227266,0.0,2099.0912938227266,0.0,False,WARNING,0.9,IDLE,362.0,0.0,0.0,0.0,2205.0950433104313
2024-01-15 20:15:00,2167.999569432809,0.0,2167.999569432809,2062.3042460321612,0.0,2062.3042460321612,0.0,False,WARNING,0.9,IDLE,362.0,0.0,0.0,0.0,2167.999569432809
2024-01-15 20:30:00,2093.1354865919816,0.0,2093.1354865919816,2089.5225621678155,0.0,2089.5225621678155,0.0,False,WARNING,0.9,IDLE,362.0,0.0,0.0,0.0,2093.1354865919816
2024-01-15 20:45:00,2117.8408856356054,0.0,2117.8408856356054,2037.6210439353965,0.0,2037.6210439353965,0.0,False,WARNING,0.9,IDLE,362.0,0.0,0.0,0.0,2117.8408856356054
2024-01-15 21:00:00,1995.8016338494626,0.0,1995.8016338494626,1998.9518660933993,0.0,1998.9518660933993,0.0,False,WARNING,0.9,IDLE,362.0,0.0,0.0,0.0,1995.8016338494626
2024-01-15 21:15:00,1837.76797878181,0.0,1837.76797878181,1950.568150478722,0.0,1950.568150478722,0.0,False,WATCH,0.9,IDLE,362.0,0.0,0.0,0.0,1837.76797878181
2024-01-15 21:30:00,1802.9595866027178,0.0,1802.9595866027178,1834.9174674582753,0.0,1834.9174674582753,0.0,False,WATCH,0.9,IDLE,362.0,0.0,0.0,0.0,1802.9595866027178
2024-01-15 21:45:00,1703.0103812204748,0.0,1703.0103812204748,1764.8455597939085,0.0,1764.8455597939085,0.0,False,WATCH,0.9,IDLE,362.0,0.0,0.0,0.0,1703.0103812204748
2024-01-15 22:00:00,1540.0928074491615,0.0,1540.0928074491615,1629.5416680958056,0.0,1629.5416680958056,0.0,False,NORMAL,0.9,IDLE,362.0,0.0,0.0,0.0,1540.0928074491615
2024-01-15 22:15:00,1401.7730374480034,0.0,1401.7730374480034,1485.2792485529246,0.0,1485.2792485529246,0.0,False,NORMAL,0.9,IDLE,362.0,0.0,0.0,0.0,1401.7730374480034
2024-01-15 22:30:00,1281.9721432581828,0.0,1281.9721432581828,1391.022681097684,0.0,1391.022681097684,0.0,False,NORMAL,0.9,IDLE,362.0,0.0,0.0,0.0,1281.9721432581828
2024-01-15 22:45:00,1071.057910633461,0.0,1071.057910633461,1212.5597668900527,0.0,1212.5597668900527,0.0,False,NORMAL,0.9,IDLE,362.0,0.0,0.0,0.0,1071.057910633461
2024-01-15 23:00:00,1010.4910934460129,0.0,1010.4910934460129,1072.5524863324133,0.0,1072.5524863324133,0.0,False,NORMAL,0.9,IDLE,362.0,0.0,0.0,0.0,1070.4910934460129
2024-01-15 23:15:00,969.1344786837259,0.0,969.1344786837259,1001.7944306676607,0.0,1001.7944306676607,0.0,False,NORMAL,0.9,IDLE,362.0,0.0,0.0,0.0,1029.1344786837258
2024-01-15 23:30:00,889.6948414495303,0.0,889.6948414495303,934.6607168186499,0.0,934.6607168186499,0.0,False,NORMAL,0.9,IDLE,362.0,0.0,0.0,0.0,949.6948414495303
2024-01-15 23:45:00,888.5277890824548,0.0,888.5277890824548,863.229801601453,0.0,863.229801601453,0.0,False,NORMAL,0.9,IDLE,362.0,0.0,0.0,0.0,948.5277890824548
2024-01-16 00:00:00,806.8417996656503,0.0,806.8417996656503,829.6544144572058,0.0,829.6544144572058,0.0,False,NORMAL,0.9,IDLE,362.0,0.0,0.0,0.0,866.8417996656503
2024-01-16 00:15:00,745.2485726846542,0.0,745.2485726846542,820.813554599659,0.0,820.813554599659,0.0,False,NORMAL,0.9,IDLE,362.0,0.0,0.0,0.0,805.2485726846542
2024-01-16 00:30:00,703.4836061008491,0.0,703.4836061008491,747.4930783316521,0.0,747.4930783316521,0.0,False,NORMAL,0.9,IDLE,362.0,0.0,0.0,0.0,763.4836061008491
2024-01-16 00:45:00,766.5773009800153,0.0,766.5773009800153,714.1991117803709,0.0,714.1991117803709,0.0,False,NORMAL,0.9,IDLE,362.0,0.0,0.0,0.0,826.5773009800153
2024-01-16 01:00:00,756.6753012413942,0.0,756.6753012413942,772.8041983557995,0.0,772.8041983557995,0.0,False,NORMAL,0.9,IDLE,362.0,0.0,0.0,0.0,816.6753012413942
2024-01-16 01:15:00,749.2337652936769,0.0,749.2337652936769,750.4558174409357,0.0,750.4558174409357,0.0,False,NORMAL,0.9,IDLE,362.0,0.0,0.0,0.0,809.2337652936769
2024-01-16 01:30:00,747.9540519091779,0.0,747.9540519091779,727.8215672422509,0.0,727.8215672422509,0.0,False,NORMAL,0.9,IDLE,362.0,0.0,0.0,0.0,807.9540519091779
2024-01-16 01:45:00,738.6421483487287,0.0,738.6421483487287,771.2354005435577,0.0,771.2354005435577,0.0,False,NORMAL,0.9,IDLE,362.0,0.0,0.0,0.0,798.6421483487287
2024-01-16 02:00:00,727.3035664935335,0.0,727.3035664935335,734.8948818775746,0.0,734.8948818775746,0.0,False,NORMAL,0.9,IDLE,362.0,0.0,0.0,0.0,787.3035664935335
2024-01-16 02:15:00,795.4508737811548,0.0,795.4508737811548,771.6135019780639,0.0,771.6135019780639,0.0,False,NORMAL,0.9,IDLE,362.0,0.0,0.0,0.0,855.4508737811548
2024-01-16 02:30:00,750.0512907669697,0.0,750.0512907669697,766.5493803597192,0.0,766.5493803597192,0.0,False,NORMAL,0.9,IDLE,362.0,0.0,0.0,0.0,810.0512907669697
2024-01-16 02:45:00,765.3721159400031,0.0,765.3721159400031,744.538822333773,0.0,744.538822333773,0.0,False,NORMAL,0.9,IDLE,362.0,0.0,0.0,0.0,825.3721159400031
2024-01-16 03:00:00,723.6381177444796,0.0,723.6381177444796,795.6571419077101,0.0,795.6571419077101,0.0,False,NORMAL,0.9,IDLE,362.0,0.0,0.0,0.0,783.6381177444796
2024-01-16 03:15:00,738.9339123085206,0.0,738.9339123085206,730.4025200223014,0.0,730.4025200223014,0.0,False,NORMAL,0.9,IDLE,362.0,0.0,0.0,0.0,798.9339123085206
2024-01-16 03:30:00,787.1802832459182,0.0,787.1802832459182,759.5014704457882,0.0,759.5014704457882,0.0,False,NORMAL,0.9,IDLE,362.0,0.0,0.0,0.0,847.1802832459182
2024-01-16 03:45:00,726.464253879599,0.0,726.464253879599,770.9811300061314,0.0,770.9811300061314,0.0,False,NORMAL,0.9,IDLE,362.0,0.0,0.0,0.0,786.464253879599
2024-01-16 04:00:00,805.7514387799565,0.0,805.7514387799565,768.9073700550382,0.0,768.9073700550382,0.0,False,NORMAL,0.9,IDLE,362.0,0.0,0.0,0.0,865.7514387799565
2024-01-16 04:15:00,750.0528137934086,0.0,750.0528137934086,768.3650052602675,0.0,768.3650052602675,0.0,False,NORMAL,0.9,IDLE,362.0,0.0,0.0,0.0,810.0528137934086
2024-01-16 04:30:00,759.2499090961091,0.0,759.2499090961091,756.73462929616,0.0,756.73462929616,0.0,False,NORMAL,0.9,IDLE,362.0,0.0,0.0,0.0,819.2499090961091
2024-01-16 04:45:00,805.4759095406573,0.0,805.4759095406573,747.7111868227367,0.0,747.7111868227367,0.0,False,NORMAL,0.9,IDLE,362.0,0.0,0.0,0.0,865.4759095406573
2024-01-16 05:00:00,699.0956626873785,0.0,699.0956626873785,783.7980526011092,0.0,783.7980526011092,0.0,False,NORMAL,0.9,IDLE,362.0,0.0,0.0,0.0,759.0956626873785
2024-01-16 05:15:00,782.4917831578691,0.0,782.4917831578691,771.2718752175934,0.0,771.2718752175934,0.0,False,NORMAL,0.9,IDLE,362.0,0.0,0.0,0.0,842.4917831578691
2024-01-16 05:30:00,849.7716478781343,0.0,849.7716478781343,860.9275814047792,0.0,860.9275814047792,0.0,False,NORMAL,0.9,IDLE,362.0,0.0,0.0,0.0,849.7716478781343
2024-01-16 05:45:00,1042.7533171905386,0.0,1042.7533171905386,904.8214596531286,0.0,904.8214596531286,0.0,False,NORMAL,0.9,IDLE,362.0,0.0,0.0,0.0,1042.7533171905386
2024-01-16 06:00:00,1060.2816631212709,3.5111268978066707e-22,1060.2816631212709,988.4543704885818,1.5536108281514985e-22,988.4543704885818,0.0,False,NORMAL,0.9,IDLE,362.0,0.0,0.0,0.0,1060.2816631212709
2024-01-16 06:15:00,1268.0789862024612,11.780864943334821,1256.2981212591264,1083.6031202341949,5.793811749356187,1077.8093084848388,0.0,False,NORMAL,0.9,IDLE,362.0,0.0,0.0,0.0,1256.2981212591264
2024-01-16 06:30:00,1275.2276010201135,32.91937001271317,1242.3082310074003,1204.5561524935215,18.737719412406964,1185.8184330811146,0.0,False,NORMAL,0.9,IDLE,362.0,0.0,0.0,0.0,1242.3082310074003
2024-01-16 06:45:00,1415.0689106777324,61.4557549011006,1353.6131557766319,1282.550885442688,38.44346087515955,1244.1074245675284,0.0,False,NORMAL,0.9,IDLE,362.0,0.0,0.0,0.0,1353.6131557766319
2024-01-16 07:00:00,1568.608621633235,52.00398887598634,1516.6046327572487,1432.713247996546,65.3065333003971,1367.4067146961488,0.0,False,NORMAL,0.9,IDLE,362.0,0.0,0.0,0.0,1516.6046327572487
2024-01-16 07:15:00,1679.2374722005827,133.54403310078797,1545.6934390997947,1525.7449511893187,87.08633878759339,1438.6586124017253,0.0,False,NORMAL,0.9,IDLE,362.0,0.0,0.0,0.0,1545.6934390997947
2024-01-16 07:30:00,1714.7749154886587,168.04500097395774,1546.729914514701,1632.6276625288297,96.21770445814919,1536.4099580706804,0.0,False,NORMAL,0.9,IDLE,362.0,0.0,0.0,0.0,1546.729914514701
2024-01-16 07:45:00,1840.9244586691211,153.64834432027055,1687.2761143488506,1715.373161959871,169.00276685866785,1546.370395101203,0.0,False,NORMAL,0.9,IDLE,362.0,0.0,0.0,0.0,1687.2761143488506
2024-01-16 08:00:00,1891.1708310742965,254.17089090501352,1636.999940169283,1849.493922931957,196.1418521933093,1653.3520707386479,0.0,False,WATCH,0.9,IDLE,362.0,0.0,0.0,0.0,1636.999940169283
2024-01-16 08:15:00,1966.4758436038687,290.4223819522183,1676.0534616516504,1901.77640572933,252.0592994358228,1649.7171062935072,0.0,False,NORMAL,0.9,IDLE,362.0,0.0,0.0,0.0,1676.0534616516504
2024-01-16 08:30:00,2056.4895609190617,320.9300111701374,1735.5595497489244,1974.0564109124798,287.95893080869837,1686.0974801037814,0.0,False,NORMAL,0.9,IDLE,362.0,0.0,0.0,0.0,1735.5595497489244
2024-01-16 08:45:00,2071.5338225228847,370.5801249330722,1700.9536975898125,2036.6038478695716,298.7090226456705,1737.894825223901,0.0,False,WATCH,0.9,IDLE,362.0,0.0,0.0,0.0,1700.9536975898125
2024-01-16 09:00:00,1710.7917766219034,439.5226455280328,1271.2691310938706,1889.006965176767,377.62677739098064,1511.3801877857863,0.0,False,NORMAL,0.9,IDLE,362.0,0.0,0.0,0.0,1271.2691310938706
2024-01-16 09:15:00,1757.4328876734285,480.16841688891395,1277.2644707845145,1830.1035578271687,439.54431713326386,1390.559240693905,0.0,False,NORMAL,0.9,IDLE,362.0,0.0,0.0,0.0,1277.2644707845145
2024-01-16 09:30:00,1727.9502049220803,491.66156541533763,1236.2886395067426,1807.5195097966155,481.52588524828985,1325.9936245483257,0.0,False,NORMAL,0.9,IDLE,362.0,0.0,0.0,0.0,1236.2886395067426
2024-01-16 09:45:00,1716.7497576058668,493.41942598222784,1223.3303316236388,1761.5728849727532,511.995372818435,1249.5775121543181,0.0,False,NORMAL,0.9,IDLE,362.0,0.0,0.0,0.0,1223.3303316236388
2024-01-16 10:00:00,1764.4527858871168,570.9939237784097,1193.458862108707,1749.5454890426327,546.8995827280148,1202.6459063146178,0.0,False,NORMAL,0.9,IDLE,362.0,0.0,0.0,0.0,1193.458862108707
2024-01-16 10:15:00,1756.0563441294296,602.3712204724206,1153.685123657009,1746.3866462275626,594.1002857581694,1152.286360469393,0.0,False,NORMAL,0.9,IDLE,362.0,0.0,0.0,0.0,1153.685123657009
2024-01-16 10:30:00,1749.1703667023871,632.7419080007757,1116.4284587016114,1734.537315293658,401.27840586817484,1333.2589094254831,0.0,False,NORMAL,0.9,IDLE,362.0,0.0,0.0,0.0,1116.4284587016114
2024-01-16 10:45:00,1791.1523215986442,392.68933194534674,1398.4629896532974,1771.4425438794808,627.7649728381002,1143.6775710413806,0.0,False,NORMAL,0.9,IDLE,362.0,0.0,0.0,0.0,1398.4629896532974
2024-01-16 11:00:00,1696.6378407425932,705.0546593789093,991.5831813636839,1765.072076402909,563.9246391055232,1201.1474372973857,0.0,False,NORMAL,0.9,IDLE,362.0,0.0,0.0,0.0,991.5831813636839
2024-01-16 11:15:00,1749.1882830157597,727.0505530606092,1022.1377299551505,1740.1203579890625,693.4909858764462,1046.6293721126162,0.0,False,NORMAL,0.9,IDLE,362.0,0.0,0.0,0.0,1022.1377299551505
2024-01-16 11:30:00,1731.6576285809656,730.7538037808059,1000.9038248001597,1745.1591255947174,688.8901653737714,1056.268960220946,0.0,False,NORMAL,0.9,IDLE,362.0,0.0,0.0,0.0,1000.9038248001597
2024-01-16 11:45:00,1672.7431977642432,692.4175769275834,980.3256208366598,1741.3930991938646,719.0257816157131,1022.3673175781515,0.0,False,NORMAL,0.9,IDLE,362.0,0.0,0.0,0.0,980.3256208366598
2024-01-16 12:00:00,1724.8764748476156,730.9533317855133,993.9231430621022,1713.6741317116052,612.9809973675743,1100.693134344031,0.0,False,NORMAL,0.9,IDLE,362.0,0.0,0.0,0.0,993.9231430621022
2024-01-16 12:15:00,1675.772518890218,791.9035366355838,883.8689822546341,1712.25736933757,751.9014566983445,960.3559126392255,0.0,False,NORMAL,0.9,IDLE,362.0,0.0,0.0,0.0,883.8689822546341
2024-01-16 12:30:00,1732.0253758976987,746.803657104277,985.2217187934217,1702.328854973049,745.9949944514375,956.3338605216114,0.0,False,NORMAL,0.9,IDLE,362.0,0.0,0.0,0.0,985.2217187934217
2024-01-16 12:45:00,1711.2245057527102,740.0372403817721,971.1872653709381,1713.5757016490732,735.1376797463206,978.4380219027526,0.0,False,NORMAL,0.9,IDLE,362.0,0.0,0.0,0.0,971.1872653709381
2024-01-16 13:00:00,1683.5431237961207,728.8885072233971,954.6546165727235,1699.47724753839,734.8296981095357,964.6475494288543,0.0,False,NORMAL,0.9,IDLE,362.0,0.0,0.0,0.0,954.6546165727235
2024-01-16 13:15:00,1783.5514335460025,714.8724759148306,1068.678957631172,1684.4554504540909,721.4079229037678,963.047527550323,0.0,False,NORMAL,0.9,IDLE,362.0,0.0,0.0,0.0,1068.678957631172
2024-01-16 13:30:00,1743.0247418697247,637.8803649693385,1105.1443769003863,1705.131811855593,713.8358415144783,991.2959703411148,0.0,False,NORMAL,0.9,IDLE,362.0,0.0,0.0,0.0,1105.1443769003863
2024-01-16 13:45:00,1749.0191686435476,302.97804003156796,1446.0411286119797,1685.2816597779688,671.4446514735866,1013.8370083043822,0.0,False,NORMAL,0.9,IDLE,362.0,0.0,0.0,0.0,1446.0411286119797
2024-01-16 14:00:00,1767.6021838198653,636.7942292593262,1130.8079545605392,1774.5068159980058,552.3835981173921,1222.1232178806135,0.0,False,NORMAL,0.9,IDLE,362.0,0.0,0.0,0.0,1130.8079545605392
2024-01-16 14:15:00,1741.5424146356563,630.9753013992841,1110.5671132363723,1764.5556392534784,596.2132301620053,1168.3424090914732,0.0,False,NORMAL,0.9,IDLE,362.0,0.0,0.0,0.0,1110.5671132363723
2024-01-16 14:30:00,1766.1856019961906,575.4825285560321,1190.7030734401585,1751.5084691266195,570.7460990701086,1180.762370056511,0.0,False,NORMAL,0.9,IDLE,362.0,0.0,0.0,0.0,1190.7030734401585
2024-01-16 14:45:00,1805.83971094024,174.82075208822417,1631.0189588520157,1749.7157097601857,537.4969585758136,1212.2187511843722,0.0,False,NORMAL,0.9,IDLE,362.0,0.0,0.0,0.0,1631.0189588520157
2024-01-16 15:00:00,1838.5416884125568,507.4375637817762,1331.1041246307807,1785.2368917680662,437.9538586943227,1347.2830330737436,0.0,False,NORMAL,0.9,IDLE,362.0,0.0,0.0,0.0,1331.1041246307807
2024-01-16 15:15:00,1823.621930863241,449.89042485868384,1373.731506004557,1792.3801110536192,470.7548233660318,1321.6252876875874,0.0,False,NORMAL,0.9,IDLE,362.0,0.0,0.0,0.0,1373.731506004557
2024-01-16 15:30:00,1767.5540075316271,404.20329796381185,1363.3507095678153,1810.6663885841406,412.10410955199507,1398.5622790321454,0.0,False,NORMAL,0.9,IDLE,362.0,0.0,0.0,0.0,1363.3507095678153
2024-01-16 15:45:00,1743.3752786661391,193.18094546954003,1550.194333196599,1779.8186091076468,384.94257998998603,1394.876029117661,0.0,False,NORMAL,0.9,IDLE,362.0,0.0,0.0,0.0,1550.194333196599
2024-01-16 16:00:00,1738.066889630846,339.222037847897,1398.8448517829488,1769.2228903431826,313.66537928805764,1455.557511055125,0.0,False,NORMAL,0.9,IDLE,362.0,0.0,0.0,0.0,1398.8448517829488
2024-01-16 16:15:00,1780.9128058227848,301.4945666718247,1479.41823915096,1809.5894269413786,319.48601578355857,1490.1034111578201,0.0,False,NORMAL,0.9,IDLE,362.0,0.0,0.0,0.0,1479.41823915096
2024-01-16 16:30:00,1913.058576690583,251.26335733613868,1661.7952193544445,1830.3665344720205,276.03153054312384,1554.3350039288966,0.0,False,WATCH,0.9,IDLE,362.0,0.0,0.0,0.0,1661.7952193544445
2024-01-16 16:45:00,1952.3519363274286,209.69060354774027,1742.6613327796883,1946.6326372748406,236.17569301071703,1710.4569442641236,0.0,False,WATCH,0.9,IDLE,362.0,0.0,0.0,0.0,1742.6613327796883
2024-01-16 17:00:00,2063.4980609436616,167.78642345122347,1895.711637492438,1992.7473047331428,209.28598290019943,1783.4613218329432,0.0,False,WATCH,0.9,IDLE,362.0,0.0,0.0,0.0,1895.711637492438
2024-01-16 17:15:00,2074.35326436355,69.3979646202435,2004.9552997433063,2054.3930239457236,163.4754340394131,1890.9175899063105,0.0,False,WARNING,0.9,IDLE,362.0,0.0,0.0,0.0,2004.9552997433063
2024-01-16 17:30:00,2182.45870369273,30.03453223229216,2152.4241714604377,2112.384517954257,108.25556189228611,2004.1289560619707,0.0,False,WARNING,0.9,IDLE,362.0,0.0,0.0,0.0,2152.4241714604377
2024-01-16 17:45:00,2139.184907813079,55.7209421466697,2083.4639656664094,2176.8756400749603,68.79554376403061,2108.0800963109295,0.0,False,WARNING,0.9,IDLE,362.0,0.0,0.0,0.0,2083.4639656664094
2024-01-16 18:00:00,2164.0198981043754,32.97532210785144,2131.044575996524,2189.0576843441772,45.233131964295026,2143.8245523798823,0.0,False,WARNING,0.9,IDLE,362.0,0.0,0.0,0.0,2131.044575996524
2024-01-16 18:15:00,2122.407944901541,11.288954956592313,2111.1189899449487,2168.669200570968,20.77965400253484,2147.889546568433,0.0,False,WARNING,0.9,IDLE,362.0,0.0,0.0,0.0,2111.1189899449487
2024-01-16 18:30:00,2267.832207919969,3.6728989695891713e-22,2267.832207919969,2194.187864887167,7.093410218780272,2187.094454668387,0.0,False,WARNING,0.9,IDLE,362.0,0.0,0.0,0.0,2267.832207919969
2024-01-16 18:45:00,2317.873634850336,0.0,2317.873634850336,2246.0613232782534,3.0898365122326132,2242.971486766021,0.0,False,WARNING,0.890592823762981,DISCHARGING,362.0,0.0,17.873634850336202,0.0,2300.0
2024-01-16 19:00:00,2290.4327556894536,0.0,2290.4327556894536,2236.370987858801,0.0,2236.370987858801,0.0,False,WARNING,0.890592823762981,IDLE,317.0,0.0,17.873634850336202,0.0,2272.5591208391174
2024-01-16 19:15:00,2219.5507882723223,0.0,2219.5507882723223,2269.40423261418,0.0,2269.40423261418,0.0,False,WARNING,0.890592823762981,IDLE,317.0,0.0,17.873634850336202,0.0,2201.677153421986
2024-01-16 19:30:00,2177.536095228005,0.0,2177.536095228005,2255.364741573249,0.0,2255.364741573249,0.0,False,WARNING,0.890592823762981,IDLE,317.0,0.0,17.873634850336202,0.0,2159.6624603776686
2024-01-16 19:45:00,2163.0757256925503,0.0,2163.0757256925503,2211.3535445333077,0.0,2211.3535445333077,0.0,False,WARNING,0.890592823762981,IDLE,362.0,0.0,0.0,0.0,2163.0757256925503
2024-01-16 20:00:00,2146.4506005980866,0.0,2146.4506005980866,2199.1855081132767,0.0,2199.1855081132767,0.0,False,WARNING,0.890592823762981,IDLE,362.0,0.0,0.0,0.0,2146.4506005980866
2024-01-16 20:15:00,2143.069615687477,0.0,2143.069615687477,2167.1754197299224,0.0,2167.1754197299224,0.0,False,WARNING,0.890592823762981,IDLE,362.0,0.0,0.0,0.0,2143.069615687477
2024-01-16 20:30:00,2104.511305403028,0.0,2104.511305403028,2121.4690885084515,0.0,2121.4690885084515,0.0,False,WARNING,0.890592823762981,IDLE,362.0,0.0,0.0,0.0,2104.511305403028
2024-01-16 20:45:00,2059.431362408428,0.0,2059.431362408428,2116.9862200894677,0.0,2116.9862200894677,0.0,False,WARNING,0.890592823762981,IDLE,362.0,0.0,0.0,0.0,2059.431362408428
2024-01-16 21:00:00,1941.0422328070167,0.0,1941.0422328070167,2041.9405737874943,0.0,2041.9405737874943,0.0,False,WARNING,0.890592823762981,IDLE,362.0,0.0,0.0,0.0,1941.0422328070167
2024-01-16 21:15:00,1856.6791730798968,0.0,1856.6791730798968,1926.2086657984444,0.0,1926.2086657984444,0.0,False,WATCH,0.890592823762981,IDLE,362.0,0.0,0.0,0.0,1856.6791730798968
2024-01-16 21:30:00,1781.9486882644337,0.0,1781.9486882644337,1868.1675581184093,0.0,1868.1675581184093,0.0,False,WATCH,0.890592823762981,IDLE,362.0,0.0,0.0,0.0,1781.9486882644337
2024-01-16 21:45:00,1618.5583766316763,0.0,1618.5583766316763,1778.19152766672,0.0,1778.19152766672,0.0,False,WATCH,0.890592823762981,IDLE,362.0,0.0,0.0,0.0,1618.5583766316763
2024-01-16 22:00:00,1510.4788273637969,0.0,1510.4788273637969,1629.0767191020357,0.0,1629.0767191020357,0.0,False,NORMAL,0.890592823762981,IDLE,362.0,0.0,0.0,0.0,1510.4788273637969
2024-01-16 22:15:00,1434.7679207367573,0.0,1434.7679207367573,1504.4138353520527,0.0,1504.4138353520527,0.0,False,NORMAL,0.890592823762981,IDLE,362.0,0.0,0.0,0.0,1434.7679207367573
2024-01-16 22:30:00,1301.3509118548752,0.0,1301.3509118548752,1397.2764841342355,0.0,1397.2764841342355,0.0,False,NORMAL,0.890592823762981,IDLE,362.0,0.0,0.0,0.0,1301.3509118548752
2024-01-16 22:45:00,1110.6796068578174,0.0,1110.6796068578174,1229.9081991183436,0.0,1229.9081991183436,0.0,False,NORMAL,0.890592823762981,IDLE,362.0,0.0,0.0,0.0,1110.6796068578174
2024-01-16 23:00:00,1041.5968229281848,0.0,1041.5968229281848,1119.379138232077,0.0,1119.379138232077,0.0,False,NORMAL,0.890592823762981,IDLE,362.0,0.0,0.0,0.0,1101.5968229281848
2024-01-16 23:15:00,937.0815225297679,0.0,937.0815225297679,1047.5713344157193,0.0,1047.5713344157193,0.0,False,NORMAL,0.890592823762981,IDLE,362.0,0.0,0.0,0.0,997.0815225297679
2024-01-16 23:30:00,904.8210722422793,0.0,904.8210722422793,947.3779567199215,0.0,947.3779567199215,0.0,False,NORMAL,0.890592823762981,IDLE,362.0,0.0,0.0,0.0,964.8210722422793
2024-01-16 23:45:00,856.5633126324205,0.0,856.5633126324205,910.6153354570374,0.0,910.6153354570374,0.0,False,NORMAL,0.890592823762981,IDLE,362.0,0.0,0.0,0.0,916.5633126324205
2024-01-17 00:00:00,687.0494609784573,0.0,687.0494609784573,843.1628420298911,0.0,843.1628420298911,0.0,False,NORMAL,0.9,CHARGING,362.0,0.0,0.0,0.0,766.8540425300763
2024-01-17 00:15:00,803.2026943709257,0.0,803.2026943709257,748.6258786531497,0.0,748.6258786531497,0.0,False,NORMAL,0.9,IDLE,362.0,0.0,0.0,0.0,863.2026943709257
2024-01-17 00:30:00,766.4355150344338,0.0,766.4355150344338,747.4488946361564,0.0,747.4488946361564,0.0,False,NORMAL,0.9,IDLE,362.0,0.0,0.0,0.0,826.4355150344338
2024-01-17 00:45:00,750.518100134432,0.0,750.518100134432,761.8546564199959,0.0,761.8546564199959,0.0,False,NORMAL,0.9,IDLE,362.0,0.0,0.0,0.0,810.518100134432
2024-01-17 01:00:00,764.6242531564225,0.0,764.6242531564225,746.5422734128807,0.0,746.5422734128807,0.0,False,NORMAL,0.9,IDLE,362.0,0.0,0.0,0.0,824.6242531564225
2024-01-17 01:15:00,785.0897694031912,0.0,785.0897694031912,755.320889592018,0.0,755.320889592018,0.0,False,NORMAL,0.9,IDLE,362.0,0.0,0.0,0.0,845.0897694031912
2024-01-17 01:30:00,706.0205265796587,0.0,706.0205265796587,758.6255320113174,0.0,758.6255320113174,0.0,False,NORMAL,0.9,IDLE,362.0,0.0,0.0,0.0,766.0205265796587
2024-01-17 01:45:00,761.1412069906554,0.0,761.1412069906554,732.6612590001615,0.0,732.6612590001615,0.0,False,NORMAL,0.9,IDLE,362.0,0.0,0.0,0.0,821.1412069906554
2024-01-17 02:00:00,809.2721421582087,0.0,809.2721421582087,744.895179089579,0.0,744.895179089579,0.0,False,NORMAL,0.9,IDLE,362.0,0.0,0.0,0.0,869.2721421582087
2024-01-17 02:15:00,722.2835162897236,0.0,722.2835162897236,788.3435428185055,0.0,788.3435428185055,0.0,False,NORMAL,0.9,IDLE,362.0,0.0,0.0,0.0,782.2835162897236
2024-01-17 02:30:00,809.1154696965182,0.0,809.1154696965182,743.2699549821001,0.0,743.2699549821001,0.0,False,NORMAL,0.9,IDLE,362.0,0.0,0.0,0.0,869.1154696965182
2024-01-17 02:45:00,735.3009852914436,0.0,735.3009852914436,778.9460435449495,0.0,778.9460435449495,0.0,False,NORMAL,0.9,IDLE,362.0,0.0,0.0,0.0,795.3009852914436
2024-01-17 03:00:00,797.1547520769639,0.0,797.1547520769639,740.3559130954126,0.0,740.3559130954126,0.0,False,NORMAL,0.9,IDLE,362.0,0.0,0.0,0.0,857.1547520769639
2024-01-17 03:15:00,768.5474545579725,0.0,768.5474545579725,759.8896276724341,0.0,759.8896276724341,0.0,False,NORMAL,0.9,IDLE,362.0,0.0,0.0,0.0,828.5474545579725
2024-01-17 03:30:00,695.0602565796679,0.0,695.0602565796679,781.800018094389,0.0,781.800018094389,0.0,False,NORMAL,0.9,IDLE,362.0,0.0,0.0,0.0,755.0602565796679
2024-01-17 03:45:00,768.3628700979618,0.0,768.3628700979618,726.0486334083092,0.0,726.0486334083092,0.0,False,NORMAL,0.9,IDLE,362.0,0.0,0.0,0.0,828.3628700979618
2024-01-17 04:00:00,719.2184248350939,0.0,719.2184248350939,781.0942914247798,0.0,781.0942914247798,0.0,False,NORMAL,0.9,IDLE,362.0,0.0,0.0,0.0,779.2184248350939
2024-01-17 04:15:00,756.2542934963119,0.0,756.2542934963119,739.7241212901351,0.0,739.7241212901351,0.0,False,NORMAL,0.9,IDLE,362.0,0.0,0.0,0.0,816.2542934963119
2024-01-17 04:30:00,779.8604148581344,0.0,779.8604148581344,749.1539406231946,0.0,749.1539406231946,0.0,False,NORMAL,0.9,IDLE,362.0,0.0,0.0,0.0,839.8604148581344
2024-01-17 04:45:00,828.5565295178404,0.0,828.5565295178404,784.9494934370596,0.0,784.9494934370596,0.0,False,NORMAL,0.9,IDLE,362.0,0.0,0.0,0.0,888.5565295178404
2024-01-17 05:00:00,748.6541186145895,0.0,748.6541186145895,749.7317981526484,0.0,749.7317981526484,0.0,False,NORMAL,0.9,IDLE,362.0,0.0,0.0,0.0,808.6541186145895
2024-01-17 05:15:00,860.5615427625505,0.0,860.5615427625505,773.8401021719119,0.0,773.8401021719119,0.0,False,NORMAL,0.9,IDLE,362.0,0.0,0.0,0.0,920.5615427625505
2024-01-17 05:30:00,942.403226332035,0.0,942.403226332035,840.9459935296378,0.0,840.9459935296378,0.0,False,NORMAL,0.9,IDLE,362.0,0.0,0.0,0.0,942.403226332035
2024-01-17 05:45:00,1026.8208399567934,0.0,1026.8208399567934,961.1311536300949,0.0,961.1311536300949,0.0,False,NORMAL,0.9,IDLE,362.0,0.0,0.0,0.0,1026.8208399567934
2024-01-17 06:00:00,1126.140106106479,3.393016436364889e-22,1126.140106106479,1006.0556484648249,1.638525885643113e-22,1006.0556484648249,0.0,False,NORMAL,0.9,IDLE,362.0,0.0,0.0,0.0,1126.140106106479
2024-01-17 06:15:00,1200.989049032337,6.301828181581589,1194.6872208507555,1155.9058363608535,5.4977369735562505,1150.4080993872972,0.0,False,NORMAL,0.9,IDLE,362.0,0.0,0.0,0.0,1194.6872208507555
2024-01-17 06:30:00,1287.8105283993805,28.912915958870403,1258.89761244051,1203.8616745891793,17.305436361920474,1186.5562382272587,0.0,False,NORMAL,0.9,IDLE,362.0,0.0,0.0,0.0,1258.89761244051
2024-01-17 06:45:00,1444.6383540080271,55.162989023656124,1389.475364984371,1316.2223242594391,38.11932038963045,1278.1030038698086,0.0,False,NORMAL,0.9,IDLE,362.0,0.0,0.0,0.0,1389.475364984371
2024-01-17 07:00:00,1487.3442217316529,84.74777143730475,1402.5964502943482,1459.9761365774698,44.21167843612526,1415.7644581413444,0.0,False,NORMAL,0.9,IDLE,362.0,0.0,0.0,0.0,1402.5964502943482
2024-01-17 07:15:00,1539.315480920904,120.72583617919814,1418.589644741706,1548.51441111178,95.98258940387903,1452.531821707901,0.0,False,NORMAL,0.9,IDLE,362.0,0.0,0.0,0.0,1418.589644741706
2024-01-17 07:30:00,1734.1752291651699,144.0120087882547,1590.1632203769152,1602.9399118652739,129.71343964475233,1473.2264722205216,0.0,False,NORMAL,0.9,IDLE,362.0,0.0,0.0,0.0,1590.1632203769152
2024-01-17 07:45:00,1845.408897235005,150.99055211425744,1694.4183451207475,1740.7397600943127,137.82597977918473,1602.913780315128,0.0,False,NORMAL,0.9,IDLE,362.0,0.0,0.0,0.0,1694.4183451207475
2024-01-17 08:00:00,1834.2684174563592,233.41722136188483,1600.8511960944743,1820.1302061476135,194.29230402463216,1625.8379021229814,0.0,False,NORMAL,0.9,IDLE,362.0,0.0,0.0,0.0,1600.8511960944743
2024-01-17 08:15:00,1946.6939992306811,264.2928156540131,1682.401183576668,1879.8050634484641,241.9872422165527,1637.8178212319115,0.0,False,NORMAL,0.9,IDLE,362.0,0.0,0.0,0.0,1682.401183576668
2024-01-17 08:30:00,2058.7714392183652,310.4938860611059,1748.2775531572593,1978.8848936364154,274.56978232911285,1704.3151113073027,0.0,False,NORMAL,0.9,IDLE,362.0,0.0,0.0,0.0,1748.2775531572593
2024-01-17 08:45:00,2193.313337391993,343.2804183749129,1850.0329190170803,2034.2519615796452,321.3523142061963,1712.899647373449,0.0,False,NORMAL,0.9,IDLE,362.0,0.0,0.0,0.0,1850.0329190170803
2024-01-17 09:00:00,1734.3182527319786,380.84455562212986,1353.4736971098487,1924.1019905682454,376.1869962158312,1547.9149943524142,0.0,False,NORMAL,0.9,IDLE,362.0,0.0,0.0,0.0,1353.4736971098487
2024-01-17 09:15:00,1769.880260655638,422.63255757699886,1347.2477030786392,1832.9654864703575,414.9931133013393,1417.9723731690183,0.0,False,NORMAL,0.9,IDLE,362.0,0.0,0.0,0.0,1347.2477030786392
2024-01-17 09:30:00,1734.1470377230248,455.05546342751234,1279.0915742955126,1807.6023810485249,442.37170723187154,1365.2306738166533,0.0,False,NORMAL,0.9,IDLE,362.0,0.0,0.0,0.0,1279.0915742955126
2024-01-17 09:45:00,1817.140325481657,510.51312267094386,1306.6272028107132,1764.502655314763,462.3595305101697,1302.1431248045933,0.0,False,NORMAL,0.9,IDLE,362.0,0.0,0.0,0.0,1306.6272028107132
2024-01-17 10:00:00,1739.9196667605827,521.6002827339877,1218.319384026595,1774.36831926031,522.9143281049719,1251.4539911553381,0.0,False,NORMAL,0.9,IDLE,362.0,0.0,0.0,0.0,1218.319384026595
2024-01-17 10:15:00,1738.556560414241,548.6708048233703,1189.8857555908708,1750.7314765191734,551.0094316450468,1199.7220448741266,0.0,False,NORMAL,0.9,IDLE,362.0,0.0,0.0,0.0,1189.8857555908708
2024-01-17 10:30:00,1755.608978357313,623.0833502983007,1132.5256280590122,1741.7990771054847,580.621447138744,1161.1776299667408,0.0,False,NORMAL,0.9,IDLE,362.0,0.0,0.0,0.0,1132.5256280590122
2024-01-17 10:45:00,1717.465852607751,634.1061434655461,1083.3597091422048,1763.652397692779,498.5223949761235,1265.1300027166556,0.0,False,NORMAL,0.9,IDLE,362.0,0.0,0.0,0.0,1083.3597091422048
2024-01-17 11:00:00,1787.5256957785905,602.0137312241651,1185.5119645544255,1714.1321077099788,656.1333245427861,1057.9987831671926,0.0,False,NORMAL,0.9,IDLE,362.0,0.0,0.0,0.0,1185.5119645544255
2024-01-17 11:15:00,1803.8835040191734,640.293431313729,1163.5900727054445,1757.4972310376377,664.8337028319118,1092.663528205726,0.0,False,NORMAL,0.9,IDLE,362.0,0.0,0.0,0.0,1163.5900727054445
2024-01-17 11:30:00,1772.9404301698348,674.1540267459218,1098.786403423913,1759.3340083625912,681.9994652494224,1077.3345431131688,0.0,False,NORMAL,0.9,IDLE,362.0,0.0,0.0,0.0,1098.786403423913
2024-01-17 11:45:00,1749.7094733589015,312.59422978638645,1437.115243572515,1724.247871155764,674.5973082463778,1049.6505629093863,0.0,False,NORMAL,0.9,IDLE,362.0,0.0,0.0,0.0,1437.115243572515
2024-01-17 12:00:00,1720.9715329231994,654.7870930313867,1066.1844398918129,1747.9672533761675,584.1598677226771,1163.8073856534904,0.0,False,NORMAL,0.9,IDLE,362.0,0.0,0.0,0.0,1066.1844398918129
2024-01-17 12:15:00,1660.4527854080716,341.0683032632751,1319.3844821447965,1713.0739347520582,693.3177079812023,1019.756226770856,0.0,False,NORMAL,0.9,IDLE,362.0,0.0,0.0,0.0,1319.3844821447965
2024-01-17 12:30:00,1741.1690363615699,702.4053886045261,1038.7636477570436,1713.3296794984767,574.888628861023,1138.4410506374538,0.0,False,NORMAL,0.9,IDLE,362.0,0.0,0.0,0.0,1038.7636477570436
2024-01-17 12:45:00,1697.8032509814566,689.176226249349,1008.6270247321075,1720.0897252217362,655.110522251338,1064.979202970398,0.0,False,NORMAL,0.9,IDLE,362.0,0.0,0.0,0.0,1008.6270247321075
2024-01-17 13:00:00,1732.963392757786,553.2710020654853,1179.6923906923007,1691.3374306540775,679.1153619254629,1012.2220687286145,0.0,False,NORMAL,0.9,IDLE,362.0,0.0,0.0,0.0,1179.6923906923007
2024-01-17 13:15:00,1867.4652266456224,365.6102652516726,1501.8549613939497,1746.5093835505643,632.5792051240317,1113.9301784265326,0.0,False,NORMAL,0.9,IDLE,362.0,0.0,0.0,0.0,1501.8549613939497
2024-01-17 13:30:00,1726.973855197892,646.2027375814652,1080.7711176164266,1775.8844536757604,555.6245361795891,1220.2599174961713,0.0,False,NORMAL,0.9,IDLE,362.0,0.0,0.0,0.0,1080.7711176164266
2024-01-17 13:45:00,1718.3912849378034,645.1437022947626,1073.247582643041,1746.4691364177718,466.8255314882327,1279.6436049295392,0.0,False,NORMAL,0.9,IDLE,362.0,0.0,0.0,0.0,1073.247582643041
2024-01-17 14:00:00,1751.497914652925,448.1720836815806,1303.3258309713442,1755.6442498654549,610.1439382776714,1145.5003115877835,0.0,False,NORMAL,0.9,IDLE,362.0,0.0,0.0,0.0,1303.3258309713442
2024-01-17 14:15:00,1814.0967392293603,549.7096375627781,1264.387101666582,1753.9895281111997,562.1945509672299,1191.7949771439698,0.0,False,NORMAL,0.9,IDLE,362.0,0.0,0.0,0.0,1264.387101666582
2024-01-17 14:30:00,1788.118422919854,543.4917343671493,1244.6266885527048,1773.1091375172878,565.4520604893758,1207.657077027912,0.0,False,NORMAL,0.9,IDLE,362.0,0.0,0.0,0.0,1244.6266885527048
2024-01-17 14:45:00,1727.4376670008483,281.4154507848131,1446.022216216035,1791.9487924662046,368.84901537640206,1423.0997770898025,0.0,False,NORMAL,0.9,IDLE,362.0,0.0,0.0,0.0,1446.022216216035
2024-01-17 15:00:00,1795.1516492903756,472.00144125413135,1323.1502080362443,1793.4314068323552,438.18997333946817,1355.241433492887,0.0,False,NORMAL,0.9,IDLE,362.0,0.0,0.0,0.0,1323.1502080362443
2024-01-17 15:15:00,1764.850380794472,433.9930706870659,1330.857310107406,1801.9797646970762,460.8937879156795,1341.0859767813968,0.0,False,NORMAL,0.9,IDLE,362.0,0.0,0.0,0.0,1330.857310107406
2024-01-17 15:30:00,1844.72680103821,373.2064147688151,1471.5203862693947,1768.4053694806973,414.3633862725954,1354.041983208102,0.0,False,NORMAL,0.9,IDLE,362.0,0.0,0.0,0.0,1471.5203862693947
2024-01-17 15:45:00,1831.570614109676,348.5828267674483,1482.9877873422276,1780.0260863313426,288.04532344263515,1491.9807628887074,0.0,False,NORMAL,0.9,IDLE,362.0,0.0,0.0,0.0,1482.9877873422276
2024-01-17 16:00:00,1779.997579005316,312.26559378883826,1467.7319852164778,1782.4387759054766,361.17909771611005,1421.2596781893667,0.0,False,NORMAL,0.9,IDLE,362.0,0.0,0.0,0.0,1467.7319852164778
2024-01-17 16:15:00,1915.214271484437,266.1145105073581,1649.0997609770789,1788.0017940917346,319.5518076112847,1468.44998648045,0.0,False,NORMAL,0.9,IDLE,362.0,0.0,0.0,0.0,1649.0997609770789
2024-01-17 16:30:00,1960.314475756166,232.04510833754702,1728.2693674186191,1893.2733584364107,271.89215041454656,1621.381208021864,0.0,False,WATCH,0.9,IDLE,362.0,0.0,0.0,0.0,1728.2693674186191
2024-01-17 16:45:00,2058.6220830778284,195.61654707021862,1863.0055360076099,1932.9071306858825,239.61438137870587,1693.2927493071766,0.0,False,WATCH,0.9,IDLE,362.0,0.0,0.0,0.0,1863.0055360076099
2024-01-17 17:00:00,2114.6560532105436,153.4077136628217,1961.248339547722,2024.1226400109397,194.3508313120137,1829.771808698926,0.0,False,WARNING,0.9,IDLE,362.0,0.0,0.0,0.0,1961.248339547722
2024-01-17 17:15:00,2138.768198584605,118.88958108503788,2019.8786174995673,2070.441782782915,126.651282261234,1943.7905005216812,0.0,False,WARNING,0.9,IDLE,362.0,0.0,0.0,0.0,2019.8786174995673
2024-01-17 17:30:00,2160.8172444289503,88.79763378850753,2072.019610640443,2142.9488039312837,89.76602292961826,2053.1827810016653,0.0,False,WARNING,0.9,IDLE,362.0,0.0,0.0,0.0,2072.019610640443
2024-01-17 17:45:00,2242.817041186094,56.55422657156357,2186.2628146145303,2144.7528698983697,83.660626235556,2061.092243662814,0.0,False,WARNING,0.9,IDLE,362.0,0.0,0.0,0.0,2186.2628146145303
2024-01-17 18:00:00,2234.6587290160514,30.68752184304991,2203.9712071730014,2191.43139202463,55.110641043205746,2136.320750981424,0.0,False,WARNING,0.9,IDLE,362.0,0.0,0.0,0.0,2203.9712071730014
2024-01-17 18:15:00,2229.05072659853,10.505805322978027,2218.544921275552,2176.7966659635285,30.097422239091937,2146.6992437244367,0.0,False,WARNING,0.9,IDLE,362.0,0.0,0.0,0.0,2218.544921275552
2024-01-17 18:30:00,2269.593609921587,1.8625895454012837e-22,2269.593609921587,2249.79556038922,12.10811078307297,2237.6874496061473,0.0,False,WARNING,0.9,IDLE,362.0,0.0,0.0,0.0,2269.593609921587
2024-01-17 18:45:00,2336.4767646373352,0.0,2336.4767646373352,2288.8773819790904,3.255215801377162,2285.622166177713,0.0,False,WARNING,0.8808017028224552,DISCHARGING,362.0,0.0,36.476764637335236,0.0,2300.0
2024-01-17 19:00:00,2336.8430357560537,0.0,2336.8430357560537,2297.524475882674,0.0,2297.524475882674,0.0,False,WARNING,0.8806089285494455,DISCHARGING,317.0,0.0,36.84303575605372,0.0,2300.0
2024-01-17 19:15:00,2223.262819072639,0.0,2223.262819072639,2272.4411906837063,0.0,2272.4411906837063,0.0,False,WARNING,0.8806089285494455,IDLE,317.0,0.0,36.84303575605372,0.0,2186.4197833165854
2024-01-17 19:30:00,2232.630394193256,0.0,2232.630394193256,2226.245233402657,0.0,2226.245233402657,0.0,False,WARNING,0.8806089285494455,IDLE,317.0,0.0,36.84303575605372,0.0,2195.7873584372023
2024-01-17 19:45:00,2294.5776970077986,0.0,2294.5776970077986,2216.4745024586277,0.0,2216.4745024586277,0.0,False,WARNING,0.8806089285494455,IDLE,317.0,0.0,0.36627111871848683,0.0,2294.21142588908
2024-01-17 20:00:00,2207.722364376658,0.0,2207.722364376658,2219.366622716273,0.0,2219.366622716273,0.0,False,WARNING,0.8806089285494455,IDLE,362.0,0.0,0.0,0.0,2207.722364376658
2024-01-17 20:15:00,2210.7519998514986,0.0,2210.7519998514986,2187.626524028137,0.0,2187.626524028137,0.0,False,WARNING,0.8806089285494455,IDLE,362.0,0.0,0.0,0.0,2210.7519998514986
2024-01-17 20:30:00,2100.2515396776694,0.0,2100.2515396776694,2168.2581735257286,0.0,2168.2581735257286,0.0,False,WARNING,0.8806089285494455,IDLE,362.0,0.0,0.0,0.0,2100.2515396776694
2024-01-17 20:45:00,2116.6125789626985,0.0,2116.6125789626985,2109.6546131782775,0.0,2109.6546131782775,0.0,False,WARNING,0.8806089285494455,IDLE,362.0,0.0,0.0,0.0,2116.6125789626985
2024-01-17 21:00:00,1981.5214437931259,0.0,1981.5214437931259,2043.248003255024,0.0,2043.248003255024,0.0,False,WARNING,0.8806089285494455,IDLE,362.0,0.0,0.0,0.0,1981.5214437931259
2024-01-17 21:15:00,1984.025071049189,0.0,1984.025071049189,1957.4724986710053,0.0,1957.4724986710053,0.0,False,WARNING,0.8806089285494455,IDLE,362.0,0.0,0.0,0.0,1984.025071049189
2024-01-17 21:30:00,1861.7308168108966,0.0,1861.7308168108966,1904.033488444862,0.0,1904.033488444862,0.0,False,WATCH,0.8806089285494455,IDLE,362.0,0.0,0.0,0.0,1861.7308168108966
2024-01-17 21:45:00,1789.8340750613697,0.0,1789.8340750613697,1778.8430596700318,0.0,1778.8430596700318,0.0,False,WATCH,0.8806089285494455,IDLE,362.0,0.0,0.0,0.0,1789.8340750613697
2024-01-17 22:00:00,1593.5357780528846,0.0,1593.5357780528846,1687.169011108712,0.0,1687.169011108712,0.0,False,NORMAL,0.8806089285494455,IDLE,362.0,0.0,0.0,0.0,1593.5357780528846
2024-01-17 22:15:00,1447.9753327652397,0.0,1447.9753327652397,1575.2622581572937,0.0,1575.2622581572937,0.0,False,NORMAL,0.8806089285494455,IDLE,362.0,0.0,0.0,0.0,1447.9753327652397
2024-01-17 22:30:00,1296.211294231884,0.0,1296.211294231884,1438.3415871367117,0.0,1438.3415871367117,0.0,False,NORMAL,0.8806089285494455,IDLE,362.0,0.0,0.0,0.0,1296.211294231884
2024-01-17 22:45:00,1127.247364752771,0.0,1127.247364752771,1267.679083271036,0.0,1267.679083271036,0.0,False,NORMAL,0.8806089285494455,IDLE,362.0,0.0,0.0,0.0,1127.247364752771
2024-01-17 23:00:00,1049.165028212543,0.0,1049.165028212543,1145.5852858245967,0.0,1145.5852858245967,0.0,False,NORMAL,0.8806089285494455,IDLE,362.0,0.0,0.0,0.0,1109.165028212543
2024-01-17 23:15:00,934.7534499218596,0.0,934.7534499218596,1033.8161334156873,0.0,1033.8161334156873,0.0,False,NORMAL,0.8806089285494455,IDLE,362.0,0.0,0.0,0.0,994.7534499218596
2024-01-17 23:30:00,944.6599649930499,0.0,944.6599649930499,953.3075176184647,0.0,953.3075176184647,0.0,False,NORMAL,0.8806089285494455,IDLE,362.0,0.0,0.0,0.0,1004.6599649930499
2024-01-17 23:45:00,920.9588165159289,0.0,920.9588165159289,905.5176701320503,0.0,905.5176701320503,0.0,False,NORMAL,0.8806089285494455,IDLE,362.0,0.0,0.0,0.0,980.9588165159289
2024-01-18 00:00:00,745.3353695620305,0.0,745.3353695620305,808.7951926916571,0.0,808.7951926916571,0.0,False,NORMAL,0.9,CHARGING,362.0,0.0,0.0,0.0,846.1586778789873
2024-01-18 00:15:00,826.2781048386739,0.0,826.2781048386739,801.8046322881636,0.0,801.8046322881636,0.0,False,NORMAL,0.9,IDLE,362.0,0.0,0.0,0.0,886.2781048386739
2024-01-18 00:30:00,806.9661183101625,0.0,806.9661183101625,797.6132195747807,0.0,797.6132195747807,0.0,False,NORMAL,0.9,IDLE,362.0,0.0,0.0,0.0,866.9661183101625
2024-01-18 00:45:00,802.6063472574526,0.0,802.6063472574526,778.5895066659352,0.0,778.5895066659352,0.0,False,NORMAL,0.9,IDLE,362.0,0.0,0.0,0.0,862.6063472574526
2024-01-18 01:00:00,678.0075238800258,0.0,678.0075238800258,776.2807822313039,0.0,776.2807822313039,0.0,False,NORMAL,0.9,IDLE,362.0,0.0,0.0,0.0,738.0075238800258
2024-01-18 01:15:00,762.8910033507861,0.0,762.8910033507861,755.0462568703082,0.0,755.0462568703082,0.0,False,NORMAL,0.9,IDLE,362.0,0.0,0.0,0.0,822.8910033507861
2024-01-18 01:30:00,812.3510229269389,0.0,812.3510229269389,731.7161384328103,0.0,731.7161384328103,0.0,False,NORMAL,0.9,IDLE,362.0,0.0,0.0,0.0,872.3510229269389
2024-01-18 01:45:00,792.9800174278762,0.0,792.9800174278762,769.6088977925691,0.0,769.6088977925691,0.0,False,NORMAL,0.9,IDLE,362.0,0.0,0.0,0.0,852.9800174278762
2024-01-18 02:00:00,744.3516482496486,0.0,744.3516482496486,791.2999166548544,0.0,791.2999166548544,0.0,False,NORMAL,0.9,IDLE,362.0,0.0,0.0,0.0,804.3516482496486
2024-01-18 02:15:00,753.4832951784856,0.0,753.4832951784856,743.2689501666794,0.0,743.2689501666794,0.0,False,NORMAL,0.9,IDLE,362.0,0.0,0.0,0.0,813.4832951784856
2024-01-18 02:30:00,815.9207145972815,0.0,815.9207145972815,785.5439729643596,0.0,785.5439729643596,0.0,False,NORMAL,0.9,IDLE,362.0,0.0,0.0,0.0,875.9207145972815
2024-01-18 02:45:00,782.1355629788123,0.0,782.1355629788123,765.5521015267334,0.0,765.5521015267334,0.0,False,NORMAL,0.9,IDLE,362.0,0.0,0.0,0.0,842.1355629788123
2024-01-18 03:00:00,791.9295393917168,0.0,791.9295393917168,789.0267996261676,0.0,789.0267996261676,0.0,False,NORMAL,0.9,IDLE,362.0,0.0,0.0,0.0,851.9295393917168
2024-01-18 03:15:00,767.3843263343019,0.0,767.3843263343019,779.7231094186119,0.0,779.7231094186119,0.0,False,NORMAL,0.9,IDLE,362.0,0.0,0.0,0.0,827.3843263343019
2024-01-18 03:30:00,783.9615121341362,0.0,783.9615121341362,739.8283295310656,0.0,739.8283295310656,0.0,False,NORMAL,0.9,IDLE,362.0,0.0,0.0,0.0,843.9615121341362
2024-01-18 03:45:00,730.2317718463455,0.0,730.2317718463455,775.5870909101133,0.0,775.5870909101133,0.0,False,NORMAL,0.9,IDLE,362.0,0.0,0.0,0.0,790.2317718463455
2024-01-18 04:00:00,829.0056276610483,0.0,829.0056276610483,737.4542181911054,0.0,737.4542181911054,0.0,False,NORMAL,0.9,IDLE,362.0,0.0,0.0,0.0,889.0056276610483
2024-01-18 04:15:00,769.4734461008438,0.0,769.4734461008438,779.8231239738719,0.0,779.8231239738719,0.0,False,NORMAL,0.9,IDLE,362.0,0.0,0.0,0.0,829.4734461008438
2024-01-18 04:30:00,801.049225026386,0.0,801.049225026386,776.0577309200851,0.0,776.0577309200851,0.0,False,NORMAL,0.9,IDLE,362.0,0.0,0.0,0.0,861.049225026386
2024-01-18 04:45:00,835.1813315780798,0.0,835.1813315780798,808.1557395510107,0.0,808.1557395510107,0.0,False,NORMAL,0.9,IDLE,362.0,0.0,0.0,0.0,895.1813315780798
2024-01-18 05:00:00,793.3047352930323,0.0,793.3047352930323,787.04861900428,0.0,787.04861900428,0.0,False,NORMAL,0.9,IDLE,362.0,0.0,0.0,0.0,853.3047352930323
2024-01-18 05:15:00,873.7820978948093,0.0,873.7820978948093,827.4884054049602,0.0,827.4884054049602,0.0,False,NORMAL,0.9,IDLE,362.0,0.0,0.0,0.0,933.7820978948093
2024-01-18 05:30:00,981.2957734009442,0.0,981.2957734009442,892.0665556606207,0.0,892.0665556606207,0.0,False,NORMAL,0.9,IDLE,362.0,0.0,0.0,0.0,981.2957734009442
2024-01-18 05:45:00,1105.2323905780922,0.0,1105.2323905780922,972.0158082127963,0.0,972.0158082127963,0.0,False,NORMAL,0.9,IDLE,362.0,0.0,0.0,0.0,1105.2323905780922
2024-01-18 06:00:00,1110.5874306557032,3.853346750407514e-22,1110.5874306557032,1066.285446468808,1.583407670303615e-22,1066.285446468808,0.0,False,NORMAL,0.9,IDLE,362.0,0.0,0.0,0.0,1110.5874306557032
2024-01-18 06:15:00,1278.0082225206897,11.835076958344576,1266.173145562345,1130.3483663375653,2.940853151404742,1127.4075131861605,0.0,False,NORMAL,0.9,IDLE,362.0,0.0,0.0,0.0,1266.173145562345
2024-01-18 06:30:00,1319.6574587799003,34.2925200353695,1285.3649387445307,1241.4308507908256,17.141842842962433,1224.2890079478632,0.0,False,NORMAL,0.9,IDLE,362.0,0.0,0.0,0.0,1285.3649387445307
2024-01-18 06:45:00,1515.3735329331257,65.26394785114375,1450.109585081982,1351.3317520176372,37.302511635140505,1314.0292403824967,0.0,False,NORMAL,0.9,IDLE,362.0,0.0,0.0,0.0,1450.109585081982
2024-01-18 07:00:00,1579.791910486107,100.17959964293598,1479.6123108431711,1450.5226170765172,63.51597700765438,1387.006640068863,0.0,False,NORMAL,0.9,IDLE,362.0,0.0,0.0,0.0,1479.6123108431711
2024-01-18 07:15:00,1654.6360720859911,133.16350469944598,1521.472567386545,1526.358445568411,96.5100621772692,1429.8483833911419,0.0,False,NORMAL,0.9,IDLE,362.0,0.0,0.0,0.0,1521.472567386545
2024-01-18 07:30:00,1799.1448017207458,175.88447479484594,1623.2603269258998,1662.8307433518307,124.90902367763546,1537.9217196741952,0.0,False,NORMAL,0.9,IDLE,362.0,0.0,0.0,0.0,1623.2603269258998
2024-01-18 07:45:00,1840.7727860581329,213.91595374396252,1626.8568323141703,1784.1131157678822,149.5772250645248,1634.5358907033574,0.0,False,NORMAL,0.9,IDLE,362.0,0.0,0.0,0.0,1626.8568323141703
2024-01-18 08:00:00,1950.1308272153215,260.02785486202885,1690.1029723532927,1815.2632501055698,208.98775396803703,1606.2754961375329,0.0,False,WATCH,0.9,IDLE,362.0,0.0,0.0,0.0,1690.1029723532927
2024-01-18 08:15:00,2005.0945084878372,312.59214204305124,1692.5023664447858,1919.010137458097,246.7963534002276,1672.2137840578694,0.0,False,WATCH,0.9,IDLE,362.0,0.0,0.0,0.0,1692.5023664447858
2024-01-18 08:30:00,2127.086080316884,350.93702870177975,1776.149051615104,2011.8434098656728,294.5747679076424,1717.2686419580305,0.0,False,WATCH,0.9,IDLE,362.0,0.0,0.0,0.0,1776.149051615104
2024-01-18 08:45:00,2132.6457591421718,399.42548751625236,1733.2202716259194,2124.5132707040825,332.31617628248307,1792.1970944215996,0.0,False,WATCH,0.9,IDLE,362.0,0.0,0.0,0.0,1733.2202716259194
2024-01-18 09:00:00,1783.4347305532008,428.1306586549966,1355.3040718982043,1934.2787805832775,375.34224675067003,1558.9365338326074,0.0,False,NORMAL,0.9,IDLE,362.0,0.0,0.0,0.0,1355.3040718982043
2024-01-18 09:15:00,1849.6201859640796,508.821859882351,1340.7983260817286,1856.5394574199595,414.4859471921609,1442.0535102277986,0.0,False,NORMAL,0.9,IDLE,362.0,0.0,0.0,0.0,1340.7983260817286
2024-01-18 09:30:00,1742.349126695584,542.9403512265663,1199.4087754690177,1838.1867690676722,463.05660909944527,1375.130159968227,0.0,False,NORMAL,0.9,IDLE,362.0,0.0,0.0,0.0,1199.4087754690177
2024-01-18 09:45:00,1806.8879871765969,589.0238277895297,1217.864159387067,1819.6788692760795,511.66300053549935,1308.0158687405801,0.0,False,NORMAL,0.9,IDLE,362.0,0.0,0.0,0.0,1217.864159387067
2024-01-18 10:00:00,1802.4383553162486,637.1606030445824,1165.277752271666,1768.2833734550784,541.8528549530747,1226.4305185020037,0.0,False,NORMAL,0.9,IDLE,362.0,0.0,0.0,0.0,1165.277752271666
2024-01-18 10:15:00,1803.0990570023364,396.5811327321304,1406.517924270206,1766.8556333566482,581.42159454678,1185.434038809868,0.0,False,NORMAL,0.9,IDLE,362.0,0.0,0.0,0.0,1406.517924270206
2024-01-18 10:30:00,1807.285271906115,673.194154634512,1134.091117271603,1768.0355362335802,551.7050521857926,1216.3304840477876,0.0,False,NORMAL,0.9,IDLE,362.0,0.0,0.0,0.0,1134.091117271603
2024-01-18 10:45:00,1801.4567717353095,668.5557262651166,1132.901045470193,1756.4496627007136,628.7292244055101,1127.7204382952036,0.0,False,NORMAL,0.9,IDLE,362.0,0.0,0.0,0.0,1132.901045470193
2024-01-18 11:00:00,1808.5969050210956,802.4129927711225,1006.1839122499731,1796.1105180699576,618.6191479042485,1177.4913701657092,0.0,False,NORMAL,0.9,IDLE,362.0,0.0,0.0,0.0,1006.1839122499731
2024-01-18 11:15:00,1834.66176755357,750.3066251401732,1084.3551424133966,1804.209267994997,678.3546453564242,1125.854622638573,0.0,False,NORMAL,0.9,IDLE,362.0,0.0,0.0,0.0,1084.3551424133966
2024-01-18 11:30:00,1828.5030163042074,793.7272859679205,1034.7757303362869,1800.9457632960941,711.056485924882,1089.889277371212,0.0,False,NORMAL,0.9,IDLE,362.0,0.0,0.0,0.0,1034.7757303362869
2024-01-18 11:45:00,1798.423930927583,752.2990445145525,1046.1248864130303,1788.8736049410343,560.9905700603854,1227.883034880649,0.0,False,NORMAL,0.9,IDLE,362.0,0.0,0.0,0.0,1046.1248864130303
2024-01-18 12:00:00,1791.9131553884072,811.8793860837176,980.0337693046896,1768.553275923831,717.1344090537876,1051.4188668700435,0.0,False,NORMAL,0.9,IDLE,362.0,0.0,0.0,0.0,980.0337693046896
2024-01-18 12:15:00,1830.314575946309,834.7158213831083,995.5987545632008,1737.4394392422473,590.9412368822586,1146.4982023599887,0.0,False,NORMAL,0.9,IDLE,362.0,0.0,0.0,0.0,995.5987545632008
2024-01-18 12:30:00,1745.4428037556777,786.8897305645563,958.5530731911214,1783.2804213062084,764.8221821232237,1018.4582391829847,0.0,False,NORMAL,0.9,IDLE,362.0,0.0,0.0,0.0,958.5530731911214
2024-01-18 12:45:00,1719.2347371477035,757.6263959563817,961.6083411913219,1737.1709341778226,747.433867015588,989.7370671622346,0.0,False,NORMAL,0.9,IDLE,362.0,0.0,0.0,0.0,961.6083411913219
2024-01-18 13:00:00,1796.305862142087,766.5356328069176,1029.7702293351695,1740.9045825395142,674.5246930671146,1066.3798894723996,0.0,False,NORMAL,0.9,IDLE,362.0,0.0,0.0,0.0,1029.7702293351695
2024-01-18 13:15:00,1755.4087548554712,495.4031470149994,1260.0056078404718,1820.727545477069,586.4782739297465,1234.2492715473227,0.0,False,NORMAL,0.9,IDLE,362.0,0.0,0.0,0.0,1260.0056078404718
2024-01-18 13:30:00,1684.4683051138013,399.62459044235993,1284.8437146714414,1739.874873352304,627.0550456624319,1112.819827689872,0.0,False,NORMAL,0.9,IDLE,362.0,0.0,0.0,0.0,1284.8437146714414
2024-01-18 13:45:00,1770.497899203444,329.3221808129291,1441.1757183905147,1715.5788416199794,573.7742649926114,1141.804576627368,0.0,False,NORMAL,0.9,IDLE,362.0,0.0,0.0,0.0,1441.1757183905147
2024-01-18 14:00:00,1806.0789034494546,679.7808911509305,1126.298012298524,1754.8199603836636,428.8546076719876,1325.965352711676,0.0,False,NORMAL,0.9,IDLE,362.0,0.0,0.0,0.0,1126.298012298524
2024-01-18 14:15:00,1839.2152945034409,213.08562349293683,1626.1296710105041,1791.8928557363522,547.2915366221131,1244.6013191142392,0.0,False,NORMAL,0.9,IDLE,362.0,0.0,0.0,0.0,1626.1296710105041
2024-01-18 14:30:00,1811.585084971289,623.1221919116468,1188.4628930596423,1796.3310020544927,417.0526052180629,1379.2783968364297,0.0,False,NORMAL,0.9,IDLE,362.0,0.0,0.0,0.0,1188.4628930596423
2024-01-18 14:45:00,1849.3222049994024,585.7637225454273,1263.558482453975,1773.0447854675458,406.3649509281608,1366.679834539385,0.0,False,NORMAL,0.9,IDLE,362.0,0.0,0.0,0.0,1263.558482453975
2024-01-18 15:00:00,1870.4973489624645,508.12808511520404,1362.3692638472603,1817.7774099004541,508.04682176288793,1309.7305881375662,0.0,False,NORMAL,0.9,IDLE,362.0,0.0,0.0,0.0,1362.3692638472603
2024-01-18 15:15:00,1824.160389840345,493.407441741879,1330.752948098466,1814.7918568023047,465.3154753849446,1349.47638141736,0.0,False,NORMAL,0.9,IDLE,362.0,0.0,0.0,0.0,1330.752948098466
2024-01-18 15:30:00,1836.4893085976641,480.53347382172524,1355.955834775939,1842.160639635189,459.3908399658239,1382.769799669365,0.0,False,NORMAL,0.9,IDLE,362.0,0.0,0.0,0.0,1355.955834775939
2024-01-18 15:45:00,1830.90731284178,386.25820395737895,1444.649108884401,1838.719704572227,434.87835651639375,1403.8413480558334,0.0,False,NORMAL,0.9,IDLE,362.0,0.0,0.0,0.0,1444.649108884401
2024-01-18 16:00:00,1864.9334800557854,355.3860771183999,1509.5474029373854,1810.9722396924994,371.3314510994438,1439.6407885930557,0.0,False,NORMAL,0.9,IDLE,362.0,0.0,0.0,0.0,1509.5474029373854
2024-01-18 16:15:00,1941.0683284083548,328.18038066842735,1612.8879477399273,1880.437184954001,341.7869313876989,1538.6502535663021,0.0,False,NORMAL,0.9,IDLE,362.0,0.0,0.0,0.0,1612.8879477399273
2024-01-18 16:30:00,1941.0301897670906,273.13493338570095,1667.8952563813896,1929.0473712791072,295.7467593739546,1633.3006119051527,0.0,False,WATCH,0.9,IDLE,362.0,0.0,0.0,0.0,1667.8952563813896
2024-01-18 16:45:00,2097.579019124468,216.28306406106782,1881.2959550634,1982.6839855983478,250.01228850840798,1732.67169708994,0.0,False,WATCH,0.9,IDLE,362.0,0.0,0.0,0.0,1881.2959550634
2024-01-18 17:00:00,2142.2133103263477,177.68727535890105,1964.5260349674468,2065.749921856839,205.29945826464328,1860.4504635921958,0.0,False,WARNING,0.9,IDLE,362.0,0.0,0.0,0.0,1964.5260349674468
2024-01-18 17:15:00,2243.00501610826,135.81031307017804,2107.194703038082,2111.3100483857575,166.06672654139822,1945.2433218443593,0.0,False,WARNING,0.9,IDLE,362.0,0.0,0.0,0.0,2107.194703038082
2024-01-18 17:30:00,2282.164827967336,95.85535312966024,2186.3094748376757,2169.1309045867747,126.89251151953775,2042.238393067237,0.0,False,WARNING,0.9,IDLE,362.0,0.0,0.0,0.0,2186.3094748376757
2024-01-18 17:45:00,2340.976268150662,63.98934172325332,2276.9869264274084,2244.775870485651,90.43930555695268,2154.3365649286984,0.0,False,WARNING,0.9,IDLE,362.0,0.0,0.0,0.0,2276.9869264274084
2024-01-18 18:00:00,2301.2113332831054,34.78748624745291,2266.4238470356527,2273.6336820860456,59.27898376002802,2214.3546983260176,0.0,False,CRITICAL,0.9,RESERVED,362.0,0.0,0.0,0.0,2266.4238470356527
2024-01-18 18:15:00,2290.8862689130965,12.48229208706799,2278.4039768260286,2273.4159679835843,32.06225855390135,2241.353709429683,0.0,False,CRITICAL,0.9,RESERVED,317.0,0.0,33.74858940445847,0.0,2244.65538742157
2024-01-18 18:30:00,2373.742308155524,3.703363292819299e-22,2373.742308155524,2294.0038985841934,13.239681817233981,2280.7642167669596,0.0,False,CRITICAL,0.9,RESERVED,177.0,0.0,79.32327803888802,0.0,2294.419030116636
2024-01-18 18:45:00,2370.016711381414,0.0,2370.016711381414,2347.5763822295035,3.8645167366211557,2343.711865492882,43.711865492882225,False,CRITICAL,0.9,RESERVED,177.0,0.0,121.99599621749712,0.0,2248.020715163917
2024-01-18 19:00:00,2347.292011522682,0.0,2347.292011522682,2348.2132291332464,0.0,2348.2132291332464,48.21322913324639,False,CRITICAL,0.9,RESERVED,177.0,0.0,142.8987977903871,0.0,2204.393213732295
2024-01-18 19:15:00,2266.252144009573,0.0,2266.252144009573,2291.4163344215217,0.0,2291.4163344215217,0.0,False,CRITICAL,0.9,RESERVED,177.0,0.0,173.74858940445847,0.0,2092.5035546051145
2024-01-18 19:30:00,2290.8545548216907,0.0,2290.8545548216907,2274.522060248923,0.0,2274.522060248923,0.0,False,CRITICAL,0.9,RESERVED,72.0,0.0,191.1120269236335,0.0,2099.7425278980572
2024-01-18 19:45:00,2248.464446959823,0.0,2248.464446959823,2300.5887452127,0.0,2300.5887452127,0.5887452126999051,False,CRITICAL,0.9,RESERVED,72.0,0.0,209.77157689007618,0.0,2038.6928700697467
2024-01-18 20:00:00,2282.8651424916357,0.0,2282.8651424916357,2241.383250385804,0.0,2241.383250385804,0.0,False,WARNING,0.9,IDLE,72.0,0.0,179.05597194904976,0.0,2103.809170542586
2024-01-18 20:15:00,2295.4680161084757,0.0,2295.4680161084757,2245.4264576253836,0.0,2245.4264576253836,0.0,False,WARNING,0.9,IDLE,117.0,0.0,134.07002852732012,0.0,2161.3979875811556
2024-01-18 20:30:00,2204.0251428799106,0.0,2204.0251428799106,2197.0584778019,0.0,2197.0584778019,0.0,False,WARNING,0.9,IDLE,117.0,0.0,91.39731034871102,0.0,2112.6278325311996
2024-01-18 20:45:00,2160.837871258716,0.0,2160.837871258716,2176.9763385826914,0.0,2176.9763385826914,0.0,False,WARNING,0.9,IDLE,117.0,0.0,36.74591937136256,0.0,2124.0919518873534
2024-01-18 21:00:00,2075.1017655160204,0.0,2075.1017655160204,2097.482575576831,0.0,2097.482575576831,0.0,False,WARNING,0.9,IDLE,257.0,0.0,22.281279642574646,0.0,2052.8204858734457
2024-01-18 21:15:00,2050.9662363146363,0.0,2050.9662363146363,2064.072693110747,0.0,2064.072693110747,0.0,False,WARNING,0.9,IDLE,257.0,0.0,3.621729676131963,0.0,2047.3445066385043
2024-01-18 21:30:00,1872.2247491006915,0.0,1872.2247491006915,1980.5813384761097,0.0,1980.5813384761097,0.0,False,WARNING,0.9,IDLE,257.0,0.0,0.5887452126999051,0.0,1871.6360038879916
2024-01-18 21:45:00,1762.8009938466048,0.0,1762.8009938466048,1880.222410918138,0.0,1880.222410918138,0.0,False,WATCH,0.9,IDLE,362.0,0.0,0.0,0.0,1762.8009938466048
2024-01-18 22:00:00,1638.708337286203,0.0,1638.708337286203,1729.9664368760375,0.0,1729.9664368760375,0.0,False,WATCH,0.9,IDLE,362.0,0.0,0.0,0.0,1638.708337286203
2024-01-18 22:15:00,1468.3803664104037,0.0,1468.3803664104037,1597.4361904894738,0.0,1597.4361904894738,0.0,False,NORMAL,0.9,IDLE,362.0,0.0,0.0,0.0,1468.3803664104037
2024-01-18 22:30:00,1336.6087616602013,0.0,1336.6087616602013,1442.026428398881,0.0,1442.026428398881,0.0,False,NORMAL,0.9,IDLE,362.0,0.0,0.0,0.0,1336.6087616602013
2024-01-18 22:45:00,1211.9959620594318,0.0,1211.9959620594318,1289.972999743655,0.0,1289.972999743655,0.0,False,NORMAL,0.9,IDLE,362.0,0.0,0.0,0.0,1211.9959620594318
2024-01-18 23:00:00,940.3072447720481,0.0,940.3072447720481,1181.7396794426784,0.0,1181.7396794426784,0.0,False,NORMAL,0.9,IDLE,362.0,0.0,0.0,0.0,1000.3072447720481
2024-01-18 23:15:00,1028.80508541264,0.0,1028.80508541264,1009.6209453712198,0.0,1009.6209453712198,0.0,False,NORMAL,0.9,IDLE,362.0,0.0,0.0,0.0,1088.80508541264
2024-01-18 23:30:00,936.5181770426362,0.0,936.5181770426362,1001.9932636457769,0.0,1001.9932636457769,0.0,False,NORMAL,0.9,IDLE,362.0,0.0,0.0,0.0,996.5181770426362
2024-01-18 23:45:00,856.697556252223,0.0,856.697556252223,939.5628851364246,0.0,939.5628851364246,0.0,False,NORMAL,0.9,IDLE,362.0,0.0,0.0,0.0,916.697556252223
2024-01-19 00:00:00,770.9777940298904,0.0,770.9777940298904,813.1397528101717,0.0,813.1397528101717,0.0,False,NORMAL,0.9,IDLE,362.0,0.0,0.0,0.0,830.9777940298904
2024-01-19 00:15:00,784.936673287116,0.0,784.936673287116,821.773494482629,0.0,821.773494482629,0.0,False,NORMAL,0.9,IDLE,362.0,0.0,0.0,0.0,844.936673287116
2024-01-19 00:30:00,792.0399906608352,0.0,792.0399906608352,798.8739043771608,0.0,798.8739043771608,0.0,False,NORMAL,0.9,IDLE,362.0,0.0,0.0,0.0,852.0399906608352
2024-01-19 00:45:00,786.7552705150309,0.0,786.7552705150309,789.5130620865189,0.0,789.5130620865189,0.0,False,NORMAL,0.9,IDLE,362.0,0.0,0.0,0.0,846.7552705150309
2024-01-19 01:00:00,778.7716355678513,0.0,778.7716355678513,731.1415765983322,0.0,731.1415765983322,0.0,False,NORMAL,0.9,IDLE,362.0,0.0,0.0,0.0,838.7716355678513
2024-01-19 01:15:00,785.8944179277372,0.0,785.8944179277372,767.3945899337202,0.0,767.3945899337202,0.0,False,NORMAL,0.9,IDLE,362.0,0.0,0.0,0.0,845.8944179277372
2024-01-19 01:30:00,846.7636939700586,0.0,846.7636939700586,794.465543196201,0.0,794.465543196201,0.0,False,NORMAL,0.9,IDLE,362.0,0.0,0.0,0.0,906.7636939700586
2024-01-19 01:45:00,785.3534903238358,0.0,785.3534903238358,805.6771518683564,0.0,805.6771518683564,0.0,False,NORMAL,0.9,IDLE,362.0,0.0,0.0,0.0,845.3534903238358
2024-01-19 02:00:00,774.8080099697823,0.0,774.8080099697823,771.1927961377422,0.0,771.1927961377422,0.0,False,NORMAL,0.9,IDLE,362.0,0.0,0.0,0.0,834.8080099697823
2024-01-19 02:15:00,743.4205740886963,0.0,743.4205740886963,772.4022241769343,0.0,772.4022241769343,0.0,False,NORMAL,0.9,IDLE,362.0,0.0,0.0,0.0,803.4205740886963
2024-01-19 02:30:00,773.2675170733633,0.0,773.2675170733633,790.7604435781983,0.0,790.7604435781983,0.0,False,NORMAL,0.9,IDLE,362.0,0.0,0.0,0.0,833.2675170733633
2024-01-19 02:45:00,760.0073038907702,0.0,760.0073038907702,775.7170382567166,0.0,775.7170382567166,0.0,False,NORMAL,0.9,IDLE,362.0,0.0,0.0,0.0,820.0073038907702
2024-01-19 03:00:00,835.7142060100725,0.0,835.7142060100725,775.3914212875792,0.0,775.3914212875792,0.0,False,NORMAL,0.9,IDLE,362.0,0.0,0.0,0.0,895.7142060100725
2024-01-19 03:15:00,763.8554633823359,0.0,763.8554633823359,785.868488281989,0.0,785.868488281989,0.0,False,NORMAL,0.9,IDLE,362.0,0.0,0.0,0.0,823.8554633823359
2024-01-19 03:30:00,743.3313531172221,0.0,743.3313531172221,777.6174667707495,0.0,777.6174667707495,0.0,False,NORMAL,0.9,IDLE,362.0,0.0,0.0,0.0,803.3313531172221
2024-01-19 03:45:00,770.292836385368,0.0,770.292836385368,746.9662379216071,0.0,746.9662379216071,0.0,False,NORMAL,0.9,IDLE,362.0,0.0,0.0,0.0,830.292836385368
2024-01-19 04:00:00,783.2279448513991,0.0,783.2279448513991,800.2478024205355,0.0,800.2478024205355,0.0,False,NORMAL,0.9,IDLE,362.0,0.0,0.0,0.0,843.2279448513991
2024-01-19 04:15:00,842.8106273687386,0.0,842.8106273687386,771.7873478977683,0.0,771.7873478977683,0.0,False,NORMAL,0.9,IDLE,362.0,0.0,0.0,0.0,902.8106273687386
2024-01-19 04:30:00,754.7099635242836,0.0,754.7099635242836,805.7622383870063,0.0,805.7622383870063,0.0,False,NORMAL,0.9,IDLE,362.0,0.0,0.0,0.0,814.7099635242836
2024-01-19 04:45:00,784.1919901262324,0.0,784.1919901262324,803.147628276281,0.0,803.147628276281,0.0,False,NORMAL,0.9,IDLE,362.0,0.0,0.0,0.0,844.1919901262324
2024-01-19 05:00:00,753.7914531246442,0.0,753.7914531246442,789.5042629207868,0.0,789.5042629207868,0.0,False,NORMAL,0.9,IDLE,362.0,0.0,0.0,0.0,813.7914531246442
2024-01-19 05:15:00,839.5711758137306,0.0,839.5711758137306,819.5636722313892,0.0,819.5636722313892,0.0,False,NORMAL,0.9,IDLE,362.0,0.0,0.0,0.0,899.5711758137306
2024-01-19 05:30:00,927.1336260549284,0.0,927.1336260549284,889.2803068663404,0.0,889.2803068663404,0.0,False,NORMAL,0.9,IDLE,362.0,0.0,0.0,0.0,927.1336260549284
2024-01-19 05:45:00,1013.3122130257107,0.0,1013.3122130257107,980.513547649129,0.0,980.513547649129,0.0,False,NORMAL,0.9,IDLE,362.0,0.0,0.0,0.0,1013.3122130257107
2024-01-19 06:00:00,1119.0906913967688,3.4458736107709834e-22,1119.0906913967688,1021.1727226170793,1.7982284835235064e-22,1021.1727226170793,0.0,False,NORMAL,0.9,IDLE,362.0,0.0,0.0,0.0,1119.0906913967688
2024-01-19 06:15:00,1205.463579665386,10.92857532345768,1194.5350043419285,1152.0546192473048,5.523035913894136,1146.5315833334107,0.0,False,NORMAL,0.9,IDLE,362.0,0.0,0.0,0.0,1194.5350043419285
2024-01-19 06:30:00,1324.8811167462034,32.37653969044553,1292.5045770557579,1223.6183796124578,19.372820074571887,1204.245559537886,0.0,False,NORMAL,0.9,IDLE,362.0,0.0,0.0,0.0,1292.5045770557579
2024-01-19 06:45:00,1444.1340261789255,58.439307404106074,1385.6947187748194,1374.2300669530377,41.3499900120426,1332.8800769409952,0.0,False,NORMAL,0.9,IDLE,362.0,0.0,0.0,0.0,1385.6947187748194
2024-01-19 07:00:00,1506.2696737788847,87.52251273783178,1418.747161041053,1467.7857122879325,68.37802586746145,1399.407686420471,0.0,False,NORMAL,0.9,IDLE,362.0,0.0,0.0,0.0,1418.747161041053
2024-01-19 07:15:00,1677.637981614586,121.33109578988562,1556.3068858247002,1546.8139305424852,97.6077788220737,1449.2061517204115,0.0,False,NORMAL,0.9,IDLE,362.0,0.0,0.0,0.0,1556.3068858247002
2024-01-19 07:30:00,1759.4246025650862,155.19924371156418,1604.225358853522,1689.9680125414734,134.35137275884148,1555.6166397826319,0.0,False,NORMAL,0.9,IDLE,362.0,0.0,0.0,0.0,1604.225358853522
2024-01-19 07:45:00,1783.4846343701738,189.5115674042631,1593.9730669659107,1761.8538874234207,169.9549548859001,1591.8989325375205,0.0,False,NORMAL,0.9,IDLE,362.0,0.0,0.0,0.0,1593.9730669659107
2024-01-19 08:00:00,1901.7134744533805,243.18658603489266,1658.526888418488,1843.9359025095807,210.11680323853474,1633.819099271046,0.0,False,NORMAL,0.9,IDLE,362.0,0.0,0.0,0.0,1658.526888418488
2024-01-19 08:15:00,1985.3208094762504,285.87790555346487,1699.4429039227855,1926.981437304969,259.4224748399055,1667.5589624650634,0.0,False,NORMAL,0.9,IDLE,362.0,0.0,0.0,0.0,1699.4429039227855
2024-01-19 08:30:00,2080.0944613738966,185.9209902299458,1894.1734711439508,2025.3772851001215,300.09833721011444,1725.2789478900072,0.0,False,WATCH,0.9,IDLE,362.0,0.0,0.0,0.0,1894.1734711439508
2024-01-19 08:45:00,2210.575306600457,355.2300304284054,1855.3452761720519,2073.0370390604758,302.14455505943346,1770.8924840010422,0.0,False,WATCH,0.9,IDLE,362.0,0.0,0.0,0.0,1855.3452761720519
2024-01-19 09:00:00,1733.6138051183568,395.46466337641,1338.1491417419468,1973.467580724123,366.71762742083627,1606.749953303287,0.0,False,NORMAL,0.9,IDLE,362.0,0.0,0.0,0.0,1338.1491417419468
2024-01-19 09:15:00,1783.1823392365195,436.02653969776395,1347.1557995387557,1878.7452752752497,425.2709389423945,1453.4743363328553,0.0,False,NORMAL,0.9,IDLE,362.0,0.0,0.0,0.0,1347.1557995387557
2024-01-19 09:30:00,1770.6499092786842,244.33937704637316,1526.310532232311,1820.948829749465,461.9850062226492,1358.9638235268158,0.0,False,NORMAL,0.9,IDLE,362.0,0.0,0.0,0.0,1526.310532232311
2024-01-19 09:45:00,1781.2219608036544,279.3717969613114,1501.850163842343,1821.8586210970298,444.37140783118735,1377.4872132658425,0.0,False,NORMAL,0.9,IDLE,362.0,0.0,0.0,0.0,1501.850163842343
2024-01-19 10:00:00,1808.7375300119347,531.858284797725,1276.8792452142097,1783.4256713368384,467.05413584304944,1316.371535493789,0.0,False,NORMAL,0.9,IDLE,362.0,0.0,0.0,0.0,1276.8792452142097
2024-01-19 10:15:00,1748.647762136559,358.2534587362334,1390.3943034003257,1794.0951288944354,421.89202825757684,1372.2031006368586,0.0,False,NORMAL,0.9,IDLE,362.0,0.0,0.0,0.0,1390.3943034003257
2024-01-19 10:30:00,1793.7699838548688,625.955924015292,1167.8140598395767,1777.2812753551348,507.9348520844797,1269.3464232706551,0.0,False,NORMAL,0.9,IDLE,362.0,0.0,0.0,0.0,1167.8140598395767
2024-01-19 10:45:00,1771.5795501258021,619.9736604615924,1151.6058896642098,1783.3784602460632,593.5719597756652,1189.806500470398,0.0,False,NORMAL,0.9,IDLE,362.0,0.0,0.0,0.0,1151.6058896642098
2024-01-19 11:00:00,1821.9453400106315,625.7618498412331,1196.1834901693983,1792.838178170955,682.0702976468755,1110.7678805240794,0.0,False,NORMAL,0.9,IDLE,362.0,0.0,0.0,0.0,1196.1834901693983
2024-01-19 11:15:00,1785.4146787068084,658.7393271837831,1126.6753515230253,1816.1955208904667,665.8675855417767,1150.32793534869,0.0,False,NORMAL,0.9,IDLE,362.0,0.0,0.0,0.0,1126.6753515230253
2024-01-19 11:30:00,1828.7408779757093,675.9451740945981,1152.7957038811112,1808.479258643871,723.3831611003799,1085.096097543491,0.0,False,NORMAL,0.9,IDLE,362.0,0.0,0.0,0.0,1152.7957038811112
2024-01-19 11:45:00,1763.7386313860216,725.3025189174306,1038.436112468591,1806.8406868588947,711.2112576524769,1095.6294292064179,0.0,False,NORMAL,0.9,IDLE,362.0,0.0,0.0,0.0,1038.436112468591
2024-01-19 12:00:00,1749.0835562318982,718.5779478291682,1030.50560840273,1787.8355203327442,752.5860623119675,1035.2494580207767,0.0,False,NORMAL,0.9,IDLE,362.0,0.0,0.0,0.0,1030.50560840273
2024-01-19 12:15:00,1693.6361987775936,725.3950905114826,968.2411082661109,1797.8892202320774,773.8048324406892,1024.084387791388,0.0,False,NORMAL,0.9,IDLE,362.0,0.0,0.0,0.0,968.2411082661109
2024-01-19 12:30:00,1675.1955227412614,716.3786252270243,958.8168975142371,1737.0304755788384,751.8819324742177,985.1485431046207,0.0,False,NORMAL,0.9,IDLE,362.0,0.0,0.0,0.0,958.8168975142371
2024-01-19 12:45:00,1685.731863678489,712.6476886575274,973.0841750209615,1708.4102069606315,739.7160158179443,968.6941911426873,0.0,False,NORMAL,0.9,IDLE,362.0,0.0,0.0,0.0,973.0841750209615
2024-01-19 13:00:00,1739.532641415021,668.6123200609351,1070.920321354086,1738.9876999461385,741.8349250305747,997.1527749155638,0.0,False,NORMAL,0.9,IDLE,362.0,0.0,0.0,0.0,1070.920321354086
2024-01-19 13:15:00,1737.6324943426046,664.4853681228484,1073.147126219756,1732.1249151676263,600.4102344791963,1131.71468068843,0.0,False,NORMAL,0.9,IDLE,362.0,0.0,0.0,0.0,1073.147126219756
2024-01-19 13:30:00,1684.490018467418,631.0910208365686,1053.3989976308494,1701.175041845582,549.2790541874052,1151.8959876581766,0.0,False,NORMAL,0.9,IDLE,362.0,0.0,0.0,0.0,1053.3989976308494
2024-01-19 13:45:00,1762.1094363032246,624.7295851483273,1137.3798511548973,1731.76472615742,500.61630090114903,1231.148425256271,0.0,False,NORMAL,0.9,IDLE,362.0,0.0,0.0,0.0,1137.3798511548973
2024-01-19 14:00:00,1782.7298894502492,615.9515748375671,1166.7783146126822,1772.564738416196,655.5739816804687,1116.9907567357272,0.0,False,NORMAL,0.9,IDLE,362.0,0.0,0.0,0.0,1166.7783146126822
2024-01-19 14:15:00,1817.6014999855954,577.5764282697693,1240.025071715826,1797.6539441387633,431.24898045114537,1366.404963687618,0.0,False,NORMAL,0.9,IDLE,362.0,0.0,0.0,0.0,1240.025071715826
2024-01-19 14:30:00,1868.69821615632,565.459578494261,1303.238637662059,1799.7310594320363,606.947971046477,1192.7830883855593,0.0,False,NORMAL,0.9,IDLE,362.0,0.0,0.0,0.0,1303.238637662059
2024-01-19 14:45:00,1858.9030243762775,492.810454550009,1366.0925698262686,1843.92575120088,581.4117140284636,1262.5140371724165,0.0,False,NORMAL,0.9,IDLE,362.0,0.0,0.0,0.0,1366.0925698262686
2024-01-19 15:00:00,1791.4974214294662,481.40944537273714,1310.087976056729,1858.3246797958072,518.9433203386245,1339.3813594571827,0.0,False,NORMAL,0.9,IDLE,362.0,0.0,0.0,0.0,1310.087976056729
2024-01-19 15:15:00,1765.061426650948,420.10931664408304,1344.952110006865,1822.3126362175306,498.3997893759029,1323.9128468416277,0.0,False,NORMAL,0.9,IDLE,362.0,0.0,0.0,0.0,1344.952110006865
2024-01-19 15:30:00,1726.2644723785975,398.2957129142408,1327.9687594643567,1819.0682552647722,466.31200809590047,1352.7562471688718,0.0,False,NORMAL,0.9,IDLE,362.0,0.0,0.0,0.0,1327.9687594643567
2024-01-19 15:45:00,1802.1230306051093,364.8027277872187,1437.3203028178905,1793.9240451067087,403.6375350805287,1390.28651002618,0.0,False,NORMAL,0.9,IDLE,362.0,0.0,0.0,0.0,1437.3203028178905
2024-01-19 16:00:00,1799.0537653068807,313.97829217286926,1485.0754731340114,1821.6239212646035,371.246760596295,1450.3771606683085,0.0,False,NORMAL,0.9,IDLE,362.0,0.0,0.0,0.0,1485.0754731340114
2024-01-19 16:15:00,1838.7706985016,279.59783760656876,1559.1728608950311,1856.2208375301018,334.1220534706185,1522.0987840594833,0.0,False,NORMAL,0.9,IDLE,362.0,0.0,0.0,0.0,1559.1728608950311
2024-01-19 16:30:00,1964.1512899708548,227.73257771440342,1736.4187122564513,1870.0043708829435,289.29220711919004,1580.7121637637533,0.0,False,WATCH,0.9,IDLE,362.0,0.0,0.0,0.0,1736.4187122564513
2024-01-19 16:45:00,2041.0155081746377,185.10432835945966,1855.911179815178,1991.3399055908242,238.6942847905772,1752.645620800247,0.0,False,WATCH,0.9,IDLE,362.0,0.0,0.0,0.0,1855.911179815178
2024-01-19 17:00:00,2132.976968988187,159.2447031496142,1973.7322658385726,2051.056537118684,196.40171923515558,1854.6548178835285,0.0,False,WARNING,0.9,IDLE,362.0,0.0,0.0,0.0,1973.7322658385726
2024-01-19 17:15:00,2181.847088433904,126.76426468742648,2055.0828237464775,2147.2718286761965,159.67875862781474,1987.5930700483818,0.0,False,WARNING,0.9,IDLE,362.0,0.0,0.0,0.0,2055.0828237464775
2024-01-19 17:30:00,2253.6803747770637,45.97711425995755,2207.703260517106,2206.101807436886,121.5342210182317,2084.567586418654,0.0,False,WARNING,0.9,IDLE,362.0,0.0,0.0,0.0,2207.703260517106
2024-01-19 17:45:00,2264.5782009046534,58.96625527917034,2205.6119456254833,2271.940595394504,74.17734285603304,2197.7632525384706,0.0,False,CRITICAL,0.9,RESERVED,362.0,0.0,0.0,0.0,2205.6119456254833
2024-01-19 18:00:00,2256.9943386714704,31.15588550638612,2225.838453165084,2274.542592694975,54.231471830317005,2220.3111208646583,0.0,False,CRITICAL,0.9,RESERVED,317.0,0.0,0.6944858390320405,0.0,2225.143967326052
2024-01-19 18:15:00,2355.4272012745605,10.591456481401266,2344.8357447931594,2277.3597177969104,27.750491250482764,2249.6092265464276,0.0,False,CRITICAL,0.8887123337063577,DISCHARGING,317.0,0.0,44.83574479315939,0.0,2300.0
2024-01-19 18:30:00,2345.4915904557784,1.8571168331634222e-22,2345.4915904557784,2349.5037581457286,8.913989226031473,2340.5897689196972,40.589768919697235,False,CRITICAL,0.8887123337063577,RESERVED,177.0,0.0,76.59264028494545,0.0,2268.898950170833
2024-01-19 18:45:00,2358.8782753399414,0.0,2358.8782753399414,2351.258963068383,3.7651915632599864,2347.493771505123,47.49377150512282,False,CRITICAL,0.8887123337063577,RESERVED,177.0,0.0,132.6222363948341,0.0,2226.2560389451073
2024-01-19 19:00:00,2308.740291515011,0.0,2308.740291515011,2349.2254102491797,0.0,2349.2254102491797,49.22541024917973,False,CRITICAL,0.8887123337063577,RESERVED,177.0,0.0,158.19354858996348,0.0,2150.5467429250475
2024-01-19 19:15:00,2318.9381288431473,0.0,2318.9381288431473,2303.2161687999383,0.0,2303.2161687999383,3.2161687999382593,False,CRITICAL,0.8887123337063577,RESERVED,177.0,0.0,163.3891788352389,0.0,2155.5489500079084
2024-01-19 19:30:00,2314.7800433559214,0.0,2314.7800433559214,2312.1552190498937,0.0,2312.1552190498937,12.15521904989373,False,CRITICAL,0.8887123337063577,RESERVED,72.0,0.0,206.2940293303659,0.0,2108.4860140255555
2024-01-19 19:45:00,2284.0054159612737,0.0,2284.0054159612737,2288.6058582348855,0.0,2288.6058582348855,0.0,False,CRITICAL,0.8887123337063577,RESERVED,72.0,0.0,206.72447300011117,0.0,2077.2809429611625
2024-01-19 20:00:00,2240.673435749443,0.0,2240.673435749443,2291.685416593543,0.0,2291.685416593543,0.0,False,WARNING,0.8887123337063577,IDLE,72.0,0.0,202.80183553950883,0.0,2037.871600209934
2024-01-19 20:15:00,2217.6497368696764,0.0,2217.6497368696764,2279.684002521532,0.0,2279.684002521532,0.0,False,WARNING,0.8887123337063577,IDLE,72.0,0.0,163.07976705303463,0.0,2054.569969816642
2024-01-19 20:30:00,2147.3287814465466,0.0,2147.3287814465466,2223.6380203729345,0.0,2223.6380203729345,0.0,False,WARNING,0.8887123337063577,IDLE,72.0,0.0,105.23075559533663,0.0,2042.09802585121
2024-01-19 20:45:00,2122.7973532922597,0.0,2122.7973532922597,2173.3728063649537,0.0,2173.3728063649537,0.0,False,WARNING,0.8887123337063577,IDLE,117.0,0.0,56.96475040400037,0.0,2065.8326028882593
2024-01-19 21:00:00,2065.9925384220996,0.0,2065.9925384220996,2115.66249672352,0.0,2115.66249672352,0.0,False,WARNING,0.8887123337063577,IDLE,257.0,0.0,30.434033151027506,0.0,2035.5585052710721
2024-01-19 21:15:00,1971.003286258103,0.0,1971.003286258103,2076.8064790399394,0.0,2076.8064790399394,0.0,False,WARNING,0.8887123337063577,IDLE,257.0,0.0,30.434033151027506,0.0,1940.5692531070754
2024-01-19 21:30:00,1884.94646913996,0.0,1884.94646913996,1951.5712845227488,0.0,1951.5712845227488,0.0,False,WATCH,0.8887123337063577,IDLE,257.0,0.0,12.356463454455024,0.0,1872.590005685505
2024-01-19 21:45:00,1675.3728907584896,0.0,1675.3728907584896,1860.0482545452433,0.0,1860.0482545452433,0.0,False,WATCH,0.8887123337063577,IDLE,362.0,0.0,0.0,0.0,1675.3728907584896
2024-01-19 22:00:00,1579.063631308412,0.0,1579.063631308412,1718.7822206420399,0.0,1718.7822206420399,0.0,False,NORMAL,0.8887123337063577,IDLE,362.0,0.0,0.0,0.0,1579.063631308412
2024-01-19 22:15:00,1441.2865513539682,0.0,1441.2865513539682,1577.6244344029194,0.0,1577.6244344029194,0.0,False,NORMAL,0.8887123337063577,IDLE,362.0,0.0,0.0,0.0,1441.2865513539682
2024-01-19 22:30:00,1314.3059398570285,0.0,1314.3059398570285,1442.7461385066422,0.0,1442.7461385066422,0.0,False,NORMAL,0.8887123337063577,IDLE,362.0,0.0,0.0,0.0,1314.3059398570285
2024-01-19 22:45:00,1083.5185364530575,0.0,1083.5185364530575,1309.0827693697513,0.0,1309.0827693697513,0.0,False,NORMAL,0.8887123337063577,IDLE,362.0,0.0,0.0,0.0,1083.5185364530575
2024-01-19 23:00:00,1058.5086302232598,0.0,1058.5086302232598,1082.466459716047,0.0,1082.466459716047,0.0,False,NORMAL,0.8887123337063577,IDLE,362.0,0.0,0.0,0.0,1118.5086302232598
2024-01-19 23:15:00,941.7309633647168,0.0,941.7309633647168,1077.1333709936225,0.0,1077.1333709936225,0.0,False,NORMAL,0.8887123337063577,IDLE,362.0,0.0,0.0,0.0,1001.7309633647168
2024-01-19 23:30:00,990.8510997453377,0.0,990.8510997453377,968.3129601399644,0.0,968.3129601399644,0.0,False,NORMAL,0.8887123337063577,IDLE,362.0,0.0,0.0,0.0,1050.8510997453377
2024-01-19 23:45:00,915.2864158317458,0.0,915.2864158317458,920.4001372403072,0.0,920.4001372403072,0.0,False,NORMAL,0.8887123337063577,IDLE,362.0,0.0,0.0,0.0,975.2864158317458
2024-01-20 00:00:00,825.550523323581,0.0,825.550523323581,851.7839157571365,0.0,851.7839157571365,0.0,False,NORMAL,0.9,CHARGING,362.0,0.0,0.0,0.0,909.3140313101965
2024-01-20 00:15:00,884.2285152152374,0.0,884.2285152152374,822.1387350200591,0.0,822.1387350200591,0.0,False,NORMAL,0.9,IDLE,362.0,0.0,0.0,0.0,944.2285152152374
2024-01-20 00:30:00,800.1192251294576,0.0,800.1192251294576,837.038809245051,0.0,837.038809245051,0.0,False,NORMAL,0.9,IDLE,362.0,0.0,0.0,0.0,860.1192251294576
2024-01-20 00:45:00,892.7060867385326,0.0,892.7060867385326,805.5233784414845,0.0,805.5233784414845,0.0,False,NORMAL,0.9,IDLE,362.0,0.0,0.0,0.0,952.7060867385326
2024-01-20 01:00:00,910.0664945373217,0.0,910.0664945373217,821.3732795594863,0.0,821.3732795594863,0.0,False,NORMAL,0.9,IDLE,362.0,0.0,0.0,0.0,970.0664945373217
2024-01-20 01:15:00,840.8221895455899,0.0,840.8221895455899,838.5657756881027,0.0,838.5657756881027,0.0,False,NORMAL,0.9,IDLE,362.0,0.0,0.0,0.0,900.8221895455899
2024-01-20 01:30:00,896.7369002364014,0.0,896.7369002364014,846.5462720027268,0.0,846.5462720027268,0.0,False,NORMAL,0.9,IDLE,362.0,0.0,0.0,0.0,956.7369002364014
2024-01-20 01:45:00,865.7404356646306,0.0,865.7404356646306,840.4095768966739,0.0,840.4095768966739,0.0,False,NORMAL,0.9,IDLE,362.0,0.0,0.0,0.0,925.7404356646306
2024-01-20 02:00:00,839.8978602208075,0.0,839.8978602208075,828.5104079260128,0.0,828.5104079260128,0.0,False,NORMAL,0.9,IDLE,362.0,0.0,0.0,0.0,899.8978602208075
2024-01-20 02:15:00,881.1973119790478,0.0,881.1973119790478,800.7340223829782,0.0,800.7340223829782,0.0,False,NORMAL,0.9,IDLE,362.0,0.0,0.0,0.0,941.1973119790478
2024-01-20 02:30:00,855.1525616476519,0.0,855.1525616476519,829.4222982096928,0.0,829.4222982096928,0.0,False,NORMAL,0.9,IDLE,362.0,0.0,0.0,0.0,915.1525616476519
2024-01-20 02:45:00,888.4367707785082,0.0,888.4367707785082,811.5940968106293,0.0,811.5940968106293,0.0,False,NORMAL,0.9,IDLE,362.0,0.0,0.0,0.0,948.4367707785082
2024-01-20 03:00:00,878.7597097175458,0.0,878.7597097175458,855.8702825852665,0.0,855.8702825852665,0.0,False,NORMAL,0.9,IDLE,362.0,0.0,0.0,0.0,938.7597097175458
2024-01-20 03:15:00,801.6479149330507,0.0,801.6479149330507,825.128459036461,0.0,825.128459036461,0.0,False,NORMAL,0.9,IDLE,362.0,0.0,0.0,0.0,861.6479149330507
2024-01-20 03:30:00,948.0251223347138,0.0,948.0251223347138,790.1734028984598,0.0,790.1734028984598,0.0,False,NORMAL,0.9,IDLE,362.0,0.0,0.0,0.0,1008.0251223347138
2024-01-20 03:45:00,809.5499681517601,0.0,809.5499681517601,844.2045917605182,0.0,844.2045917605182,0.0,False,NORMAL,0.9,IDLE,362.0,0.0,0.0,0.0,869.5499681517601
2024-01-20 04:00:00,905.5018676797072,0.0,905.5018676797072,813.156230187368,0.0,813.156230187368,0.0,False,NORMAL,0.9,IDLE,362.0,0.0,0.0,0.0,965.5018676797072
2024-01-20 04:15:00,887.17113611986,0.0,887.17113611986,863.7466862921386,0.0,863.7466862921386,0.0,False,NORMAL,0.9,IDLE,362.0,0.0,0.0,0.0,947.17113611986
2024-01-20 04:30:00,798.601272788995,0.0,798.601272788995,826.2866824209464,0.0,826.2866824209464,0.0,False,NORMAL,0.9,IDLE,362.0,0.0,0.0,0.0,858.601272788995
2024-01-20 04:45:00,851.4121459804358,0.0,851.4121459804358,806.8326495619965,0.0,806.8326495619965,0.0,False,NORMAL,0.9,IDLE,362.0,0.0,0.0,0.0,911.4121459804358
2024-01-20 05:00:00,847.8705386316287,0.0,847.8705386316287,808.2586201082432,0.0,808.2586201082432,0.0,False,NORMAL,0.9,IDLE,362.0,0.0,0.0,0.0,907.8705386316287
2024-01-20 05:15:00,930.1080859788815,0.0,930.1080859788815,844.6174798252745,0.0,844.6174798252745,0.0,False,NORMAL,0.9,IDLE,362.0,0.0,0.0,0.0,990.1080859788815
2024-01-20 05:30:00,1031.825224678982,0.0,1031.825224678982,903.9020537275088,0.0,903.9020537275088,0.0,False,NORMAL,0.9,IDLE,362.0,0.0,0.0,0.0,1031.825224678982
2024-01-20 05:45:00,1150.9500087613185,0.0,1150.9500087613185,989.9022920334693,0.0,989.9022920334693,0.0,False,NORMAL,0.9,IDLE,362.0,0.0,0.0,0.0,1150.9500087613185
2024-01-20 06:00:00,1265.097882323957,3.303899775247383e-22,1265.097882323957,1088.6313494353637,1.6080743516931256e-22,1088.6313494353637,0.0,False,NORMAL,0.9,IDLE,362.0,0.0,0.0,0.0,1265.097882323957
2024-01-20 06:15:00,1360.4388760654404,11.701872860751457,1348.7370032046888,1189.8491824423359,5.100001817613585,1184.7491806247224,0.0,False,NORMAL,0.9,IDLE,362.0,0.0,0.0,0.0,1348.7370032046888
2024-01-20 06:30:00,1369.1908619416201,30.779165122472268,1338.411696819148,1305.104235762369,18.717129320939616,1286.3871064414293,0.0,False,NORMAL,0.9,IDLE,362.0,0.0,0.0,0.0,1338.411696819148
2024-01-20 06:45:00,1525.663781876921,61.62393874113481,1464.039843135786,1389.5183215952136,37.737075439741076,1351.7812461554724,0.0,False,NORMAL,0.9,IDLE,362.0,0.0,0.0,0.0,1464.039843135786
2024-01-20 07:00:00,1570.5201668107347,90.6602693385411,1479.8598974721936,1485.0360520706577,63.38464022144004,1421.6514118492175,0.0,False,NORMAL,0.9,IDLE,362.0,0.0,0.0,0.0,1479.8598974721936
2024-01-20 07:15:00,1621.5227369528222,119.43804294559808,1502.0846940072242,1598.496534027643,93.25017580836,1505.2463582192831,0.0,False,NORMAL,0.9,IDLE,362.0,0.0,0.0,0.0,1502.0846940072242
2024-01-20 07:30:00,1685.0175300519763,161.98532990266938,1523.0322001493068,1667.3532620262924,124.50832474046837,1542.844937285824,0.0,False,NORMAL,0.9,IDLE,362.0,0.0,0.0,0.0,1523.0322001493068
2024-01-20 07:45:00,1784.5679315027608,203.00582148039106,1581.5621100223698,1716.208374723114,161.02772909408534,1555.1806456290287,0.0,False,NORMAL,0.9,IDLE,362.0,0.0,0.0,0.0,1581.5621100223698
2024-01-20 08:00:00,1720.2743112319556,257.456394848824,1462.8179163831317,1812.5023227181243,207.08750528830453,1605.4148174298198,0.0,False,WATCH,0.9,IDLE,362.0,0.0,0.0,0.0,1462.8179163831317
2024-01-20 08:15:00,1761.1602888867255,293.3015971364923,1467.8586917502332,1847.149001692764,252.86863037587378,1594.28037131689,0.0,False,NORMAL,0.9,IDLE,362.0,0.0,0.0,0.0,1467.8586917502332
2024-01-20 08:30:00,1789.7706082020952,338.4667951314958,1451.3038130705995,1911.9937138982427,228.29893761565506,1683.6947762825876,0.0,False,NORMAL,0.9,IDLE,362.0,0.0,0.0,0.0,1451.3038130705995
2024-01-20 08:45:00,1822.070262650593,131.47571240198488,1690.594550248608,1984.1396970307233,331.407662019081,1652.7320350116422,0.0,False,NORMAL,0.9,IDLE,362.0,0.0,0.0,0.0,1690.594550248608
2024-01-20 09:00:00,1597.9917428832575,419.83041980321224,1178.1613230800453,1770.8288698956292,296.9240797592075,1473.9047901364218,0.0,False,NORMAL,0.9,IDLE,362.0,0.0,0.0,0.0,1178.1613230800453
2024-01-20 09:15:00,1685.6837687171428,473.1548402212182,1212.5289284959247,1732.0779072538444,393.5444889471381,1338.5334183067062,0.0,False,NORMAL,0.9,IDLE,362.0,0.0,0.0,0.0,1212.5289284959247
2024-01-20 09:30:00,1645.6153299408693,513.1132876598207,1132.5020422810485,1738.0830659112012,330.01256238700745,1408.0705035241938,0.0,False,NORMAL,0.9,IDLE,362.0,0.0,0.0,0.0,1132.5020422810485
2024-01-20 09:45:00,1657.0557625607091,520.075757003765,1136.980005556944,1719.499591340154,368.88003777558157,1350.6195535645725,0.0,False,NORMAL,0.9,IDLE,362.0,0.0,0.0,0.0,1136.980005556944
2024-01-20 10:00:00,1684.696914150868,299.0862451638033,1385.6106689870646,1722.7704198094284,519.2956937508995,1203.4747260585289,0.0,False,NORMAL,0.9,IDLE,362.0,0.0,0.0,0.0,1385.6106689870646
2024-01-20 10:15:00,1640.779681511065,583.8440423539205,1056.9356391571446,1707.1510687396371,377.5993234810697,1329.5517452585675,0.0,False,NORMAL,0.9,IDLE,362.0,0.0,0.0,0.0,1056.9356391571446
2024-01-20 10:30:00,1650.2548738343505,657.4495378310528,992.8053360032977,1713.8694629475021,574.6926152069235,1139.1768477405785,0.0,False,NORMAL,0.9,IDLE,362.0,0.0,0.0,0.0,992.8053360032977
2024-01-20 10:45:00,1657.7153874828605,636.1529960645148,1021.5623914183457,1705.224982776588,605.6649266133923,1099.5600561631957,0.0,False,NORMAL,0.9,IDLE,362.0,0.0,0.0,0.0,1021.5623914183457
2024-01-20 11:00:00,1633.4012372495981,701.9342732438525,931.4669640057456,1736.0645653647855,606.0385953297854,1130.0259700350002,0.0,False,NORMAL,0.9,IDLE,362.0,0.0,0.0,0.0,931.4669640057456
2024-01-20 11:15:00,1651.776241690951,748.2280961898302,903.5481455011209,1707.0792992328977,668.4664306178802,1038.6128686150175,0.0,False,NORMAL,0.9,IDLE,362.0,0.0,0.0,0.0,903.5481455011209
2024-01-20 11:30:00,1661.6044708283264,719.1133440372748,942.4911267910516,1733.3506592087535,699.6116459727996,1033.739013235954,0.0,False,NORMAL,0.9,IDLE,362.0,0.0,0.0,0.0,942.4911267910516
2024-01-20 11:45:00,1705.387990925289,728.9760429269699,976.4119479983191,1705.8874179568104,721.0588431060498,984.8285748507606,0.0,False,NORMAL,0.9,IDLE,362.0,0.0,0.0,0.0,976.4119479983191
2024-01-20 12:00:00,1667.6441951999177,754.7758312663723,912.8683639335454,1712.1813630704848,733.3998088829123,978.7815541875725,0.0,False,NORMAL,0.9,IDLE,362.0,0.0,0.0,0.0,912.8683639335454
2024-01-20 12:15:00,1598.1874568713577,736.0551499803901,862.1323068909676,1681.7650861987888,739.6706127498151,942.0944734489738,0.0,False,NORMAL,0.9,IDLE,362.0,0.0,0.0,0.0,862.1323068909676
2024-01-20 12:30:00,1695.4715019000785,781.6334069764924,913.838094923586,1652.8290593815261,728.3962260900067,924.4328332915194,0.0,False,NORMAL,0.9,IDLE,362.0,0.0,0.0,0.0,913.838094923586
2024-01-20 12:45:00,1650.8553916559372,738.8614886487785,911.9939030071587,1682.2706683651281,742.6526489707961,939.618019394332,0.0,False,NORMAL,0.9,IDLE,362.0,0.0,0.0,0.0,911.9939030071587
2024-01-20 13:00:00,1667.0288573667328,716.7860026622436,950.2428547044892,1693.4025436539634,711.6583838826514,981.7441597713121,0.0,False,NORMAL,0.9,IDLE,362.0,0.0,0.0,0.0,950.2428547044892
2024-01-20 13:15:00,1662.0349362904244,697.1588772520398,964.8760590383846,1695.6441848746322,700.4423240072472,995.201860867385,0.0,False,NORMAL,0.9,IDLE,362.0,0.0,0.0,0.0,964.8760590383846
2024-01-20 13:30:00,1697.0503065489038,670.1997555980328,1026.850550950871,1674.7956481138635,677.928704799472,996.8669433143915,0.0,False,NORMAL,0.9,IDLE,362.0,0.0,0.0,0.0,1026.850550950871
2024-01-20 13:45:00,1673.1470134603424,653.9345435117965,1019.2124699485458,1717.9334804637092,659.3615273523606,1058.5719531113486,0.0,False,NORMAL,0.9,IDLE,362.0,0.0,0.0,0.0,1019.2124699485458
2024-01-20 14:00:00,1605.5701112281713,633.1092370275743,972.460874200597,1724.9793476975624,643.8832096847024,1081.0961380128601,0.0,False,NORMAL,0.9,IDLE,362.0,0.0,0.0,0.0,972.460874200597
2024-01-20 14:15:00,1607.0425327628798,600.9069642467841,1006.1355685160956,1722.6628192251528,614.7840672233738,1107.878752001779,0.0,False,NORMAL,0.9,IDLE,362.0,0.0,0.0,0.0,1006.1355685160956
2024-01-20 14:30:00,1590.450619936185,565.3651509844696,1025.0854689517155,1739.824446863787,592.7235767771182,1147.1008700866687,0.0,False,NORMAL,0.9,IDLE,362.0,0.0,0.0,0.0,1025.0854689517155
2024-01-20 14:45:00,1658.7921059811938,575.0146129941611,1083.7774929870327,1723.7522725188044,543.1568251928426,1180.5954473259617,0.0,False,NORMAL,0.9,IDLE,362.0,0.0,0.0,0.0,1083.7774929870327
2024-01-20 15:00:00,1716.6506513430065,487.26007695088265,1229.3905743921239,1706.072579904387,533.9827094688234,1172.0898704355636,0.0,False,NORMAL,0.9,IDLE,362.0,0.0,0.0,0.0,1229.3905743921239
2024-01-20 15:15:00,1706.3335474498685,464.7216143747963,1241.6119330750723,1716.1355147506306,473.9677935812445,1242.1677211693861,0.0,False,NORMAL,0.9,IDLE,362.0,0.0,0.0,0.0,1241.6119330750723
2024-01-20 15:30:00,1679.085444511129,428.5291891436684,1250.5562553674606,1703.1077880150312,448.04215664638326,1255.065631368648,0.0,False,NORMAL,0.9,IDLE,362.0,0.0,0.0,0.0,1250.5562553674606
2024-01-20 15:45:00,1673.9058305367653,385.47738381677493,1288.4284467199905,1740.3614430679797,413.27243472552493,1327.0890083424547,0.0,False,NORMAL,0.9,IDLE,362.0,0.0,0.0,0.0,1288.4284467199905
2024-01-20 16:00:00,1588.3099470440684,334.41606101237176,1253.8938860316966,1740.7126057200096,364.59357213760086,1376.1190335824087,0.0,False,NORMAL,0.9,IDLE,362.0,0.0,0.0,0.0,1253.8938860316966
2024-01-20 16:15:00,1694.1792628723113,142.4453699596037,1551.7338929127075,1729.2562315284092,325.12861786698045,1404.1276136614288,0.0,False,NORMAL,0.9,IDLE,362.0,0.0,0.0,0.0,1551.7338929127075
2024-01-20 16:30:00,1792.004788371338,251.94430876210467,1540.0604796092334,1810.989711047954,231.76361606072228,1579.2260949872316,0.0,False,WATCH,0.9,IDLE,362.0,0.0,0.0,0.0,1540.0604796092334
2024-01-20 16:45:00,1813.6590349691933,208.18949579823084,1605.4695391709624,1876.5718309508923,221.55105101027198,1655.0207799406203,0.0,False,WATCH,0.9,IDLE,362.0,0.0,0.0,0.0,1605.4695391709624
2024-01-20 17:00:00,1931.5843906840287,164.75113835790575,1766.8332523261229,1934.5590215503896,187.05826572834243,1747.5007558220473,0.0,False,WATCH,0.9,IDLE,362.0,0.0,0.0,0.0,1766.8332523261229
2024-01-20 17:15:00,2034.6751941944156,121.71812534250907,1912.9570688519066,2012.7624135615542,148.55181536511168,1864.2105981964426,0.0,False,WARNING,0.9,IDLE,362.0,0.0,0.0,0.0,1912.9570688519066
2024-01-20 17:30:00,2073.3853481404212,90.90145718512234,1982.4838909552989,2098.535908161843,100.34625748318221,1998.1896506786609,0.0,False,WARNING,0.9,IDLE,362.0,0.0,0.0,0.0,1982.4838909552989
2024-01-20 17:45:00,2195.407322632691,58.22528250475216,2137.1820401279388,2135.9092153226857,87.13016379182665,2048.779051530859,0.0,False,WARNING,0.9,IDLE,362.0,0.0,0.0,0.0,2137.1820401279388
2024-01-20 18:00:00,2176.0153830693207,32.32527608328816,2143.6901069860323,2193.7772782672364,55.579367223764244,2138.1979110434722,0.0,False,WARNING,0.9,IDLE,362.0,0.0,0.0,0.0,2143.6901069860323
2024-01-20 18:15:00,2295.8963522791455,11.70838817169283,2284.187964107453,2253.0719442166555,33.918910987376314,2219.153033229279,0.0,False,WARNING,0.9,IDLE,362.0,0.0,0.0,0.0,2284.187964107453
2024-01-20 18:30:00,2408.975689289919,3.600340530676111e-22,2408.975689289919,2294.731335609686,12.432479948316228,2282.29885566137,0.0,False,CRITICAL,0.8426443740579374,DISCHARGING,362.0,0.0,108.97568928991905,0.0,2300.0
2024-01-20 18:45:00,2345.1540725219907,0.0,2345.1540725219907,2353.845811647231,3.3168415016886574,2350.5289701455426,50.528970145542644,False,CRITICAL,0.8426443740579374,RESERVED,177.0,0.0,129.10727677346267,0.0,2216.046795748528
2024-01-20 19:00:00,1972.3853024229552,0.0,1972.3853024229552,2325.618984020717,0.0,2325.618984020717,25.618984020717107,False,CRITICAL,0.8426443740579374,RESERVED,177.0,0.0,185.0,0.0,1787.3853024229552
2024-01-20 19:15:00,2098.519436642663,0.0,2098.519436642663,2226.958558026608,0.0,2226.958558026608,0.0,False,WARNING,0.8426443740579374,IDLE,72.0,0.0,207.02266256887242,0.0,1891.4967740737907
2024-01-20 19:30:00,2162.4356457725694,0.0,2162.4356457725694,2235.982468180313,0.0,2235.982468180313,0.0,False,WARNING,0.8426443740579374,IDLE,117.0,0.0,211.13868154057946,0.0,1951.29696423199
2024-01-20 19:45:00,2172.492959081718,0.0,2172.492959081718,2212.4065694616206,0.0,2212.4065694616206,0.0,False,WARNING,0.8426443740579374,IDLE,117.0,0.0,211.13868154057946,0.0,1961.3542775411383
2024-01-20 20:00:00,2084.883770248232,0.0,2084.883770248232,2180.5442465597193,0.0,2180.5442465597193,0.0,False,WARNING,0.8426443740579374,IDLE,117.0,0.0,211.13868154057946,0.0,1873.7450887076525
2024-01-20 20:15:00,2083.6588293957666,0.0,2083.6588293957666,2156.4656343501547,0.0,2156.4656343501547,0.0,False,WARNING,0.8426443740579374,IDLE,117.0,0.0,211.13868154057946,0.0,1872.5201478551871
2024-01-20 20:30:00,2080.7786183141966,0.0,2080.7786183141966,2119.308209431712,0.0,2119.308209431712,0.0,False,WARNING,0.8426443740579374,IDLE,117.0,0.0,127.03140476711678,0.0,1953.7472135470798
2024-01-20 20:45:00,2025.147177954655,0.0,2025.147177954655,2102.0029502640255,0.0,2102.0029502640255,0.0,False,WARNING,0.8426443740579374,IDLE,257.0,0.0,49.116018971707035,0.0,1976.031158982948
2024-01-20 21:00:00,2093.2626944057574,0.0,2093.2626944057574,2060.017366735608,0.0,2060.017366735608,0.0,False,WARNING,0.8426443740579374,IDLE,362.0,0.0,0.0,0.0,2093.2626944057574
2024-01-20 21:15:00,1904.900086483679,0.0,1904.900086483679,2028.5599305848748,0.0,2028.5599305848748,0.0,False,WARNING,0.8426443740579374,IDLE,362.0,0.0,0.0,0.0,1904.900086483679
2024-01-20 21:30:00,1904.3082468548655,0.0,1904.3082468548655,1929.5240286763524,0.0,1929.5240286763524,0.0,False,WATCH,0.8426443740579374,IDLE,362.0,0.0,0.0,0.0,1904.3082468548655
2024-01-20 21:45:00,1722.4116714751021,0.0,1722.4116714751021,1816.6325643941768,0.0,1816.6325643941768,0.0,False,WATCH,0.8426443740579374,IDLE,362.0,0.0,0.0,0.0,1722.4116714751021
2024-01-20 22:00:00,1640.4395441452953,0.0,1640.4395441452953,1707.7237847045683,0.0,1707.7237847045683,0.0,False,NORMAL,0.8426443740579374,IDLE,362.0,0.0,0.0,0.0,1640.4395441452953
2024-01-20 22:15:00,1461.6036593275544,0.0,1461.6036593275544,1587.279446409561,0.0,1587.279446409561,0.0,False,NORMAL,0.8426443740579374,IDLE,362.0,0.0,0.0,0.0,1461.6036593275544
2024-01-20 22:30:00,1332.02412759425,0.0,1332.02412759425,1450.9143899743597,0.0,1450.9143899743597,0.0,False,NORMAL,0.8426443740579374,IDLE,362.0,0.0,0.0,0.0,1332.02412759425
2024-01-20 22:45:00,1152.3707629797302,0.0,1152.3707629797302,1267.7586498164503,0.0,1267.7586498164503,0.0,False,NORMAL,0.8426443740579374,IDLE,362.0,0.0,0.0,0.0,1152.3707629797302
2024-01-20 23:00:00,1031.0861550250395,0.0,1031.0861550250395,1166.4590562517194,0.0,1166.4590562517194,0.0,False,NORMAL,0.8426443740579374,IDLE,362.0,0.0,0.0,0.0,1091.0861550250395
2024-01-20 23:15:00,997.5698234729075,0.0,997.5698234729075,1038.6033910326244,0.0,1038.6033910326244,0.0,False,NORMAL,0.8426443740579374,IDLE,362.0,0.0,0.0,0.0,1057.5698234729075
2024-01-20 23:30:00,973.5113056702313,0.0,973.5113056702313,1015.3302564138509,0.0,1015.3302564138509,0.0,False,NORMAL,0.8426443740579374,IDLE,362.0,0.0,0.0,0.0,1033.5113056702312
2024-01-20 23:45:00,910.0404776052287,0.0,910.0404776052287,949.3249166393982,0.0,949.3249166393982,0.0,False,NORMAL,0.8426443740579374,IDLE,362.0,0.0,0.0,0.0,970.0404776052287
2024-01-21 00:00:00,832.0854010323919,0.0,832.0854010323919,875.0223432229992,0.0,875.0223432229992,0.0,False,NORMAL,0.9,CHARGING,362.0,0.0,0.0,0.0,1012.8340872262081
2024-01-21 00:15:00,813.4596108562625,0.0,813.4596108562625,872.7530148312734,0.0,872.7530148312734,0.0,False,NORMAL,0.9,IDLE,362.0,0.0,0.0,0.0,873.4596108562625
2024-01-21 00:30:00,846.7592569406265,0.0,846.7592569406265,817.2081805768926,0.0,817.2081805768926,0.0,False,NORMAL,0.9,IDLE,362.0,0.0,0.0,0.0,906.7592569406265
2024-01-21 00:45:00,781.2355348153943,0.0,781.2355348153943,861.8364664180053,0.0,861.8364664180053,0.0,False,NORMAL,0.9,IDLE,362.0,0.0,0.0,0.0,841.2355348153943
2024-01-21 01:00:00,760.7831237358471,0.0,760.7831237358471,847.4935225456442,0.0,847.4935225456442,0.0,False,NORMAL,0.9,IDLE,362.0,0.0,0.0,0.0,820.7831237358471
2024-01-21 01:15:00,818.31689641689,0.0,818.31689641689,805.4737729040293,0.0,805.4737729040293,0.0,False,NORMAL,0.9,IDLE,362.0,0.0,0.0,0.0,878.31689641689
2024-01-21 01:30:00,780.2714256047806,0.0,780.2714256047806,845.5186401547617,0.0,845.5186401547617,0.0,False,NORMAL,0.9,IDLE,362.0,0.0,0.0,0.0,840.2714256047806
2024-01-21 01:45:00,794.1502887144965,0.0,794.1502887144965,818.5395105121819,0.0,818.5395105121819,0.0,False,NORMAL,0.9,IDLE,362.0,0.0,0.0,0.0,854.1502887144965
2024-01-21 02:00:00,771.8398734503597,0.0,771.8398734503597,812.62749257733,0.0,812.62749257733,0.0,False,NORMAL,0.9,IDLE,362.0,0.0,0.0,0.0,831.8398734503597
2024-01-21 02:15:00,856.6335575471635,0.0,856.6335575471635,828.2677671940239,0.0,828.2677671940239,0.0,False,NORMAL,0.9,IDLE,362.0,0.0,0.0,0.0,916.6335575471635
2024-01-21 02:30:00,722.1191866396384,0.0,722.1191866396384,837.552693236567,0.0,837.552693236567,0.0,False,NORMAL,0.9,IDLE,362.0,0.0,0.0,0.0,782.1191866396384
2024-01-21 02:45:00,907.8189715278608,0.0,907.8189715278608,819.6116638494758,0.0,819.6116638494758,0.0,False,NORMAL,0.9,IDLE,362.0,0.0,0.0,0.0,967.8189715278608
2024-01-21 03:00:00,853.871271589885,0.0,853.871271589885,866.8618541323125,0.0,866.8618541323125,0.0,False,NORMAL,0.9,IDLE,362.0,0.0,0.0,0.0,913.871271589885
2024-01-21 03:15:00,792.1535254375578,0.0,792.1535254375578,824.1357229414378,0.0,824.1357229414378,0.0,False,NORMAL,0.9,IDLE,362.0,0.0,0.0,0.0,852.1535254375578
2024-01-21 03:30:00,790.646462840189,0.0,790.646462840189,874.1363942724427,0.0,874.1363942724427,0.0,False,NORMAL,0.9,IDLE,362.0,0.0,0.0,0.0,850.646462840189
2024-01-21 03:45:00,827.7379442504885,0.0,827.7379442504885,814.5392013416259,0.0,814.5392013416259,0.0,False,NORMAL,0.9,IDLE,362.0,0.0,0.0,0.0,887.7379442504885
2024-01-21 04:00:00,831.9132995327336,0.0,831.9132995327336,861.5466792138077,0.0,861.5466792138077,0.0,False,NORMAL,0.9,IDLE,362.0,0.0,0.0,0.0,891.9132995327336
2024-01-21 04:15:00,823.8425837936688,0.0,823.8425837936688,849.9821196505347,0.0,849.9821196505347,0.0,False,NORMAL,0.9,IDLE,362.0,0.0,0.0,0.0,883.8425837936688
2024-01-21 04:30:00,852.5387569066041,0.0,852.5387569066041,812.8372198572055,0.0,812.8372198572055,0.0,False,NORMAL,0.9,IDLE,362.0,0.0,0.0,0.0,912.5387569066041
2024-01-21 04:45:00,801.4225472313553,0.0,801.4225472313553,844.4541295136174,0.0,844.4541295136174,0.0,False,NORMAL,0.9,IDLE,362.0,0.0,0.0,0.0,861.4225472313553
2024-01-21 05:00:00,758.1326634452323,0.0,758.1326634452323,830.4559749874314,0.0,830.4559749874314,0.0,False,NORMAL,0.9,IDLE,362.0,0.0,0.0,0.0,818.1326634452323
2024-01-21 05:15:00,872.1265880148029,0.0,872.1265880148029,854.4878305441215,0.0,854.4878305441215,0.0,False,NORMAL,0.9,IDLE,362.0,0.0,0.0,0.0,932.1265880148029
2024-01-21 05:30:00,982.2014429560808,0.0,982.2014429560808,931.6658052156837,0.0,931.6658052156837,0.0,False,NORMAL,0.9,IDLE,362.0,0.0,0.0,0.0,982.2014429560808
2024-01-21 05:45:00,1131.3556142253365,0.0,1131.3556142253365,1021.9021502847605,0.0,1021.9021502847605,0.0,False,NORMAL,0.9,IDLE,362.0,0.0,0.0,0.0,1131.3556142253365
2024-01-21 06:00:00,1179.7486560927032,3.6756852466429885e-22,1179.7486560927032,1136.12088485035,1.5418198951154455e-22,1136.12088485035,0.0,False,NORMAL,0.9,IDLE,362.0,0.0,0.0,0.0,1179.7486560927032
2024-01-21 06:15:00,1227.8436834378037,11.498352363626843,1216.345331074177,1226.8382169639656,5.460874001684013,1221.3773429622815,0.0,False,NORMAL,0.9,IDLE,362.0,0.0,0.0,0.0,1216.345331074177
2024-01-21 06:30:00,1421.4685142568985,34.0464813070547,1387.422032949844,1270.6695451495905,17.908935702605337,1252.7606094469852,0.0,False,NORMAL,0.9,IDLE,362.0,0.0,0.0,0.0,1387.422032949844
2024-01-21 06:45:00,1513.1627041225008,61.15176451875664,1452.0109396037442,1425.1393225706431,40.21369917917368,1384.9256233914693,0.0,False,NORMAL,0.9,IDLE,362.0,0.0,0.0,0.0,1452.0109396037442
2024-01-21 07:00:00,1628.7398931744806,95.4793093542103,1533.2605838202703,1499.6029995122672,64.95865589049262,1434.6443436217746,0.0,False,NORMAL,0.9,IDLE,362.0,0.0,0.0,0.0,1533.2605838202703
2024-01-21 07:15:00,1650.606218948445,132.33845119787242,1518.2677677505726,1583.9751547578455,94.0685902746138,1489.9065644832317,0.0,False,NORMAL,0.9,IDLE,362.0,0.0,0.0,0.0,1518.2677677505726
2024-01-21 07:30:00,1755.317496967225,179.64733386661393,1575.670163100611,1651.0043214222808,132.28730600559155,1518.7170154166893,0.0,False,NORMAL,0.9,IDLE,362.0,0.0,0.0,0.0,1575.670163100611
2024-01-21 07:45:00,1765.8010432806625,220.21339030174107,1545.5876529789214,1745.113107264335,174.20810505562508,1570.90500220871,0.0,False,NORMAL,0.9,IDLE,362.0,0.0,0.0,0.0,1545.5876529789214
2024-01-21 08:00:00,1731.076662611783,261.67086674445324,1469.4057958673297,1737.3115846083117,222.0008708073794,1515.3107138009323,0.0,False,NORMAL,0.9,IDLE,362.0,0.0,0.0,0.0,1469.4057958673297
2024-01-21 08:15:00,1790.6626668202612,233.7624391231169,1556.9002276971441,1755.904410299521,261.61840171466446,1494.2860085848565,0.0,False,NORMAL,0.9,IDLE,362.0,0.0,0.0,0.0,1556.9002276971441
2024-01-21 08:30:00,1762.9762975074457,338.7737293214678,1424.202568185978,1789.4934934791086,284.3043936677168,1505.1890998113918,0.0,False,NORMAL,0.9,IDLE,362.0,0.0,0.0,0.0,1424.202568185978
2024-01-21 08:45:00,1758.326862130499,369.2778434673107,1389.0490186631882,1796.6831110914022,223.91899622951922,1572.764114861883,0.0,False,NORMAL,0.9,IDLE,362.0,0.0,0.0,0.0,1389.0490186631882
2024-01-21 09:00:00,1299.7607363494683,441.2432815117265,858.5174548377418,1687.5547340846863,376.9118011758178,1310.6429329088685,0.0,False,NORMAL,0.9,IDLE,362.0,0.0,0.0,0.0,858.5174548377418
2024-01-21 09:15:00,1350.9048383031727,494.76193269074685,856.1429056124259,1588.8106491735587,432.03164361539535,1156.7790055581634,0.0,False,NORMAL,0.9,IDLE,362.0,0.0,0.0,0.0,856.1429056124259
2024-01-21 09:30:00,1368.5190008054958,364.4601424201682,1004.0588583853275,1542.3551996906544,483.28785133260664,1059.0673483580479,0.0,False,NORMAL,0.9,IDLE,362.0,0.0,0.0,0.0,1004.0588583853275
2024-01-21 09:45:00,1322.454946957254,555.9204848205852,766.5344621366687,1518.5237247599373,458.3454838962474,1060.17824086369,0.0,False,NORMAL,0.9,IDLE,362.0,0.0,0.0,0.0,766.5344621366687
2024-01-21 10:00:00,1523.330610661923,610.7706007544305,912.5600099074925,1485.603966638442,412.81273861273087,1072.791228025711,0.0,False,NORMAL,0.9,IDLE,362.0,0.0,0.0,0.0,912.5600099074925
2024-01-21 10:15:00,1503.4136435268356,635.3285241256358,868.0851194011998,1527.4474551609103,572.8659740139927,954.5814811469176,0.0,False,NORMAL,0.9,IDLE,362.0,0.0,0.0,0.0,868.0851194011998
2024-01-21 10:30:00,1471.868828091465,702.0621712447307,769.8066568467343,1540.7891203078411,621.829338359791,918.9597819480501,0.0,False,NORMAL,0.9,IDLE,362.0,0.0,0.0,0.0,769.8066568467343
2024-01-21 10:45:00,1504.2301879055171,721.8388371405658,782.3913507649513,1545.901831362442,654.2769223522705,891.6249090101715,0.0,False,NORMAL,0.9,IDLE,362.0,0.0,0.0,0.0,782.3913507649513
2024-01-21 11:00:00,1550.7363187935953,740.858836695216,809.8774820983792,1568.448623768629,701.451994938079,866.99662883055,0.0,False,NORMAL,0.9,IDLE,362.0,0.0,0.0,0.0,809.8774820983792
2024-01-21 11:15:00,1529.5661443659249,254.6992379018737,1274.8669064640512,1588.4927117532081,736.8379989282548,851.6547128249533,0.0,False,NORMAL,0.9,IDLE,362.0,0.0,0.0,0.0,1274.8669064640512
2024-01-21 11:30:00,1514.3554030084945,726.6339508733453,787.7214521351492,1590.0549504451233,585.4036424333445,1004.6513080117787,0.0,False,NORMAL,0.9,IDLE,362.0,0.0,0.0,0.0,787.7214521351492
2024-01-21 11:45:00,1504.0318143016439,782.5233983414205,721.5084159602234,1611.7569922742425,693.4526854094908,918.3043068647518,0.0,False,NORMAL,0.9,IDLE,362.0,0.0,0.0,0.0,721.5084159602234
2024-01-21 12:00:00,1488.4414846098587,782.8708597051594,705.5706249046992,1586.7819907504218,721.753506183254,865.0284845671678,0.0,False,NORMAL,0.9,IDLE,362.0,0.0,0.0,0.0,705.5706249046992
2024-01-21 12:15:00,1507.3023567414311,790.5534683791401,716.748888362291,1546.1677100128413,715.9824208898519,830.1852891229894,0.0,False,NORMAL,0.9,IDLE,362.0,0.0,0.0,0.0,716.748888362291
2024-01-21 12:30:00,1457.474034048614,785.5714205640604,671.9026134845535,1594.7439320063577,781.9670391348069,812.7768928715508,0.0,False,NORMAL,0.9,IDLE,362.0,0.0,0.0,0.0,671.9026134845535
2024-01-21 12:45:00,1482.0069900986089,777.68432364511,704.3226664534989,1557.1625598778667,765.3028889836446,791.8596708942221,0.0,False,NORMAL,0.9,IDLE,362.0,0.0,0.0,0.0,704.3226664534989
2024-01-21 13:00:00,1457.5108693475227,817.1375149263654,640.3733544211573,1567.2320370316986,752.3476425029389,814.8843945287597,0.0,False,NORMAL,0.9,IDLE,362.0,0.0,0.0,0.0,640.3733544211573
2024-01-21 13:15:00,1460.9072298097922,738.4360266259681,722.4712031838241,1557.3416164492573,767.0748299213936,790.2667865278637,0.0,False,NORMAL,0.9,IDLE,362.0,0.0,0.0,0.0,722.4712031838241
2024-01-21 13:30:00,1487.0356214943854,740.3582599125831,746.6773615818023,1570.960311630191,720.6445836448833,850.3157279853077,0.0,False,NORMAL,0.9,IDLE,362.0,0.0,0.0,0.0,746.6773615818023
2024-01-21 13:45:00,1503.9212658483402,686.2602993990218,817.6609664493184,1568.405884989381,708.3216542531364,860.0842307362446,0.0,False,NORMAL,0.9,IDLE,362.0,0.0,0.0,0.0,817.6609664493184
2024-01-21 14:00:00,1438.139900382831,402.4181889260867,1035.7217114567443,1542.8852151487804,678.8037815570138,864.0814335917665,0.0,False,NORMAL,0.9,IDLE,362.0,0.0,0.0,0.0,1035.7217114567443
2024-01-21 14:15:00,1485.9417551715346,502.2496124892383,983.6921426822963,1526.6857687515574,565.1595703526954,961.526198398862,0.0,False,NORMAL,0.9,IDLE,362.0,0.0,0.0,0.0,983.6921426822963
2024-01-21 14:30:00,1443.878102327757,608.9620964068752,834.9160059208818,1533.0302119406908,551.4778111493072,981.5524007913837,0.0,False,NORMAL,0.9,IDLE,362.0,0.0,0.0,0.0,834.9160059208818
2024-01-21 14:45:00,1484.9047635521906,593.2790782946663,891.6256852575243,1551.2487997067092,569.2386994327962,982.0101002739129,0.0,False,NORMAL,0.9,IDLE,362.0,0.0,0.0,0.0,891.6256852575243
2024-01-21 15:00:00,1497.7625328147287,164.98564834683097,1332.7768844678978,1586.508147478484,516.0231386632917,1070.4850088151925,0.0,False,NORMAL,0.9,IDLE,362.0,0.0,0.0,0.0,1332.7768844678978
2024-01-21 15:15:00,1463.0551572371655,476.1784509275054,986.8767063096601,1589.4701407701923,391.3206598820936,1198.1494808880987,0.0,False,NORMAL,0.9,IDLE,362.0,0.0,0.0,0.0,986.8767063096601
2024-01-21 15:30:00,1515.1259339428082,442.55224358648445,1072.5736903563238,1566.3847736071832,442.2285893925759,1124.1561842146073,0.0,False,NORMAL,0.9,IDLE,362.0,0.0,0.0,0.0,1072.5736903563238
2024-01-21 15:45:00,1533.79162240145,405.57459504012104,1128.217027361329,1581.1987233703217,402.056811532769,1179.1419118375527,0.0,False,NORMAL,0.9,IDLE,362.0,0.0,0.0,0.0,1128.217027361329
2024-01-21 16:00:00,1429.1346425116387,351.7715946731022,1077.3630478385367,1551.1721966843336,361.3622357917271,1189.8099608926066,0.0,False,NORMAL,0.9,IDLE,362.0,0.0,0.0,0.0,1077.3630478385367
2024-01-21 16:15:00,1525.3145380808166,316.2822538833071,1209.0322841975096,1570.1160197006643,272.7399481559666,1297.3760715446977,0.0,False,NORMAL,0.9,IDLE,362.0,0.0,0.0,0.0,1209.0322841975096
2024-01-21 16:30:00,1616.356557528699,254.46674850439766,1361.8898090243015,1643.6482811613405,299.86185606780566,1343.786425093535,0.0,False,NORMAL,0.9,IDLE,362.0,0.0,0.0,0.0,1361.8898090243015
2024-01-21 16:45:00,1706.7533246994083,208.3327042007623,1498.420620498646,1681.6482693843266,250.25273883704122,1431.3955305472853,0.0,False,NORMAL,0.9,IDLE,362.0,0.0,0.0,0.0,1498.420620498646
2024-01-21 17:00:00,1839.312680053075,175.02074970666,1664.291930346415,1771.1114056245924,213.8718569086542,1557.2395487159383,0.0,False,WATCH,0.9,IDLE,362.0,0.0,0.0,0.0,1664.291930346415
2024-01-21 17:15:00,1901.21688093559,133.0662943215444,1768.1505866140458,1884.0954897352399,163.78553726190904,1720.309952473331,0.0,False,WATCH,0.9,IDLE,362.0,0.0,0.0,0.0,1768.1505866140458
2024-01-21 17:30:00,1964.5998303494785,97.85980468033571,1866.7400256691428,1946.1120992621986,125.5373315468562,1820.5747677153424,0.0,False,WARNING,0.9,IDLE,362.0,0.0,0.0,0.0,1866.7400256691428
2024-01-21 17:45:00,1952.3019632187495,62.926489884051854,1889.3754733346977,2045.870481500315,90.24085242173206,1955.6296290785829,0.0,False,WARNING,0.9,IDLE,362.0,0.0,0.0,0.0,1889.3754733346977
2024-01-21 18:00:00,2124.7279821963616,24.73757846005394,2099.9904037363076,2057.1327006401852,59.522077412001266,1997.610623228184,0.0,False,WARNING,0.9,IDLE,362.0,0.0,0.0,0.0,2099.9904037363076
2024-01-21 18:15:00,2111.862485608298,6.450783924404237,2105.4117016838936,2173.2531183307774,29.671993898718277,2143.581124432059,0.0,False,WARNING,0.9,IDLE,362.0,0.0,0.0,0.0,2105.4117016838936
2024-01-21 18:30:00,2202.106682372885,3.7234732703416014e-22,2202.106682372885,2238.4064887733525,11.087645749451495,2227.318843023901,0.0,False,WARNING,0.9,IDLE,362.0,0.0,0.0,0.0,2202.106682372885
2024-01-21 18:45:00,2269.4117727300163,0.0,2269.4117727300163,2246.460330376368,2.634586750690113,2243.8257436256777,0.0,False,WARNING,0.9,IDLE,362.0,0.0,0.0,0.0,2269.4117727300163
2024-01-21 19:00:00,2268.685041774831,0.0,2268.685041774831,2110.757049902603,0.0,2110.757049902603,0.0,False,WARNING,0.9,IDLE,362.0,0.0,0.0,0.0,2268.685041774831
2024-01-21 19:15:00,2239.952437531695,0.0,2239.952437531695,2179.9049480163594,0.0,2179.9049480163594,0.0,False,WARNING,0.9,IDLE,362.0,0.0,0.0,0.0,2239.952437531695
2024-01-21 19:30:00,2192.6413428965066,0.0,2192.6413428965066,2212.3572652472126,0.0,2212.3572652472126,0.0,False,WARNING,0.9,IDLE,362.0,0.0,0.0,0.0,2192.6413428965066
2024-01-21 19:45:00,2306.547317752274,0.0,2306.547317752274,2205.9243502204677,0.0,2205.9243502204677,0.0,False,WARNING,0.8965540432882768,DISCHARGING,362.0,0.0,6.547317752274012,0.0,2300.0
2024-01-21 20:00:00,2188.0321407520305,0.0,2188.0321407520305,2189.452884718137,0.0,2189.452884718137,0.0,False,WARNING,0.8965540432882768,IDLE,317.0,0.0,6.547317752274012,0.0,2181.4848229997565
2024-01-21 20:15:00,2140.2088826937124,0.0,2140.2088826937124,2155.8158931580665,0.0,2155.8158931580665,0.0,False,WARNING,0.8965540432882768,IDLE,317.0,0.0,6.547317752274012,0.0,2133.6615649414384
2024-01-21 20:30:00,2105.5772933560957,0.0,2105.5772933560957,2133.1434937679323,0.0,2133.1434937679323,0.0,False,WARNING,0.8965540432882768,IDLE,317.0,0.0,6.547317752274012,0.0,2099.0299756038216
2024-01-21 20:45:00,2044.0092536674802,0.0,2044.0092536674802,2090.4520826118865,0.0,2090.4520826118865,0.0,False,WARNING,0.8965540432882768,IDLE,362.0,0.0,0.0,0.0,2044.0092536674802
2024-01-21 21:00:00,2035.7572571922126,0.0,2035.7572571922126,2086.526510959276,0.0,2086.526510959276,0.0,False,WARNING,0.8965540432882768,IDLE,362.0,0.0,0.0,0.0,2035.7572571922126
2024-01-21 21:15:00,1937.3153153594624,0.0,1937.3153153594624,1984.7960028647974,0.0,1984.7960028647974,0.0,False,WARNING,0.8965540432882768,IDLE,362.0,0.0,0.0,0.0,1937.3153153594624
2024-01-21 21:30:00,1898.0692218590186,0.0,1898.0692218590186,1946.6453542136744,0.0,1946.6453542136744,0.0,False,WATCH,0.8965540432882768,IDLE,362.0,0.0,0.0,0.0,1898.0692218590186
2024-01-21 21:45:00,1746.9404361889917,0.0,1746.9404361889917,1832.7899260027013,0.0,1832.7899260027013,0.0,False,WATCH,0.8965540432882768,IDLE,362.0,0.0,0.0,0.0,1746.9404361889917
2024-01-21 22:00:00,1603.552529956357,0.0,1603.552529956357,1738.7394344415006,0.0,1738.7394344415006,0.0,False,WATCH,0.8965540432882768,IDLE,362.0,0.0,0.0,0.0,1603.552529956357
2024-01-21 22:15:00,1540.8292886906522,0.0,1540.8292886906522,1588.198930139349,0.0,1588.198930139349,0.0,False,NORMAL,0.8965540432882768,IDLE,362.0,0.0,0.0,0.0,1540.8292886906522
2024-01-21 22:30:00,1304.0242494924846,0.0,1304.0242494924846,1481.4410402233962,0.0,1481.4410402233962,0.0,False,NORMAL,0.8965540432882768,IDLE,362.0,0.0,0.0,0.0,1304.0242494924846
2024-01-21 22:45:00,1117.3814447771572,0.0,1117.3814447771572,1296.3571228787034,0.0,1296.3571228787034,0.0,False,NORMAL,0.8965540432882768,IDLE,362.0,0.0,0.0,0.0,1117.3814447771572
2024-01-21 23:00:00,1012.1573519657519,0.0,1012.1573519657519,1145.5060587331277,0.0,1145.5060587331277,0.0,False,NORMAL,0.8965540432882768,IDLE,362.0,0.0,0.0,0.0,1072.1573519657518
2024-01-21 23:15:00,894.7945159805294,0.0,894.7945159805294,1059.3678001728351,0.0,1059.3678001728351,0.0,False,NORMAL,0.8965540432882768,IDLE,362.0,0.0,0.0,0.0,954.7945159805294
2024-01-21 23:30:00,901.9605866855316,0.0,901.9605866855316,968.8787750465785,0.0,968.8787750465785,0.0,False,NORMAL,0.8965540432882768,IDLE,362.0,0.0,0.0,0.0,961.9605866855316
2024-01-21 23:45:00,853.2277944476042,0.0,853.2277944476042,911.1443355993741,0.0,911.1443355993741,0.0,False,NORMAL,0.8965540432882768,IDLE,362.0,0.0,0.0,0.0,913.2277944476042
2024-01-22 00:00:00,733.1132912286669,0.0,733.1132912286669,845.3723150735365,0.0,845.3723150735365,0.0,False,NORMAL,0.9,CHARGING,362.0,0.0,0.0,0.0,800.3679369375578
2024-01-22 00:15:00,774.872068077306,0.0,774.872068077306,787.9689257373007,0.0,787.9689257373007,0.0,False,NORMAL,0.9,IDLE,362.0,0.0,0.0,0.0,834.872068077306
2024-01-22 00:30:00,727.256576015787,0.0,727.256576015787,808.8310740223,0.0,808.8310740223,0.0,False,NORMAL,0.9,IDLE,362.0,0.0,0.0,0.0,787.256576015787
2024-01-22 00:45:00,774.9227076051325,0.0,774.9227076051325,757.6472538787542,0.0,757.6472538787542,0.0,False,NORMAL,0.9,IDLE,362.0,0.0,0.0,0.0,834.9227076051325
2024-01-22 01:00:00,747.8060008952409,0.0,747.8060008952409,754.9328533993141,0.0,754.9328533993141,0.0,False,NORMAL,0.9,IDLE,362.0,0.0,0.0,0.0,807.8060008952409
2024-01-22 01:15:00,768.0833894649465,0.0,768.0833894649465,779.8391516792535,0.0,779.8391516792535,0.0,False,NORMAL,0.9,IDLE,362.0,0.0,0.0,0.0,828.0833894649465
2024-01-22 01:30:00,737.032476043707,0.0,737.032476043707,765.9021360764646,0.0,765.9021360764646,0.0,False,NORMAL,0.9,IDLE,362.0,0.0,0.0,0.0,797.032476043707
2024-01-22 01:45:00,735.6860466221975,0.0,735.6860466221975,767.4254614828279,0.0,767.4254614828279,0.0,False,NORMAL,0.9,IDLE,362.0,0.0,0.0,0.0,795.6860466221975
2024-01-22 02:00:00,796.2080985544457,0.0,796.2080985544457,756.44412857162,0.0,756.44412857162,0.0,False,NORMAL,0.9,IDLE,362.0,0.0,0.0,0.0,856.2080985544457
2024-01-22 02:15:00,691.3349553788348,0.0,691.3349553788348,812.6215148852687,0.0,812.6215148852687,0.0,False,NORMAL,0.9,IDLE,362.0,0.0,0.0,0.0,751.3349553788348
2024-01-22 02:30:00,749.6028793246605,0.0,749.6028793246605,721.0463690416066,0.0,721.0463690416066,0.0,False,NORMAL,0.9,IDLE,362.0,0.0,0.0,0.0,809.6028793246605
2024-01-22 02:45:00,750.8530995085656,0.0,750.8530995085656,820.6724318609336,0.0,820.6724318609336,0.0,False,NORMAL,0.9,IDLE,362.0,0.0,0.0,0.0,810.8530995085656
2024-01-22 03:00:00,700.8500015739189,0.0,700.8500015739189,797.7199768395349,0.0,797.7199768395349,0.0,False,NORMAL,0.9,IDLE,362.0,0.0,0.0,0.0,760.8500015739189
2024-01-22 03:15:00,731.4156384223932,0.0,731.4156384223932,749.2142221372002,0.0,749.2142221372002,0.0,False,NORMAL,0.9,IDLE,362.0,0.0,0.0,0.0,791.4156384223932
2024-01-22 03:30:00,729.036555177036,0.0,729.036555177036,759.5045243051624,0.0,759.5045243051624,0.0,False,NORMAL,0.9,IDLE,362.0,0.0,0.0,0.0,789.036555177036
2024-01-22 03:45:00,786.2937161768868,0.0,786.2937161768868,774.5983889563323,0.0,774.5983889563323,0.0,False,NORMAL,0.9,IDLE,362.0,0.0,0.0,0.0,846.2937161768868
2024-01-22 04:00:00,767.1009982791013,0.0,767.1009982791013,790.870082737067,0.0,790.870082737067,0.0,False,NORMAL,0.9,IDLE,362.0,0.0,0.0,0.0,827.1009982791013
2024-01-22 04:15:00,740.016427188755,0.0,740.016427188755,790.9281321699905,0.0,790.9281321699905,0.0,False,NORMAL,0.9,IDLE,362.0,0.0,0.0,0.0,800.016427188755
2024-01-22 04:30:00,790.6283649213898,0.0,790.6283649213898,797.4856854259169,0.0,797.4856854259169,0.0,False,NORMAL,0.9,IDLE,362.0,0.0,0.0,0.0,850.6283649213898
2024-01-22 04:45:00,750.2935443263433,0.0,750.2935443263433,790.1205355414088,0.0,790.1205355414088,0.0,False,NORMAL,0.9,IDLE,362.0,0.0,0.0,0.0,810.2935443263433
2024-01-22 05:00:00,759.1759369101122,0.0,759.1759369101122,759.0933182681534,0.0,759.0933182681534,0.0,False,NORMAL,0.9,IDLE,362.0,0.0,0.0,0.0,819.1759369101122
2024-01-22 05:15:00,824.8293283798973,0.0,824.8293283798973,812.8644586966735,0.0,812.8644586966735,0.0,False,NORMAL,0.9,IDLE,362.0,0.0,0.0,0.0,884.8293283798973
2024-01-22 05:30:00,960.5196575585599,0.0,960.5196575585599,886.1319562637005,0.0,886.1319562637005,0.0,False,NORMAL,0.9,IDLE,362.0,0.0,0.0,0.0,960.5196575585599
2024-01-22 05:45:00,1010.746643317542,0.0,1010.746643317542,998.9937389493202,0.0,998.9937389493202,0.0,False,NORMAL,0.9,IDLE,362.0,0.0,0.0,0.0,1010.746643317542
2024-01-22 06:00:00,1001.2335420113068,3.2488950013671202e-22,1001.2335420113068,1055.0624731465737,1.715319781766728e-22,1055.0624731465737,0.0,False,NORMAL,0.9,IDLE,362.0,0.0,0.0,0.0,1001.2335420113068
2024-01-22 06:15:00,1166.8003220873652,3.7909060897267115,1163.0094159976386,1096.2149528160758,5.365897769692527,1090.8490550463832,0.0,False,NORMAL,0.9,IDLE,362.0,0.0,0.0,0.0,1163.0094159976386
2024-01-22 06:30:00,1333.160002256799,24.14769502713342,1309.0123072296656,1251.0580170810729,17.057220654291264,1234.0007964267816,0.0,False,NORMAL,0.9,IDLE,362.0,0.0,0.0,0.0,1309.0123072296656
2024-01-22 06:45:00,1414.9183653002942,57.666895186165796,1357.2514701141283,1363.3412996295394,36.29893824959647,1327.042361379943,0.0,False,NORMAL,0.9,IDLE,362.0,0.0,0.0,0.0,1357.2514701141283
2024-01-22 07:00:00,1521.6788328213647,88.28294505621116,1433.3958877651535,1469.131869889218,64.66585380743761,1404.4660160817805,0.0,False,NORMAL,0.9,IDLE,362.0,0.0,0.0,0.0,1433.3958877651535
2024-01-22 07:15:00,1642.045054769976,117.76377510633296,1524.281279663643,1545.086366556736,96.11230997659108,1448.9740565801449,0.0,False,NORMAL,0.9,IDLE,362.0,0.0,0.0,0.0,1524.281279663643
2024-01-22 07:30:00,1687.4785907918663,160.84329847777397,1526.6352923140923,1657.2454990646886,134.3207144013317,1522.9247846633568,0.0,False,NORMAL,0.9,IDLE,362.0,0.0,0.0,0.0,1526.6352923140923
2024-01-22 07:45:00,1775.0586506971738,200.32038239193193,1574.738268305242,1700.6312406831657,174.33573378385196,1526.2955068993138,0.0,False,NORMAL,0.9,IDLE,362.0,0.0,0.0,0.0,1574.738268305242
2024-01-22 08:00:00,1834.3472363619303,227.13481514804835,1607.212421213882,1734.3815611654452,214.4526906049504,1519.9288705604947,0.0,False,NORMAL,0.9,IDLE,362.0,0.0,0.0,0.0,1607.212421213882
2024-01-22 08:15:00,1888.356481532885,93.26708411254006,1795.089397420345,1797.444825697118,218.9382216071962,1578.5066040899217,0.0,False,NORMAL,0.9,IDLE,362.0,0.0,0.0,0.0,1795.089397420345
2024-01-22 08:30:00,2023.9367966623754,228.43339010877636,1795.503406553599,1813.043560407275,235.2729402438527,1577.7706201634223,0.0,False,NORMAL,0.9,IDLE,362.0,0.0,0.0,0.0,1795.503406553599
2024-01-22 08:45:00,2128.3004575801633,378.52689786960326,1749.77355971056,1867.3736195486238,284.7151399930069,1582.6584795556169,0.0,False,NORMAL,0.9,IDLE,362.0,0.0,0.0,0.0,1749.77355971056
2024-01-22 09:00:00,1727.8439918657546,420.1647915126056,1307.679200353149,1703.6257234428674,366.1551920363085,1337.4705314065588,0.0,False,NORMAL,0.9,IDLE,362.0,0.0,0.0,0.0,1307.679200353149
2024-01-22 09:15:00,1724.120717523236,446.7427738948399,1277.377943628396,1625.5058403121243,415.8478992686535,1209.6579410434708,0.0,False,NORMAL,0.9,IDLE,362.0,0.0,0.0,0.0,1277.377943628396
2024-01-22 09:30:00,1730.864737570921,466.9480717395559,1263.9166658313652,1618.0658940181238,389.39976257595856,1228.6661314421654,0.0,False,NORMAL,0.9,IDLE,362.0,0.0,0.0,0.0,1263.9166658313652
2024-01-22 09:45:00,1737.7982540711594,527.2967353220563,1210.501518749103,1571.4745669777528,502.18341074925866,1069.2911562284942,0.0,False,NORMAL,0.9,IDLE,362.0,0.0,0.0,0.0,1210.501518749103
2024-01-22 10:00:00,1692.6630082204656,540.1904762272744,1152.4725319931913,1632.7525196517827,553.0857064599172,1079.6668131918655,0.0,False,NORMAL,0.9,IDLE,362.0,0.0,0.0,0.0,1152.4725319931913
2024-01-22 10:15:00,1660.9321938763,565.6954196638355,1095.2367742124645,1609.0205249059543,580.7959960722638,1028.2245288336903,0.0,False,NORMAL,0.9,IDLE,362.0,0.0,0.0,0.0,1095.2367742124645
2024-01-22 10:30:00,1723.3674277494815,568.4487233953162,1154.9187043541654,1578.504959626529,624.2105398319115,954.2944197946174,0.0,False,NORMAL,0.9,IDLE,362.0,0.0,0.0,0.0,1154.9187043541654
2024-01-22 10:45:00,1705.7625982374116,634.7677244879019,1070.9948737495097,1604.4209878198212,638.7651938668437,965.6557939529775,0.0,False,NORMAL,0.9,IDLE,362.0,0.0,0.0,0.0,1070.9948737495097
2024-01-22 11:00:00,1698.7041481990334,642.3025522264287,1056.4015959726048,1629.504535917423,670.477937327591,959.026598589832,0.0,False,NORMAL,0.9,IDLE,362.0,0.0,0.0,0.0,1056.4015959726048
2024-01-22 11:15:00,1745.9023521444742,674.7999715023678,1071.1023806421063,1618.6334801159853,453.14368423890676,1165.4897958770784,0.0,False,NORMAL,0.9,IDLE,362.0,0.0,0.0,0.0,1071.1023806421063
2024-01-22 11:30:00,1711.0521888008861,639.7813155881739,1071.270873212712,1629.0669760580647,689.2787165031062,939.7882595549585,0.0,False,NORMAL,0.9,IDLE,362.0,0.0,0.0,0.0,1071.270873212712
2024-01-22 11:45:00,1798.998928611745,701.0757995989486,1097.9231290127964,1615.2084067510048,711.9169271673568,903.291479583648,0.0,False,NORMAL,0.9,IDLE,362.0,0.0,0.0,0.0,1097.9231290127964
2024-01-22 12:00:00,1745.1373692849397,652.4379364050274,1092.6994328799124,1636.6190113630767,731.0736641094826,905.5453472535941,0.0,False,NORMAL,0.9,IDLE,362.0,0.0,0.0,0.0,1092.6994328799124
2024-01-22 12:15:00,1702.561017480458,728.8922154550708,973.6688020253873,1637.9646062917088,723.9223540343438,914.042252257365,0.0,False,NORMAL,0.9,IDLE,362.0,0.0,0.0,0.0,973.6688020253873
2024-01-22 12:30:00,1707.0356206374095,714.7848423365518,992.2507783008576,1599.9590511435551,743.238465576338,856.7205855672172,0.0,False,NORMAL,0.9,IDLE,362.0,0.0,0.0,0.0,992.2507783008576
2024-01-22 12:45:00,1637.072622500719,691.6908192667693,945.3818032339498,1612.519956401379,740.9759802642112,871.5439761371678,0.0,False,NORMAL,0.9,IDLE,362.0,0.0,0.0,0.0,945.3818032339498
2024-01-22 13:00:00,1702.3940553635541,698.7845114954507,1003.6095438681034,1572.0293612118237,753.2208619502846,818.808499261539,0.0,False,NORMAL,0.9,IDLE,362.0,0.0,0.0,0.0,1003.6095438681034
2024-01-22 13:15:00,1668.5240420535338,653.1104463188143,1015.4135957347195,1583.5697538962695,721.1393606038558,862.4303932924137,0.0,False,NORMAL,0.9,IDLE,362.0,0.0,0.0,0.0,1015.4135957347195
2024-01-22 13:30:00,1725.547866214723,330.12308151657413,1395.4247846981489,1586.1770898190043,706.3200571093665,879.8570327096378,0.0,False,NORMAL,0.9,IDLE,362.0,0.0,0.0,0.0,1395.4247846981489
2024-01-22 13:45:00,1655.0394977250662,647.9125902643162,1007.12690746075,1606.231436256622,574.8146762872664,1031.4167599693556,0.0,False,NORMAL,0.9,IDLE,362.0,0.0,0.0,0.0,1007.12690746075
2024-01-22 14:00:00,1690.1639223972247,551.1284111986967,1139.0355111985282,1562.5128613810773,511.4254250311156,1051.0874363499618,0.0,False,NORMAL,0.9,IDLE,362.0,0.0,0.0,0.0,1139.0355111985282
2024-01-22 14:15:00,1764.3380065250135,220.68895815670325,1543.6490483683103,1592.7686202149594,522.0209504031747,1070.7476698117848,0.0,False,NORMAL,0.9,IDLE,362.0,0.0,0.0,0.0,1543.6490483683103
2024-01-22 14:30:00,1776.7800187114779,547.2512036280291,1229.5288150834488,1597.7007164436484,461.78879294474365,1135.9119234989048,0.0,False,NORMAL,0.9,IDLE,362.0,0.0,0.0,0.0,1229.5288150834488
2024-01-22 14:45:00,1744.9225841342486,510.6067503548732,1234.3158337793755,1625.6643654184854,546.6179171427938,1079.0464482756915,0.0,False,NORMAL,0.9,IDLE,362.0,0.0,0.0,0.0,1234.3158337793755
2024-01-22 15:00:00,1724.1009071858343,498.2719033108723,1225.829003874962,1630.3539563403208,326.88315221583986,1303.470804124481,0.0,False,NORMAL,0.9,IDLE,362.0,0.0,0.0,0.0,1225.829003874962
2024-01-22 15:15:00,1790.6603075979597,424.5048954372655,1366.1554121606941,1613.1471361558663,466.0682621406849,1147.0788740151813,0.0,False,NORMAL,0.9,IDLE,362.0,0.0,0.0,0.0,1366.1554121606941
2024-01-22 15:30:00,1725.8765363764237,392.3293454667949,1333.5471909096289,1653.1906265299438,458.8378008367498,1194.352825693194,0.0,False,NORMAL,0.9,IDLE,362.0,0.0,0.0,0.0,1333.5471909096289
2024-01-22 15:45:00,1827.3797602729242,338.57127862990336,1488.8084816430207,1644.8456849701176,413.487173539628,1231.3585114304897,0.0,False,NORMAL,0.9,IDLE,362.0,0.0,0.0,0.0,1488.8084816430207
2024-01-22 16:00:00,1736.975039913198,332.49695569765197,1404.478084215546,1624.8373071263372,364.36685682961155,1260.4704502967256,0.0,False,NORMAL,0.9,IDLE,362.0,0.0,0.0,0.0,1404.478084215546
2024-01-22 16:15:00,1866.4825346395967,274.8090155918988,1591.673519047698,1648.5986886017674,340.8848491595654,1307.713839442202,0.0,False,NORMAL,0.9,IDLE,362.0,0.0,0.0,0.0,1591.673519047698
2024-01-22 16:30:00,1894.627565102087,232.91787718424013,1661.7096879178468,1726.231619273027,278.4191140017162,1447.8125052713108,0.0,False,NORMAL,0.9,IDLE,362.0,0.0,0.0,0.0,1661.7096879178468
2024-01-22 16:45:00,2046.4718037365737,195.79770526692982,1850.674098469644,1789.6084307316544,235.0962094932458,1554.5122212384085,0.0,False,WATCH,0.9,IDLE,362.0,0.0,0.0,0.0,1850.674098469644
2024-01-22 17:00:00,2033.637299368866,160.66400625573226,1872.9732931131339,1904.4126291351397,199.60916544378884,1704.8034636913508,0.0,False,WATCH,0.9,IDLE,362.0,0.0,0.0,0.0,1872.9732931131339
2024-01-22 17:15:00,2132.26746433567,122.51548678357588,2009.751977552094,1953.4713626752482,159.65010006322893,1793.8212626120194,0.0,False,WARNING,0.9,IDLE,362.0,0.0,0.0,0.0,2009.751977552094
2024-01-22 17:30:00,2183.82412995592,94.49295267412721,2089.331177281793,2029.0101979411381,122.75024936466455,1906.2599485764736,0.0,False,WARNING,0.9,IDLE,362.0,0.0,0.0,0.0,2089.331177281793
2024-01-22 17:45:00,2145.990645819033,58.03351706184388,2087.9571287571894,2056.433576185095,89.951506913519,1966.4820692715757,0.0,False,WARNING,0.9,IDLE,362.0,0.0,0.0,0.0,2087.9571287571894
2024-01-22 18:00:00,2241.929656839652,30.882338814985232,2211.0473180246668,2138.939872626379,52.59815095910535,2086.3417216672738,0.0,False,WARNING,0.9,IDLE,362.0,0.0,0.0,0.0,2211.0473180246668
2024-01-22 18:15:00,2201.5465566685366,10.918931149381814,2190.6276255191547,2168.642260785994,28.582357952840542,2140.0599028331535,0.0,False,WARNING,0.9,IDLE,362.0,0.0,0.0,0.0,2190.6276255191547
2024-01-22 18:30:00,2239.914457474011,3.34224920418878e-22,2239.914457474011,2206.739653670477,12.827790887366419,2193.9118627831103,0.0,False,WARNING,0.9,IDLE,362.0,0.0,0.0,0.0,2239.914457474011
2024-01-22 18:45:00,2275.690268789883,0.0,2275.690268789883,2247.659561512349,3.4246229538443314,2244.2349385585044,0.0,False,WARNING,0.9,IDLE,362.0,0.0,0.0,0.0,2275.690268789883
2024-01-22 19:00:00,2131.7363756243403,0.0,2131.7363756243403,2266.4991424694304,0.0,2266.4991424694304,0.0,False,CRITICAL,0.9,RESERVED,362.0,0.0,0.0,0.0,2131.7363756243403
2024-01-22 19:15:00,2191.5155839879303,0.0,2191.5155839879303,2209.052440301607,0.0,2209.052440301607,0.0,False,WARNING,0.9,IDLE,317.0,0.0,2.3221772988135854,0.0,2189.1934066891167
2024-01-22 19:30:00,2252.1535150086142,0.0,2252.1535150086142,2198.2994203231033,0.0,2198.2994203231033,0.0,False,WARNING,0.9,IDLE,317.0,0.0,2.3221772988135854,0.0,2249.8313377098007
2024-01-22 19:45:00,2193.1744130310685,0.0,2193.1744130310685,2267.0648349667545,0.0,2267.0648349667545,0.0,False,WARNING,0.9,IDLE,317.0,0.0,2.3221772988135854,0.0,2190.852235732255
2024-01-22 20:00:00,2138.5865568809677,0.0,2138.5865568809677,2189.212657832943,0.0,2189.212657832943,0.0,False,WARNING,0.9,IDLE,362.0,0.0,0.0,0.0,2138.5865568809677
2024-01-22 20:15:00,2103.5347554142545,0.0,2103.5347554142545,2156.1932957142853,0.0,2156.1932957142853,0.0,False,WARNING,0.9,IDLE,362.0,0.0,0.0,0.0,2103.5347554142545
2024-01-22 20:30:00,2084.936336117098,0.0,2084.936336117098,2123.8542987921105,0.0,2123.8542987921105,0.0,False,WARNING,0.9,IDLE,362.0,0.0,0.0,0.0,2084.936336117098
2024-01-22 20:45:00,2025.9862522942203,0.0,2025.9862522942203,2076.1087424050397,0.0,2076.1087424050397,0.0,False,WARNING,0.9,IDLE,362.0,0.0,0.0,0.0,2025.9862522942203
2024-01-22 21:00:00,1943.4374178784742,0.0,1943.4374178784742,2048.6605424575023,0.0,2048.6605424575023,0.0,False,WARNING,0.9,IDLE,362.0,0.0,0.0,0.0,1943.4374178784742
2024-01-22 21:15:00,1913.7847923919364,0.0,1913.7847923919364,1966.3905733993784,0.0,1966.3905733993784,0.0,False,WARNING,0.9,IDLE,362.0,0.0,0.0,0.0,1913.7847923919364
2024-01-22 21:30:00,1812.1694056370739,0.0,1812.1694056370739,1924.0754438373233,0.0,1924.0754438373233,0.0,False,WATCH,0.9,IDLE,362.0,0.0,0.0,0.0,1812.1694056370739
2024-01-22 21:45:00,1678.2805088683788,0.0,1678.2805088683788,1809.4291151809032,0.0,1809.4291151809032,0.0,False,WATCH,0.9,IDLE,362.0,0.0,0.0,0.0,1678.2805088683788
2024-01-22 22:00:00,1561.6532742275813,0.0,1561.6532742275813,1684.7789749509832,0.0,1684.7789749509832,0.0,False,NORMAL,0.9,IDLE,362.0,0.0,0.0,0.0,1561.6532742275813
2024-01-22 22:15:00,1410.74255065646,0.0,1410.74255065646,1598.327950965235,0.0,1598.327950965235,0.0,False,NORMAL,0.9,IDLE,362.0,0.0,0.0,0.0,1410.74255065646
2024-01-22 22:30:00,1268.3827027485788,0.0,1268.3827027485788,1412.4087935403934,0.0,1412.4087935403934,0.0,False,NORMAL,0.9,IDLE,362.0,0.0,0.0,0.0,1268.3827027485788
2024-01-22 22:45:00,1130.1504915964229,0.0,1130.1504915964229,1249.4360457488315,0.0,1249.4360457488315,0.0,False,NORMAL,0.9,IDLE,362.0,0.0,0.0,0.0,1130.1504915964229
2024-01-22 23:00:00,960.9899893823019,0.0,960.9899893823019,1125.6154410153379,0.0,1125.6154410153379,0.0,False,NORMAL,0.9,IDLE,362.0,0.0,0.0,0.0,1020.9899893823019
2024-01-22 23:15:00,920.7100753379432,0.0,920.7100753379432,983.471046457447,0.0,983.471046457447,0.0,False,NORMAL,0.9,IDLE,362.0,0.0,0.0,0.0,980.7100753379432
2024-01-22 23:30:00,901.0771961100944,0.0,901.0771961100944,939.4565771854625,0.0,939.4565771854625,0.0,False,NORMAL,0.9,IDLE,362.0,0.0,0.0,0.0,961.0771961100944
2024-01-22 23:45:00,951.3224725137177,0.0,951.3224725137177,885.0356398475072,0.0,885.0356398475072,0.0,False,NORMAL,0.9,IDLE,362.0,0.0,0.0,0.0,1011.3224725137177
2024-01-23 00:00:00,711.6971245725706,0.0,711.6971245725706,828.3007381452795,0.0,828.3007381452795,0.0,False,NORMAL,0.9,IDLE,362.0,0.0,0.0,0.0,771.6971245725706
2024-01-23 00:15:00,715.0745545730668,0.0,715.0745545730668,776.8708267430203,0.0,776.8708267430203,0.0,False,NORMAL,0.9,IDLE,362.0,0.0,0.0,0.0,775.0745545730668
2024-01-23 00:30:00,753.5019484463728,0.0,753.5019484463728,741.8328883317137,0.0,741.8328883317137,0.0,False,NORMAL,0.9,IDLE,362.0,0.0,0.0,0.0,813.5019484463728
2024-01-23 00:45:00,744.2386595434458,0.0,744.2386595434458,763.8811146683959,0.0,763.8811146683959,0.0,False,NORMAL,0.9,IDLE,362.0,0.0,0.0,0.0,804.2386595434458
2024-01-23 01:00:00,769.0084493827059,0.0,769.0084493827059,736.1144396751183,0.0,736.1144396751183,0.0,False,NORMAL,0.9,IDLE,362.0,0.0,0.0,0.0,829.0084493827059
2024-01-23 01:15:00,738.8781027440817,0.0,738.8781027440817,756.933365306768,0.0,756.933365306768,0.0,False,NORMAL,0.9,IDLE,362.0,0.0,0.0,0.0,798.8781027440817
2024-01-23 01:30:00,794.5749445127187,0.0,794.5749445127187,738.1380620447799,0.0,738.1380620447799,0.0,False,NORMAL,0.9,IDLE,362.0,0.0,0.0,0.0,854.5749445127187
2024-01-23 01:45:00,794.287620863078,0.0,794.287620863078,752.2081354747903,0.0,752.2081354747903,0.0,False,NORMAL,0.9,IDLE,362.0,0.0,0.0,0.0,854.287620863078
2024-01-23 02:00:00,697.2630555670594,0.0,697.2630555670594,790.548492363835,0.0,790.548492363835,0.0,False,NORMAL,0.9,IDLE,362.0,0.0,0.0,0.0,757.2630555670594
2024-01-23 02:15:00,726.9372459419458,0.0,726.9372459419458,713.7139464556295,0.0,713.7139464556295,0.0,False,NORMAL,0.9,IDLE,362.0,0.0,0.0,0.0,786.9372459419458
2024-01-23 02:30:00,782.5820093308547,0.0,782.5820093308547,745.6265808843536,0.0,745.6265808843536,0.0,False,NORMAL,0.9,IDLE,362.0,0.0,0.0,0.0,842.5820093308547
2024-01-23 02:45:00,715.7626068734205,0.0,715.7626068734205,757.9622596900983,0.0,757.9622596900983,0.0,False,NORMAL,0.9,IDLE,362.0,0.0,0.0,0.0,775.7626068734205
2024-01-23 03:00:00,743.4531098116389,0.0,743.4531098116389,712.4301191892208,0.0,712.4301191892208,0.0,False,NORMAL,0.9,IDLE,362.0,0.0,0.0,0.0,803.4531098116389
2024-01-23 03:15:00,837.9774000800745,0.0,837.9774000800745,737.5268760659552,0.0,737.5268760659552,0.0,False,NORMAL,0.9,IDLE,362.0,0.0,0.0,0.0,897.9774000800745
2024-01-23 03:30:00,770.5350143039594,0.0,770.5350143039594,765.5455276624814,0.0,765.5455276624814,0.0,False,NORMAL,0.9,IDLE,362.0,0.0,0.0,0.0,830.5350143039594
2024-01-23 03:45:00,781.6812261407504,0.0,781.6812261407504,776.0942661684524,0.0,776.0942661684524,0.0,False,NORMAL,0.9,IDLE,362.0,0.0,0.0,0.0,841.6812261407504
2024-01-23 04:00:00,727.3140823525673,0.0,727.3140823525673,777.564394550775,0.0,777.564394550775,0.0,False,NORMAL,0.9,IDLE,362.0,0.0,0.0,0.0,787.3140823525673
2024-01-23 04:15:00,773.2495962818966,0.0,773.2495962818966,750.6055469753106,0.0,750.6055469753106,0.0,False,NORMAL,0.9,IDLE,362.0,0.0,0.0,0.0,833.2495962818966
2024-01-23 04:30:00,775.9233432723341,0.0,775.9233432723341,777.7748391500685,0.0,777.7748391500685,0.0,False,NORMAL,0.9,IDLE,362.0,0.0,0.0,0.0,835.9233432723341
2024-01-23 04:45:00,738.8262750409096,0.0,738.8262750409096,761.6730284206957,0.0,761.6730284206957,0.0,False,NORMAL,0.9,IDLE,362.0,0.0,0.0,0.0,798.8262750409096
2024-01-23 05:00:00,819.0760758414262,0.0,819.0760758414262,753.2077961092751,0.0,753.2077961092751,0.0,False,NORMAL,0.9,IDLE,362.0,0.0,0.0,0.0,879.0760758414262
2024-01-23 05:15:00,877.830230734056,0.0,877.830230734056,807.185976175985,0.0,807.185976175985,0.0,False,NORMAL,0.9,IDLE,362.0,0.0,0.0,0.0,937.830230734056
2024-01-23 05:30:00,920.4878699090143,0.0,920.4878699090143,894.128927158952,0.0,894.128927158952,0.0,False,NORMAL,0.9,IDLE,362.0,0.0,0.0,0.0,920.4878699090143
2024-01-23 05:45:00,1023.2954600931275,0.0,1023.2954600931275,938.9345445846462,0.0,938.9345445846462,0.0,False,NORMAL,0.9,IDLE,362.0,0.0,0.0,0.0,1023.2954600931275
2024-01-23 06:00:00,1117.6076157360221,3.579721829907559e-22,1117.6076157360221,982.6917491155515,1.5161510006379894e-22,982.6917491155515,0.0,False,NORMAL,0.9,IDLE,362.0,0.0,0.0,0.0,1117.6076157360221
2024-01-23 06:15:00,1255.3668725106593,3.5244773659331234,1251.8423951447262,1104.9057219803465,1.769089508539132,1103.1366324718074,0.0,False,NORMAL,0.9,IDLE,362.0,0.0,0.0,0.0,1251.8423951447262
2024-01-23 06:30:00,1378.8409073215598,16.781968847560126,1362.0589384739997,1244.9306153069983,12.355638200491644,1232.5749771065066,0.0,False,NORMAL,0.9,IDLE,362.0,0.0,0.0,0.0,1362.0589384739997
2024-01-23 06:45:00,1407.6009629894925,60.93876952548693,1346.6621934640054,1349.9896890499133,32.37936459536951,1317.6103244545438,0.0,False,NORMAL,0.9,IDLE,362.0,0.0,0.0,0.0,1346.6621934640054
2024-01-23 07:00:00,1462.0326088814963,75.09102705905818,1386.9415818224381,1436.3014666397148,61.68036548104812,1374.6211011586668,0.0,False,NORMAL,0.9,IDLE,362.0,0.0,0.0,0.0,1386.9415818224381
2024-01-23 07:15:00,1574.0658713069017,54.291139671267345,1519.7747316356345,1531.9527194312416,84.87992970441334,1447.0727897268282,0.0,False,NORMAL,0.9,IDLE,362.0,0.0,0.0,0.0,1519.7747316356345
2024-01-23 07:30:00,1714.477951367086,169.34363747398874,1545.1343138930972,1603.854329207486,104.53428780761071,1499.3200413998752,0.0,False,NORMAL,0.9,IDLE,362.0,0.0,0.0,0.0,1545.1343138930972
2024-01-23 07:45:00,1794.709733009418,199.50834717945904,1595.201385829959,1701.717305759362,161.55721135869913,1540.160094400663,0.0,False,NORMAL,0.9,IDLE,362.0,0.0,0.0,0.0,1595.201385829959
2024-01-23 08:00:00,1933.011545627854,250.87269356816728,1682.1388520596868,1777.3387235496946,192.40513779978195,1584.9335857499127,0.0,False,NORMAL,0.9,IDLE,362.0,0.0,0.0,0.0,1682.1388520596868
2024-01-23 08:15:00,1976.4313339807363,297.3745454268724,1679.056788553864,1869.4652091114522,156.0508681956149,1713.4143409158373,0.0,False,NORMAL,0.9,IDLE,362.0,0.0,0.0,0.0,1679.056788553864
2024-01-23 08:30:00,2031.1099950488538,316.92093770844184,1714.1890573404119,1972.9490795704933,249.51690752132689,1723.4321720491664,0.0,False,NORMAL,0.9,IDLE,362.0,0.0,0.0,0.0,1714.1890573404119
2024-01-23 08:45:00,2128.839053615023,365.54220297071936,1763.296850644304,2059.6218223209034,335.1526710756555,1724.469151245248,0.0,False,NORMAL,0.9,IDLE,362.0,0.0,0.0,0.0,1763.296850644304
2024-01-23 09:00:00,1715.6836852573706,432.1956928513892,1283.4879924059815,1921.2144954014009,379.00582100400146,1542.2086743973994,0.0,False,NORMAL,0.9,IDLE,362.0,0.0,0.0,0.0,1283.4879924059815
2024-01-23 09:15:00,1821.9099350978213,474.7718404906647,1347.1380946071565,1805.6055229029114,422.0361617971582,1383.5693611057532,0.0,False,NORMAL,0.9,IDLE,362.0,0.0,0.0,0.0,1347.1380946071565
2024-01-23 09:30:00,1697.199587443107,479.36405814788816,1217.8355292952187,1816.2665532308517,452.9517294871105,1363.3148237437413,0.0,False,NORMAL,0.9,IDLE,362.0,0.0,0.0,0.0,1217.8355292952187
2024-01-23 09:45:00,1788.578624300965,553.7685957123358,1234.8100285886292,1761.6107042004485,494.93049709246975,1266.6802071079787,0.0,False,NORMAL,0.9,IDLE,362.0,0.0,0.0,0.0,1234.8100285886292
2024-01-23 10:00:00,1838.34603843161,578.3115943039179,1260.034444127692,1729.29529167151,532.0900212023226,1197.2052704691873,0.0,False,NORMAL,0.9,IDLE,362.0,0.0,0.0,0.0,1260.034444127692
2024-01-23 10:15:00,1752.6658048641464,434.3230933384616,1318.3427115256848,1734.8216145459924,560.5282816470669,1174.2933328989254,0.0,False,NORMAL,0.9,IDLE,362.0,0.0,0.0,0.0,1318.3427115256848
2024-01-23 10:30:00,1732.5851173599153,627.5622952872644,1105.0228220726508,1737.5426937546222,525.5563552681407,1211.9863384864816,0.0,False,NORMAL,0.9,IDLE,362.0,0.0,0.0,0.0,1105.0228220726508
2024-01-23 10:45:00,1765.0292933527026,532.6567553852342,1232.3725379674684,1725.3145196561172,611.1183643465524,1114.1961553095648,0.0,False,NORMAL,0.9,IDLE,362.0,0.0,0.0,0.0,1232.3725379674684
2024-01-23 11:00:00,1737.2633390539293,706.8414189221535,1030.4219201317758,1737.6869558665041,589.8552135389663,1147.831742327538,0.0,False,NORMAL,0.9,IDLE,362.0,0.0,0.0,0.0,1030.4219201317758
2024-01-23 11:15:00,1791.9776357225278,701.0658967292173,1090.9117389933103,1742.3862301296676,653.8586401907492,1088.5275899389185,0.0,False,NORMAL,0.9,IDLE,362.0,0.0,0.0,0.0,1090.9117389933103
2024-01-23 11:30:00,1701.5593300895341,724.0094637027923,977.5498663867418,1744.8272819159943,658.3308697785137,1086.4964121374805,0.0,False,NORMAL,0.9,IDLE,362.0,0.0,0.0,0.0,977.5498663867418
2024-01-23 11:45:00,1799.5229069166385,374.9282252351711,1424.5946816814674,1760.6550168663266,698.2744154814458,1062.3806013848807,0.0,False,NORMAL,0.9,IDLE,362.0,0.0,0.0,0.0,1424.5946816814674
2024-01-23 12:00:00,1685.449100614844,547.971547161059,1137.4775534537848,1759.1917097436444,583.275848191773,1175.9158615518713,0.0,False,NORMAL,0.9,IDLE,362.0,0.0,0.0,0.0,1137.4775534537848
2024-01-23 12:15:00,1740.944809177992,740.602905684255,1000.341903493737,1711.4802917862453,648.2498157258298,1063.2304760604156,0.0,False,NORMAL,0.9,IDLE,362.0,0.0,0.0,0.0,1000.341903493737
2024-01-23 12:30:00,1715.9944802817822,720.5868515787947,995.4076287029875,1722.3042559950923,683.4722013024399,1038.8320546926525,0.0,False,NORMAL,0.9,IDLE,362.0,0.0,0.0,0.0,995.4076287029875
2024-01-23 12:45:00,1744.600449040574,718.7371627251797,1025.8632863153944,1684.432857645857,670.2787991833637,1014.1540584624933,0.0,False,NORMAL,0.9,IDLE,362.0,0.0,0.0,0.0,1025.8632863153944
2024-01-23 13:00:00,1641.191261739808,726.376106390142,914.8151553496659,1717.4698133203722,697.4691371004293,1020.0006762199429,0.0,False,NORMAL,0.9,IDLE,362.0,0.0,0.0,0.0,914.8151553496659
2024-01-23 13:15:00,1742.5738437857256,724.5466975500724,1018.0271462356532,1673.3407293100558,692.8847703331959,980.45595897686,0.0,False,NORMAL,0.9,IDLE,362.0,0.0,0.0,0.0,1018.0271462356532
2024-01-23 13:30:00,1793.201070712478,661.762460461972,1131.438610250506,1725.1591387370781,539.8341099176135,1185.3250288194645,0.0,False,NORMAL,0.9,IDLE,362.0,0.0,0.0,0.0,1131.438610250506
2024-01-23 13:45:00,1644.2119802566533,284.90934683297456,1359.3026334236788,1707.631152615638,677.8344256903591,1029.796726925279,0.0,False,NORMAL,0.9,IDLE,362.0,0.0,0.0,0.0,1359.3026334236788
2024-01-23 14:00:00,1807.4983822206414,473.08337287214096,1334.4150093485005,1684.9861448689696,507.398123854048,1177.5880210149217,0.0,False,NORMAL,0.9,IDLE,362.0,0.0,0.0,0.0,1334.4150093485005
2024-01-23 14:15:00,1785.0737844504642,618.2650258041119,1166.8087586463523,1768.8116918964922,369.60868987035025,1399.203002026142,0.0,False,NORMAL,0.9,IDLE,362.0,0.0,0.0,0.0,1166.8087586463523
2024-01-23 14:30:00,1800.6076654398444,574.9814883939413,1225.6261770459032,1773.7378496963527,546.3138717071356,1227.423977989217,0.0,False,NORMAL,0.9,IDLE,362.0,0.0,0.0,0.0,1225.6261770459032
2024-01-23 14:45:00,1820.0569384309902,310.6468602974088,1509.4100781335815,1762.2682371245671,512.2888254780455,1249.9794116465216,0.0,False,NORMAL,0.9,IDLE,362.0,0.0,0.0,0.0,1509.4100781335815
2024-01-23 15:00:00,1770.7085613602922,500.4827844016545,1270.2257769586377,1774.1665171686952,449.0110913995374,1325.1554257691578,0.0,False,NORMAL,0.9,IDLE,362.0,0.0,0.0,0.0,1270.2257769586377
2024-01-23 15:15:00,1818.2599052919288,336.07161224128777,1482.188293050641,1788.5238028972697,459.6285901637708,1328.8952127334987,0.0,False,NORMAL,0.9,IDLE,362.0,0.0,0.0,0.0,1482.188293050641
2024-01-23 15:30:00,1826.9270434351429,420.8786969237957,1406.048346511347,1770.490258108791,385.6743079051024,1384.8159502036888,0.0,False,NORMAL,0.9,IDLE,362.0,0.0,0.0,0.0,1406.048346511347
2024-01-23 15:45:00,1796.7738570917986,191.65938332936705,1605.1144737624315,1825.7265441037184,376.2482326529968,1449.4783114507215,0.0,False,NORMAL,0.9,IDLE,362.0,0.0,0.0,0.0,1605.1144737624315
2024-01-23 16:00:00,1804.1285080343332,330.5929909471546,1473.5355170871785,1770.7307908478945,307.21922932755047,1463.511561520344,0.0,False,NORMAL,0.9,IDLE,362.0,0.0,0.0,0.0,1473.5355170871785
2024-01-23 16:15:00,1815.2943046876308,293.24688452757397,1522.0474201600568,1836.1680286827088,293.7712282143602,1542.3968004683486,0.0,False,NORMAL,0.9,IDLE,362.0,0.0,0.0,0.0,1522.0474201600568
2024-01-23 16:30:00,1919.3426710323154,242.54385884592918,1676.7988121863862,1851.1792000704368,263.33251747215866,1587.8466825982782,0.0,False,WATCH,0.9,IDLE,362.0,0.0,0.0,0.0,1676.7988121863862
2024-01-23 16:45:00,2063.0960224457663,156.59199572742259,1906.5040267183438,1952.6657976690703,226.3487189949682,1726.317078674102,0.0,False,WATCH,0.9,IDLE,362.0,0.0,0.0,0.0,1906.5040267183438
2024-01-23 17:00:00,2157.5036724602737,161.8625991503916,1995.6410733098821,2002.4480895717647,182.9456431853105,1819.5024463864543,0.0,False,WARNING,0.9,IDLE,362.0,0.0,0.0,0.0,1995.6410733098821
2024-01-23 17:15:00,2163.7969740895082,78.3490895619369,2085.447884527571,2097.9763679134085,156.37829985608445,1941.598068057324,0.0,False,WARNING,0.9,IDLE,362.0,0.0,0.0,0.0,2085.447884527571
2024-01-23 17:30:00,2185.3436242295224,91.310213780682,2094.0334104488406,2152.277348732679,104.4822509167403,2047.7950978159388,0.0,False,WARNING,0.9,IDLE,362.0,0.0,0.0,0.0,2094.0334104488406
2024-01-23 17:45:00,2222.0048872489706,59.64972392158935,2162.3551633273814,2162.390294841986,83.5117796646492,2078.878515177337,0.0,False,WARNING,0.9,IDLE,362.0,0.0,0.0,0.0,2162.3551633273814
2024-01-23 18:00:00,2193.9121525216397,33.695144868933,2160.217007652707,2228.469156624354,52.165756756888506,2176.3033998674655,0.0,False,WARNING,0.9,IDLE,362.0,0.0,0.0,0.0,2160.217007652707
2024-01-23 18:15:00,2283.4729741850533,11.58379758974933,2271.889176595304,2206.0577396529657,27.262751029793865,2178.794988623172,0.0,False,WARNING,0.9,IDLE,362.0,0.0,0.0,0.0,2271.889176595304
2024-01-23 18:30:00,2294.926450937936,3.7103790515302476e-22,2294.926450937936,2251.4857357524666,12.89599799995818,2238.5897377525084,0.0,False,WARNING,0.9,IDLE,362.0,0.0,0.0,0.0,2294.926450937936
2024-01-23 18:45:00,2315.8214200394314,0.0,2315.8214200394314,2276.2962150763037,4.829255638503744,2271.4669594378,0.0,False,WARNING,0.891672936821352,DISCHARGING,362.0,0.0,15.82142003943136,0.0,2300.0
2024-01-23 19:00:00,2241.532168188388,0.0,2241.532168188388,2219.2769527957294,0.0,2219.2769527957294,0.0,False,WARNING,0.891672936821352,IDLE,317.0,0.0,15.82142003943136,0.0,2225.7107481489566
2024-01-23 19:15:00,2260.794182145859,0.0,2260.794182145859,2234.269837130418,0.0,2234.269837130418,0.0,False,WARNING,0.891672936821352,IDLE,317.0,0.0,15.82142003943136,0.0,2244.9727621064276
2024-01-23 19:30:00,2228.3308799825845,0.0,2228.3308799825845,2264.472925823735,0.0,2264.472925823735,0.0,False,WARNING,0.891672936821352,IDLE,317.0,0.0,15.82142003943136,0.0,2212.509459943153
2024-01-23 19:45:00,2215.0838678791224,0.0,2215.0838678791224,2223.178939425711,0.0,2223.178939425711,0.0,False,WARNING,0.891672936821352,IDLE,362.0,0.0,0.0,0.0,2215.0838678791224
2024-01-23 20:00:00,2260.3675900494586,0.0,2260.3675900494586,2187.03155118721,0.0,2187.03155118721,0.0,False,WARNING,0.891672936821352,IDLE,362.0,0.0,0.0,0.0,2260.3675900494586
2024-01-23 20:15:00,2144.0626514763894,0.0,2144.0626514763894,2180.1934792712395,0.0,2180.1934792712395,0.0,False,WARNING,0.891672936821352,IDLE,362.0,0.0,0.0,0.0,2144.0626514763894
2024-01-23 20:30:00,2115.9893443953933,0.0,2115.9893443953933,2135.331641279015,0.0,2135.331641279015,0.0,False,WARNING,0.891672936821352,IDLE,362.0,0.0,0.0,0.0,2115.9893443953933
2024-01-23 20:45:00,2049.7061752365785,0.0,2049.7061752365785,2091.6209392086444,0.0,2091.6209392086444,0.0,False,WARNING,0.891672936821352,IDLE,362.0,0.0,0.0,0.0,2049.7061752365785
2024-01-23 21:00:00,2032.2123201886502,0.0,2032.2123201886502,2026.2601936632934,0.0,2026.2601936632934,0.0,False,WARNING,0.891672936821352,IDLE,362.0,0.0,0.0,0.0,2032.2123201886502
2024-01-23 21:15:00,1944.0124890063403,0.0,1944.0124890063403,1988.991694879788,0.0,1988.991694879788,0.0,False,WARNING,0.891672936821352,IDLE,362.0,0.0,0.0,0.0,1944.0124890063403
2024-01-23 21:30:00,1823.0996535864883,0.0,1823.0996535864883,1905.8669547264099,0.0,1905.8669547264099,0.0,False,WATCH,0.891672936821352,IDLE,362.0,0.0,0.0,0.0,1823.0996535864883
2024-01-23 21:45:00,1736.8276285024747,0.0,1736.8276285024747,1792.10378266673,0.0,1792.10378266673,0.0,False,WATCH,0.891672936821352,IDLE,362.0,0.0,0.0,0.0,1736.8276285024747
2024-01-23 22:00:00,1595.1624036308751,0.0,1595.1624036308751,1691.0612289083545,0.0,1691.0612289083545,0.0,False,NORMAL,0.891672936821352,IDLE,362.0,0.0,0.0,0.0,1595.1624036308751
2024-01-23 22:15:00,1399.5206390981655,0.0,1399.5206390981655,1555.2483460635667,0.0,1555.2483460635667,0.0,False,NORMAL,0.891672936821352,IDLE,362.0,0.0,0.0,0.0,1399.5206390981655
2024-01-23 22:30:00,1211.2321665511142,0.0,1211.2321665511142,1400.1218652047062,0.0,1400.1218652047062,0.0,False,NORMAL,0.891672936821352,IDLE,362.0,0.0,0.0,0.0,1211.2321665511142
2024-01-23 22:45:00,1184.1069330964938,0.0,1184.1069330964938,1243.9167156533028,0.0,1243.9167156533028,0.0,False,NORMAL,0.891672936821352,IDLE,362.0,0.0,0.0,0.0,1184.1069330964938
2024-01-23 23:00:00,988.7082123081718,0.0,988.7082123081718,1113.2492588517898,0.0,1113.2492588517898,0.0,False,NORMAL,0.891672936821352,IDLE,362.0,0.0,0.0,0.0,1048.7082123081718
2024-01-23 23:15:00,1025.9320122508498,0.0,1025.9320122508498,1002.1543999563825,0.0,1002.1543999563825,0.0,False,NORMAL,0.891672936821352,IDLE,362.0,0.0,0.0,0.0,1085.9320122508498
2024-01-23 23:30:00,877.919012941754,0.0,877.919012941754,973.2581799520423,0.0,973.2581799520423,0.0,False,NORMAL,0.891672936821352,IDLE,362.0,0.0,0.0,0.0,937.919012941754
2024-01-23 23:45:00,908.038630083342,0.0,908.038630083342,937.7837552555069,0.0,937.7837552555069,0.0,False,NORMAL,0.891672936821352,IDLE,362.0,0.0,0.0,0.0,968.038630083342
2024-01-24 00:00:00,720.608459959668,0.0,720.608459959668,813.2714454438561,0.0,813.2714454438561,0.0,False,NORMAL,0.9,CHARGING,362.0,0.0,0.0,0.0,798.1391192831377
2024-01-24 00:15:00,818.8614320677634,0.0,818.8614320677634,755.2251892505368,0.0,755.2251892505368,0.0,False,NORMAL,0.9,IDLE,362.0,0.0,0.0,0.0,878.8614320677634
2024-01-24 00:30:00,793.4884919269243,0.0,793.4884919269243,782.7162219141536,0.0,782.7162219141536,0.0,False,NORMAL,0.9,IDLE,362.0,0.0,0.0,0.0,853.4884919269243
2024-01-24 00:45:00,721.9522599400356,0.0,721.9522599400356,766.3266963128951,0.0,766.3266963128951,0.0,False,NORMAL,0.9,IDLE,362.0,0.0,0.0,0.0,781.9522599400356
2024-01-24 01:00:00,749.31964705532,0.0,749.31964705532,751.1680498819325,0.0,751.1680498819325,0.0,False,NORMAL,0.9,IDLE,362.0,0.0,0.0,0.0,809.31964705532
2024-01-24 01:15:00,820.0865736471322,0.0,820.0865736471322,744.7268874775842,0.0,744.7268874775842,0.0,False,NORMAL,0.9,IDLE,362.0,0.0,0.0,0.0,880.0865736471322
2024-01-24 01:30:00,753.542818755956,0.0,753.542818755956,790.443725567114,0.0,790.443725567114,0.0,False,NORMAL,0.9,IDLE,362.0,0.0,0.0,0.0,813.542818755956
2024-01-24 01:45:00,777.2325120677319,0.0,777.2325120677319,771.2554998206467,0.0,771.2554998206467,0.0,False,NORMAL,0.9,IDLE,362.0,0.0,0.0,0.0,837.2325120677319
2024-01-24 02:00:00,828.0542468741899,0.0,828.0542468741899,740.5999922747206,0.0,740.5999922747206,0.0,False,NORMAL,0.9,IDLE,362.0,0.0,0.0,0.0,888.0542468741899
2024-01-24 02:15:00,722.7017306410659,0.0,722.7017306410659,769.9877304633243,0.0,769.9877304633243,0.0,False,NORMAL,0.9,IDLE,362.0,0.0,0.0,0.0,782.7017306410659
2024-01-24 02:30:00,841.6677797279742,0.0,841.6677797279742,764.7698904787109,0.0,764.7698904787109,0.0,False,NORMAL,0.9,IDLE,362.0,0.0,0.0,0.0,901.6677797279742
2024-01-24 02:45:00,767.9846601543176,0.0,767.9846601543176,769.4870162571364,0.0,769.4870162571364,0.0,False,NORMAL,0.9,IDLE,362.0,0.0,0.0,0.0,827.9846601543176
2024-01-24 03:00:00,736.2918709071711,0.0,736.2918709071711,764.3757100535656,0.0,764.3757100535656,0.0,False,NORMAL,0.9,IDLE,362.0,0.0,0.0,0.0,796.2918709071711
2024-01-24 03:15:00,738.1204164719921,0.0,738.1204164719921,791.9401301028474,0.0,791.9401301028474,0.0,False,NORMAL,0.9,IDLE,362.0,0.0,0.0,0.0,798.1204164719921
2024-01-24 03:30:00,761.2700891011309,0.0,761.2700891011309,763.8269238509349,0.0,763.8269238509349,0.0,False,NORMAL,0.9,IDLE,362.0,0.0,0.0,0.0,821.2700891011309
2024-01-24 03:45:00,809.0130666656944,0.0,809.0130666656944,766.9451158312957,0.0,766.9451158312957,0.0,False,NORMAL,0.9,IDLE,362.0,0.0,0.0,0.0,869.0130666656944
2024-01-24 04:00:00,767.229734345646,0.0,767.229734345646,754.4644425212904,0.0,754.4644425212904,0.0,False,NORMAL,0.9,IDLE,362.0,0.0,0.0,0.0,827.229734345646
2024-01-24 04:15:00,832.5889671557882,0.0,832.5889671557882,771.7117341086674,0.0,771.7117341086674,0.0,False,NORMAL,0.9,IDLE,362.0,0.0,0.0,0.0,892.5889671557882
2024-01-24 04:30:00,724.9538160449218,0.0,724.9538160449218,792.563538082964,0.0,792.563538082964,0.0,False,NORMAL,0.9,IDLE,362.0,0.0,0.0,0.0,784.9538160449218
2024-01-24 04:45:00,773.3237142564378,0.0,773.3237142564378,749.8493858096782,0.0,749.8493858096782,0.0,False,NORMAL,0.9,IDLE,362.0,0.0,0.0,0.0,833.3237142564378
2024-01-24 05:00:00,703.4064352320862,0.0,703.4064352320862,796.0007269779178,0.0,796.0007269779178,0.0,False,NORMAL,0.9,IDLE,362.0,0.0,0.0,0.0,763.4064352320862
2024-01-24 05:15:00,882.4831327759593,0.0,882.4831327759593,802.3236229154152,0.0,802.3236229154152,0.0,False,NORMAL,0.9,IDLE,362.0,0.0,0.0,0.0,942.4831327759593
2024-01-24 05:30:00,975.9848484366519,0.0,975.9848484366519,866.1018834637198,0.0,866.1018834637198,0.0,False,NORMAL,0.9,IDLE,362.0,0.0,0.0,0.0,975.9848484366519
2024-01-24 05:45:00,1025.9122447576165,0.0,1025.9122447576165,954.8423231668252,0.0,954.8423231668252,0.0,False,NORMAL,0.9,IDLE,362.0,0.0,0.0,0.0,1025.9122447576165
2024-01-24 06:00:00,1051.298242225452,3.336571081992761e-22,1051.298242225452,1032.1819541554923,1.6705368539568609e-22,1032.1819541554923,0.0,False,NORMAL,0.9,IDLE,362.0,0.0,0.0,0.0,1051.298242225452
2024-01-24 06:15:00,1236.679518373258,10.859256953948034,1225.8202614193099,1129.538459843113,1.6447561041021244,1127.893703739011,0.0,False,NORMAL,0.9,IDLE,362.0,0.0,0.0,0.0,1225.8202614193099
2024-01-24 06:30:00,1318.8659581945212,31.97402152780755,1286.8919366667137,1261.0777074656696,11.179856356328703,1249.897851109341,0.0,False,NORMAL,0.9,IDLE,362.0,0.0,0.0,0.0,1286.8919366667137
2024-01-24 06:45:00,1452.1935733077844,55.774200705591355,1396.419372602193,1320.3551940950238,39.20168716246357,1281.1535069325603,0.0,False,NORMAL,0.9,IDLE,362.0,0.0,0.0,0.0,1396.419372602193
2024-01-24 07:00:00,1578.2028532784666,90.77203147895452,1487.4308217995122,1413.0267182665657,55.80896438526411,1357.2177538813016,0.0,False,NORMAL,0.9,IDLE,362.0,0.0,0.0,0.0,1487.4308217995122
2024-01-24 07:15:00,1582.6123270043367,126.60508326046565,1456.0072437438712,1533.0927955409793,61.54119815154798,1471.5515973894312,0.0,False,NORMAL,0.9,IDLE,362.0,0.0,0.0,0.0,1456.0072437438712
2024-01-24 07:30:00,1728.117678728127,154.15583598045453,1573.9618427476726,1626.1007556517923,132.9402859692011,1493.1604696825912,0.0,False,NORMAL,0.9,IDLE,362.0,0.0,0.0,0.0,1573.9618427476726
2024-01-24 07:45:00,1852.513815011239,195.85137847991163,1656.6624365313276,1729.137083025843,163.397887731472,1565.7391952943708,0.0,False,NORMAL,0.9,IDLE,362.0,0.0,0.0,0.0,1656.6624365313276
2024-01-24 08:00:00,1833.9222365952014,237.15272320494662,1596.7695133902548,1854.3924297834053,208.4225112564404,1645.9699185269649,0.0,False,WATCH,0.9,IDLE,362.0,0.0,0.0,0.0,1596.7695133902548
2024-01-24 08:15:00,1988.9852631333256,285.4157319392004,1703.5695311941251,1887.1473092438412,251.3430875736196,1635.8042216702215,0.0,False,NORMAL,0.9,IDLE,362.0,0.0,0.0,0.0,1703.5695311941251
2024-01-24 08:30:00,2036.100926072638,334.87252551641564,1701.2284005562224,1979.3629490619248,284.0302658791072,1695.3326831828176,0.0,False,WATCH,0.9,IDLE,362.0,0.0,0.0,0.0,1701.2284005562224
2024-01-24 08:45:00,2136.5869310575235,342.51690660336004,1794.0700244541636,2057.902947455027,332.31268787159564,1725.5902595834314,0.0,False,WATCH,0.9,IDLE,362.0,0.0,0.0,0.0,1794.0700244541636
2024-01-24 09:00:00,1809.8706664465585,128.53392991079593,1681.3367365357626,1908.2289876809782,376.48481713475735,1531.7441705462209,0.0,False,NORMAL,0.9,IDLE,362.0,0.0,0.0,0.0,1681.3367365357626
2024-01-24 09:15:00,1759.1564436597378,437.6808351436191,1321.4756085161187,1882.175543713521,338.2601238748753,1543.9154198386457,0.0,False,NORMAL,0.9,IDLE,362.0,0.0,0.0,0.0,1321.4756085161187
2024-01-24 09:30:00,1769.992041072034,229.18380586314788,1540.8082352088861,1789.7766459317259,421.9612022413333,1367.8154436903926,0.0,False,NORMAL,0.9,IDLE,362.0,0.0,0.0,0.0,1540.8082352088861
2024-01-24 09:45:00,1773.95544272992,508.32757678064365,1265.6278659492764,1809.572562059365,399.9217063163775,1409.6508557429875,0.0,False,NORMAL,0.9,IDLE,362.0,0.0,0.0,0.0,1265.6278659492764
2024-01-24 10:00:00,1722.8569643209016,557.030104671466,1165.8268596494356,1803.934619459791,486.9674763455334,1316.9671431142576,0.0,False,NORMAL,0.9,IDLE,362.0,0.0,0.0,0.0,1165.8268596494356
2024-01-24 10:15:00,1754.870830439861,460.79354850862046,1294.0772819312406,1741.3256353123543,465.23235068212165,1276.0932846302326,0.0,False,NORMAL,0.9,IDLE,362.0,0.0,0.0,0.0,1294.0772819312406
2024-01-24 10:30:00,1782.6739324629293,581.857475476944,1200.8164569859853,1737.622741678673,534.4470593959092,1203.1756822827638,0.0,False,NORMAL,0.9,IDLE,362.0,0.0,0.0,0.0,1200.8164569859853
2024-01-24 10:45:00,1760.3888249785387,690.3362666963866,1070.052558282152,1757.5637292551166,546.5955539501439,1210.9681753049726,0.0,False,NORMAL,0.9,IDLE,362.0,0.0,0.0,0.0,1070.052558282152
2024-01-24 11:00:00,1791.2906366553668,662.7317346522167,1128.5589020031503,1746.6294898676938,672.8064235353735,1073.8230663323202,0.0,False,NORMAL,0.9,IDLE,362.0,0.0,0.0,0.0,1128.5589020031503
2024-01-24 11:15:00,1793.370916151832,678.003987629134,1115.366928522698,1786.0863975378684,664.9799566696405,1121.1064408682278,0.0,False,NORMAL,0.9,IDLE,362.0,0.0,0.0,0.0,1115.366928522698
2024-01-24 11:30:00,1717.9443705126625,667.4000546786258,1050.5443158340368,1747.2967016698663,702.4365071691698,1044.8601945006965,0.0,False,NORMAL,0.9,IDLE,362.0,0.0,0.0,0.0,1050.5443158340368
2024-01-24 11:45:00,1721.8742695701565,705.9929684278198,1015.8813011423366,1770.5488495497325,537.2959982976182,1233.2528512521144,0.0,False,NORMAL,0.9,IDLE,362.0,0.0,0.0,0.0,1015.8813011423366
2024-01-24 12:00:00,1758.524907479306,703.3030837571505,1055.2218237221555,1716.2665495730248,626.8201160702835,1089.4464335027415,0.0,False,NORMAL,0.9,IDLE,362.0,0.0,0.0,0.0,1055.2218237221555
2024-01-24 12:15:00,1710.2877434475215,427.8309419776602,1282.4568014698614,1746.88011634774,721.8963856596899,1024.9837306880502,0.0,False,NORMAL,0.9,IDLE,362.0,0.0,0.0,0.0,1282.4568014698614
2024-01-24 12:30:00,1737.3725332682534,286.00919171061867,1451.3633415576346,1716.7645923464213,626.6999765315923,1090.064615814829,0.0,False,NORMAL,0.9,IDLE,362.0,0.0,0.0,0.0,1451.3633415576346
2024-01-24 12:45:00,1768.5183186430168,717.2198249591197,1051.298493683897,1738.384263393598,559.4323528953342,1178.9519104982637,0.0,False,NORMAL,0.9,IDLE,362.0,0.0,0.0,0.0,1051.298493683897
2024-01-24 13:00:00,1747.0576399306328,730.3802926053005,1016.6773473253323,1700.2489031600467,661.645270431942,1038.6036327281047,0.0,False,NORMAL,0.9,IDLE,362.0,0.0,0.0,0.0,1016.6773473253323
2024-01-24 13:15:00,1717.1064966993176,683.1829501317333,1033.9235465675843,1741.7245094547204,665.627279273223,1076.0972301814973,0.0,False,NORMAL,0.9,IDLE,362.0,0.0,0.0,0.0,1033.9235465675843
2024-01-24 13:30:00,1692.5139069605186,679.2392300404404,1013.2746769200783,1761.0654345387882,647.252998912159,1113.8124356266292,0.0,False,NORMAL,0.9,IDLE,362.0,0.0,0.0,0.0,1013.2746769200783
2024-01-24 13:45:00,1766.2516951594082,632.5689005757084,1133.6827945837,1682.1673932994247,502.30522254850786,1179.862170750917,0.0,False,NORMAL,0.9,IDLE,362.0,0.0,0.0,0.0,1133.6827945837
2024-01-24 14:00:00,1849.8171465531414,608.5459376823973,1241.271208870744,1773.8535653226734,572.6319473220367,1201.2216180006367,0.0,False,NORMAL,0.9,IDLE,362.0,0.0,0.0,0.0,1241.271208870744
2024-01-24 14:15:00,1803.505458960084,600.5439230954526,1202.9615358646315,1791.960200912851,631.7121593402068,1160.248041572644,0.0,False,NORMAL,0.9,IDLE,362.0,0.0,0.0,0.0,1202.9615358646315
2024-01-24 14:30:00,1792.2366984807647,577.4067150656379,1214.829983415127,1795.312009442336,606.3716801037173,1188.9403293386185,0.0,False,NORMAL,0.9,IDLE,362.0,0.0,0.0,0.0,1214.829983415127
2024-01-24 14:45:00,1754.8802052255126,535.9691974933152,1218.9110077321975,1809.3844537226753,458.5433397728476,1350.8411139498276,0.0,False,NORMAL,0.9,IDLE,362.0,0.0,0.0,0.0,1218.9110077321975
2024-01-24 15:00:00,1773.798703946495,464.112931397668,1309.685772548827,1777.5388929139028,529.4310092863691,1248.1078836275337,0.0,False,NORMAL,0.9,IDLE,362.0,0.0,0.0,0.0,1309.685772548827
2024-01-24 15:15:00,1843.3529652827356,440.3155752828298,1403.0373899999058,1798.4000906577833,425.68198544478906,1372.7181052129943,0.0,False,NORMAL,0.9,IDLE,362.0,0.0,0.0,0.0,1403.0373899999058
2024-01-24 15:30:00,1796.1225696444878,404.83674726792077,1391.285822376567,1822.0299041956284,446.65045052201793,1375.3794536736104,0.0,False,NORMAL,0.9,IDLE,362.0,0.0,0.0,0.0,1391.285822376567
2024-01-24 15:45:00,1817.7997908155983,357.94815035404383,1459.8516404615543,1795.8119561088,318.4846287947386,1477.3273273140612,0.0,False,NORMAL,0.9,IDLE,362.0,0.0,0.0,0.0,1459.8516404615543
2024-01-24 16:00:00,1819.9434662497029,166.68186253875768,1653.261603710945,1807.2756638264798,358.5358648548106,1448.7397989716692,0.0,False,NORMAL,0.9,IDLE,362.0,0.0,0.0,0.0,1653.261603710945
2024-01-24 16:15:00,1820.3447796263335,284.8868427302577,1535.4579368960758,1817.9718849524525,273.4868950603314,1544.4849898921211,0.0,False,WATCH,0.9,IDLE,362.0,0.0,0.0,0.0,1535.4579368960758
2024-01-24 16:30:00,1995.9689593567937,188.58236516045437,1807.3865941963393,1864.9824549636635,264.0476394400157,1600.9348155236478,0.0,False,WATCH,0.9,IDLE,362.0,0.0,0.0,0.0,1807.3865941963393
2024-01-24 16:45:00,2000.261883016448,206.90852548840763,1793.3533575280405,1989.1705708700342,185.28300196185938,1803.887568908175,0.0,False,WATCH,0.9,IDLE,362.0,0.0,0.0,0.0,1793.3533575280405
2024-01-24 17:00:00,2088.218632718136,156.76628126288728,1931.4523514552488,2048.9255939156064,181.07577421328924,1867.8498197023173,0.0,False,WARNING,0.9,IDLE,362.0,0.0,0.0,0.0,1931.4523514552488
2024-01-24 17:15:00,2189.145667938569,116.78901480930945,2072.35665312926,2092.2701440310925,130.58943358448337,1961.680710446609,0.0,False,WARNING,0.9,IDLE,362.0,0.0,0.0,0.0,2072.35665312926
2024-01-24 17:30:00,2288.3912833789054,88.85947230882608,2199.531811070079,2156.947997604672,114.52189164146978,2042.4261059632022,0.0,False,WARNING,0.9,IDLE,362.0,0.0,0.0,0.0,2199.531811070079
2024-01-24 17:45:00,2318.4250932576265,60.748964455233654,2257.6761288023927,2220.2134469603884,86.32482316316235,2133.888623797226,0.0,False,WARNING,0.9,IDLE,362.0,0.0,0.0,0.0,2257.6761288023927
2024-01-24 18:00:00,2290.650283380594,31.00374106430189,2259.646542316292,2240.3211202779253,60.489515780815395,2179.8316044971098,0.0,False,WARNING,0.9,IDLE,362.0,0.0,0.0,0.0,2259.646542316292
2024-01-24 18:15:00,2294.0403661898354,11.383427480142945,2282.6569387096924,2292.7261095526414,30.042875599567097,2262.6832339530743,0.0,False,CRITICAL,0.9,RESERVED,362.0,0.0,0.0,0.0,2282.6569387096924
2024-01-24 18:30:00,2318.5672804157284,2.401756455643026e-22,2318.5672804157284,2303.1844543637435,13.846345829729522,2289.338108534014,0.0,False,CRITICAL,0.9,RESERVED,317.0,0.0,19.394377831344627,0.0,2299.172902584384
2024-01-24 18:45:00,2384.776025278247,0.0,2384.776025278247,2320.8613389735115,3.421964612763016,2317.4393743607484,17.43937436074839,False,CRITICAL,0.8713627396213913,DISCHARGING,317.0,0.0,84.77602527824683,0.0,2300.0
2024-01-24 19:00:00,2270.5167539976715,0.0,2270.5167539976715,2304.4203146296004,0.0,2304.4203146296004,4.420314629600398,False,CRITICAL,0.8713627396213913,RESERVED,177.0,0.0,102.21539963899522,0.0,2168.3013543586762
2024-01-24 19:15:00,2341.5338623870116,0.0,2341.5338623870116,2283.4999484425366,0.0,2283.4999484425366,0.0,False,WARNING,0.8713627396213913,IDLE,177.0,0.0,103.64421109807381,0.0,2237.889651288938
2024-01-24 19:30:00,2273.095384626686,0.0,2273.095384626686,2285.8059077843664,0.0,2285.8059077843664,0.0,False,CRITICAL,0.8713627396213913,RESERVED,177.0,0.0,92.67335837052815,0.0,2180.422026256158
2024-01-24 19:45:00,2250.95046318427,0.0,2250.95046318427,2259.6851414106227,0.0,2259.6851414106227,0.0,False,WARNING,0.8713627396213913,IDLE,177.0,0.0,81.45209036206461,0.0,2169.4983728222055
2024-01-24 20:00:00,2204.2943995424966,0.0,2204.2943995424966,2265.377177837997,0.0,2265.377177837997,0.0,False,WARNING,0.8713627396213913,IDLE,177.0,0.0,81.45209036206461,0.0,2122.842309180432
2024-01-24 20:15:00,2200.489669140751,0.0,2200.489669140751,2195.00064390967,0.0,2195.00064390967,0.0,False,WARNING,0.8713627396213913,IDLE,177.0,0.0,81.45209036206461,0.0,2119.0375787786866
2024-01-24 20:30:00,2186.7308706098165,0.0,2186.7308706098165,2168.67684730531,0.0,2168.67684730531,0.0,False,WARNING,0.8713627396213913,IDLE,222.0,0.0,78.03858892941844,0.0,2108.692281680398
2024-01-24 20:45:00,2078.1444077029873,0.0,2078.1444077029873,2125.7967105721004,0.0,2125.7967105721004,0.0,False,WARNING,0.8713627396213913,IDLE,222.0,0.0,20.823189290423215,0.0,2057.321218412564
2024-01-24 21:00:00,2002.3316891875063,0.0,2002.3316891875063,2081.6569345542716,0.0,2081.6569345542716,0.0,False,WARNING,0.8713627396213913,IDLE,362.0,0.0,0.0,0.0,2002.3316891875063
2024-01-24 21:15:00,1942.359243094559,0.0,1942.359243094559,2004.833498097228,0.0,2004.833498097228,0.0,False,WARNING,0.8713627396213913,IDLE,362.0,0.0,0.0,0.0,1942.359243094559
2024-01-24 21:30:00,1862.1396225679287,0.0,1862.1396225679287,1915.1138009705423,0.0,1915.1138009705423,0.0,False,WATCH,0.8713627396213913,IDLE,362.0,0.0,0.0,0.0,1862.1396225679287
2024-01-24 21:45:00,1746.8619082487562,0.0,1746.8619082487562,1830.308460345414,0.0,1830.308460345414,0.0,False,WATCH,0.8713627396213913,IDLE,362.0,0.0,0.0,0.0,1746.8619082487562
2024-01-24 22:00:00,1589.366414815964,0.0,1589.366414815964,1711.8200629867122,0.0,1711.8200629867122,0.0,False,NORMAL,0.8713627396213913,IDLE,362.0,0.0,0.0,0.0,1589.366414815964
2024-01-24 22:15:00,1508.4237183472173,0.0,1508.4237183472173,1550.7654322448177,0.0,1550.7654322448177,0.0,False,NORMAL,0.8713627396213913,IDLE,362.0,0.0,0.0,0.0,1508.4237183472173
2024-01-24 22:30:00,1313.7352972160766,0.0,1313.7352972160766,1408.8680479183874,0.0,1408.8680479183874,0.0,False,NORMAL,0.8713627396213913,IDLE,362.0,0.0,0.0,0.0,1313.7352972160766
2024-01-24 22:45:00,1190.2581140402187,0.0,1190.2581140402187,1309.4190120117407,0.0,1309.4190120117407,0.0,False,NORMAL,0.8713627396213913,IDLE,362.0,0.0,0.0,0.0,1190.2581140402187
2024-01-24 23:00:00,976.4722224052427,0.0,976.4722224052427,1145.9622445414648,0.0,1145.9622445414648,0.0,False,NORMAL,0.8713627396213913,IDLE,362.0,0.0,0.0,0.0,1036.4722224052427
2024-01-24 23:15:00,953.5326466648062,0.0,953.5326466648062,1065.6563206816086,0.0,1065.6563206816086,0.0,False,NORMAL,0.8713627396213913,IDLE,362.0,0.0,0.0,0.0,1013.5326466648062
2024-01-24 23:30:00,948.7610820668101,0.0,948.7610820668101,947.1867510020638,0.0,947.1867510020638,0.0,False,NORMAL,0.8713627396213913,IDLE,362.0,0.0,0.0,0.0,1008.7610820668101
2024-01-24 23:45:00,919.4948183634548,0.0,919.4948183634548,932.6363952291296,0.0,932.6363952291296,0.0,False,NORMAL,0.8713627396213913,IDLE,362.0,0.0,0.0,0.0,979.4948183634548
2024-01-25 00:00:00,757.985272260695,0.0,757.985272260695,819.9578525342495,0.0,819.9578525342495,0.0,False,NORMAL,0.9,CHARGING,362.0,0.0,0.0,0.0,878.2742414788186
2024-01-25 00:15:00,766.9118262599077,0.0,766.9118262599077,813.285913211246,0.0,813.285913211246,0.0,False,NORMAL,0.9,IDLE,362.0,0.0,0.0,0.0,826.9118262599077
2024-01-25 00:30:00,722.8142556959058,0.0,722.8142556959058,792.7691579565477,0.0,792.7691579565477,0.0,False,NORMAL,0.9,IDLE,362.0,0.0,0.0,0.0,782.8142556959058
2024-01-25 00:45:00,764.7688593424393,0.0,764.7688593424393,733.7216570342536,0.0,733.7216570342536,0.0,False,NORMAL,0.9,IDLE,362.0,0.0,0.0,0.0,824.7688593424393
2024-01-25 01:00:00,809.8364280824633,0.0,809.8364280824633,748.3837075476462,0.0,748.3837075476462,0.0,False,NORMAL,0.9,IDLE,362.0,0.0,0.0,0.0,869.8364280824633
2024-01-25 01:15:00,824.7536896079332,0.0,824.7536896079332,796.4428953023222,0.0,796.4428953023222,0.0,False,NORMAL,0.9,IDLE,362.0,0.0,0.0,0.0,884.7536896079332
2024-01-25 01:30:00,806.1945574387289,0.0,806.1945574387289,773.684971256956,0.0,773.684971256956,0.0,False,NORMAL,0.9,IDLE,362.0,0.0,0.0,0.0,866.1945574387289
2024-01-25 01:45:00,781.15837122374,0.0,781.15837122374,788.2443718021997,0.0,788.2443718021997,0.0,False,NORMAL,0.9,IDLE,362.0,0.0,0.0,0.0,841.15837122374
2024-01-25 02:00:00,773.1288952213804,0.0,773.1288952213804,811.7315707895183,0.0,811.7315707895183,0.0,False,NORMAL,0.9,IDLE,362.0,0.0,0.0,0.0,833.1288952213804
2024-01-25 02:15:00,739.9782192282349,0.0,739.9782192282349,757.4783061917923,0.0,757.4783061917923,0.0,False,NORMAL,0.9,IDLE,362.0,0.0,0.0,0.0,799.9782192282349
2024-01-25 02:30:00,800.1477454647982,0.0,800.1477454647982,799.5747103996836,0.0,799.5747103996836,0.0,False,NORMAL,0.9,IDLE,362.0,0.0,0.0,0.0,860.1477454647982
2024-01-25 02:45:00,783.4885681131584,0.0,783.4885681131584,777.1746319128796,0.0,777.1746319128796,0.0,False,NORMAL,0.9,IDLE,362.0,0.0,0.0,0.0,843.4885681131584
2024-01-25 03:00:00,784.4994780949519,0.0,784.4994780949519,757.7038425490432,0.0,757.7038425490432,0.0,False,NORMAL,0.9,IDLE,362.0,0.0,0.0,0.0,844.4994780949519
2024-01-25 03:15:00,729.5090562192031,0.0,729.5090562192031,759.3592355931908,0.0,759.3592355931908,0.0,False,NORMAL,0.9,IDLE,362.0,0.0,0.0,0.0,789.5090562192031
2024-01-25 03:30:00,732.9912183482752,0.0,732.9912183482752,757.3811192848896,0.0,757.3811192848896,0.0,False,NORMAL,0.9,IDLE,362.0,0.0,0.0,0.0,792.9912183482752
2024-01-25 03:45:00,779.7548222268872,0.0,779.7548222268872,775.4741893563915,0.0,775.4741893563915,0.0,False,NORMAL,0.9,IDLE,362.0,0.0,0.0,0.0,839.7548222268872
2024-01-25 04:00:00,754.0807988441127,0.0,754.0807988441127,766.3867032225929,0.0,766.3867032225929,0.0,False,NORMAL,0.9,IDLE,362.0,0.0,0.0,0.0,814.0807988441127
2024-01-25 04:15:00,760.2207263348907,0.0,760.2207263348907,789.4049002351272,0.0,789.4049002351272,0.0,False,NORMAL,0.9,IDLE,362.0,0.0,0.0,0.0,820.2207263348907
2024-01-25 04:30:00,816.099220851625,0.0,816.099220851625,741.6117144225411,0.0,741.6117144225411,0.0,False,NORMAL,0.9,IDLE,362.0,0.0,0.0,0.0,876.099220851625
2024-01-25 04:45:00,779.0260847609043,0.0,779.0260847609043,784.0991411632507,0.0,784.0991411632507,0.0,False,NORMAL,0.9,IDLE,362.0,0.0,0.0,0.0,839.0260847609043
2024-01-25 05:00:00,825.1469844982805,0.0,825.1469844982805,743.043621126431,0.0,743.043621126431,0.0,False,NORMAL,0.9,IDLE,362.0,0.0,0.0,0.0,885.1469844982805
2024-01-25 05:15:00,876.1869911274025,0.0,876.1869911274025,844.2868917725558,0.0,844.2868917725558,0.0,False,NORMAL,0.9,IDLE,362.0,0.0,0.0,0.0,936.1869911274025
2024-01-25 05:30:00,950.7926439286024,0.0,950.7926439286024,908.9818285852474,0.0,908.9818285852474,0.0,False,NORMAL,0.9,IDLE,362.0,0.0,0.0,0.0,950.7926439286024
2024-01-25 05:45:00,989.7129764481879,0.0,989.7129764481879,959.1229139080835,0.0,959.1229139080835,0.0,False,NORMAL,0.9,IDLE,362.0,0.0,0.0,0.0,989.7129764481879
2024-01-25 06:00:00,1175.934222181006,3.908397586241448e-22,1175.934222181006,997.9258791018232,1.5570665049299552e-22,997.9258791018232,0.0,False,NORMAL,0.9,IDLE,362.0,0.0,0.0,0.0,1175.934222181006
2024-01-25 06:15:00,1279.5168769997017,12.237651463707694,1267.279225535994,1155.4156932136411,5.067653245175749,1150.3480399684654,0.0,False,NORMAL,0.9,IDLE,362.0,0.0,0.0,0.0,1267.279225535994
2024-01-25 06:30:00,1311.373683206886,33.34576427537598,1278.02791893151,1249.2893239242105,18.69448591428673,1230.5948380099237,0.0,False,NORMAL,0.9,IDLE,362.0,0.0,0.0,0.0,1278.02791893151
2024-01-25 06:45:00,1479.3442876081212,37.13529235730694,1442.2089952508143,1349.6519073824747,37.32937526949254,1312.3225321129821,0.0,False,NORMAL,0.9,IDLE,362.0,0.0,0.0,0.0,1442.2089952508143
2024-01-25 07:00:00,1503.3599525504126,90.4867826216457,1412.8731699287669,1485.899210795631,57.60894781193872,1428.2902629836922,0.0,False,NORMAL,0.9,IDLE,362.0,0.0,0.0,0.0,1412.8731699287669
2024-01-25 07:15:00,1676.739510746837,127.58586207198361,1549.1536486748532,1519.3699671781085,93.87568917125729,1425.4942780068511,0.0,False,NORMAL,0.9,IDLE,362.0,0.0,0.0,0.0,1549.1536486748532
2024-01-25 07:30:00,1718.8611668484739,160.35994051171505,1558.501226336759,1657.5196100689705,124.69235086760112,1532.8272592013693,0.0,False,NORMAL,0.9,IDLE,362.0,0.0,0.0,0.0,1558.501226336759
2024-01-25 07:45:00,1768.9746994222119,225.8274562119477,1543.1472432102642,1758.0327949477671,162.10895303598227,1595.9238419117848,0.0,False,NORMAL,0.9,IDLE,362.0,0.0,0.0,0.0,1543.1472432102642
2024-01-25 08:00:00,1889.7247055767518,260.43095558694387,1629.293749989808,1780.1126063572276,211.83745192810434,1568.2751544291232,0.0,False,NORMAL,0.9,IDLE,362.0,0.0,0.0,0.0,1629.293749989808
2024-01-25 08:15:00,2047.8758538479742,308.4540063409016,1739.4218475070725,1909.251599841518,256.00204982397906,1653.2495500175391,0.0,False,NORMAL,0.9,IDLE,362.0,0.0,0.0,0.0,1739.4218475070725
2024-01-25 08:30:00,2069.300486802337,350.65378559957486,1718.6467012027624,1996.954526010804,304.4317157817715,1692.5228102290325,0.0,False,WATCH,0.9,IDLE,362.0,0.0,0.0,0.0,1718.6467012027624
2024-01-25 08:45:00,2215.3222145528302,399.2095587949872,1816.1126557578432,2073.672548971274,333.257126177487,1740.415422793787,0.0,False,WATCH,0.9,IDLE,362.0,0.0,0.0,0.0,1816.1126557578432
2024-01-25 09:00:00,1769.9101756655305,437.79166557229354,1332.1185100932369,1990.6550822006782,257.4381739819031,1733.2169082187752,0.0,False,WATCH,0.9,IDLE,362.0,0.0,0.0,0.0,1332.1185100932369
2024-01-25 09:15:00,1702.7041891069903,163.44896773400984,1539.2552213729805,1852.4517030363404,424.2402859613019,1428.2114170750385,0.0,False,NORMAL,0.9,IDLE,362.0,0.0,0.0,0.0,1539.2552213729805
2024-01-25 09:30:00,1759.8195004642553,523.2584611585896,1236.5610393056656,1812.5696213887843,252.3114601052338,1560.2581612835504,0.0,False,NORMAL,0.9,IDLE,362.0,0.0,0.0,0.0,1236.5610393056656
2024-01-25 09:45:00,1835.769950808741,550.9096197487953,1284.8603310599456,1800.2272333753322,476.282724291341,1323.944509083991,0.0,False,NORMAL,0.9,IDLE,362.0,0.0,0.0,0.0,1284.8603310599456
2024-01-25 10:00:00,1767.2073370415217,597.4550658785171,1169.7522711630045,1758.822022646095,517.0086655849635,1241.8133570611317,0.0,False,NORMAL,0.9,IDLE,362.0,0.0,0.0,0.0,1169.7522711630045
2024-01-25 10:15:00,1767.6521820619769,637.7943414179427,1129.8578406440342,1754.1562234785374,494.67570517815926,1259.4805183003782,0.0,False,NORMAL,0.9,IDLE,362.0,0.0,0.0,0.0,1129.8578406440342
2024-01-25 10:30:00,1789.0129020106954,665.9363436389621,1123.0765583717334,1772.107811474628,598.7223280852754,1173.3854833893527,0.0,False,NORMAL,0.9,IDLE,362.0,0.0,0.0,0.0,1123.0765583717334
2024-01-25 10:45:00,1800.9399914395967,660.7250352547684,1140.2149561848282,1765.2964969054815,666.353643697557,1098.9428532079246,0.0,False,NORMAL,0.9,IDLE,362.0,0.0,0.0,0.0,1140.2149561848282
2024-01-25 11:00:00,1799.4540003202612,686.3868368226795,1113.0671634975818,1790.633741834258,660.4857163132326,1130.1480255210254,0.0,False,NORMAL,0.9,IDLE,362.0,0.0,0.0,0.0,1113.0671634975818
2024-01-25 11:15:00,1818.841648690775,758.9892665443847,1059.8523821463903,1795.6375625346166,687.6562214132113,1107.9813411214054,0.0,False,NORMAL,0.9,IDLE,362.0,0.0,0.0,0.0,1059.8523821463903
2024-01-25 11:30:00,1762.0142579440294,743.8508492185993,1018.1634087254301,1767.6386348881713,700.1476058152801,1067.4910290728913,0.0,False,NORMAL,0.9,IDLE,362.0,0.0,0.0,0.0,1018.1634087254301
2024-01-25 11:45:00,1739.7895827052698,775.4279999402403,964.3615827650295,1752.5377765994833,720.5530848334835,1031.9846917659997,0.0,False,NORMAL,0.9,IDLE,362.0,0.0,0.0,0.0,964.3615827650295
2024-01-25 12:00:00,1699.0915206690765,743.6906152164728,955.4009054526038,1761.2590536446853,734.7976084700867,1026.4614451745986,0.0,False,NORMAL,0.9,IDLE,362.0,0.0,0.0,0.0,955.4009054526038
2024-01-25 12:15:00,1786.2391023741732,737.0823142597357,1049.1567881144374,1721.216652041932,602.8698637211407,1118.3467883207913,0.0,False,NORMAL,0.9,IDLE,362.0,0.0,0.0,0.0,1049.1567881144374
2024-01-25 12:30:00,1727.4151191536434,749.4231675666276,977.9919515870158,1750.2135296501524,532.6703831353426,1217.54314651481,0.0,False,NORMAL,0.9,IDLE,362.0,0.0,0.0,0.0,977.9919515870158
2024-01-25 12:45:00,1700.2838982275687,756.9718848674285,943.3120133601402,1748.3313944655013,737.2733465506343,1011.058047914867,0.0,False,NORMAL,0.9,IDLE,362.0,0.0,0.0,0.0,943.3120133601402
2024-01-25 13:00:00,1750.0823004707975,735.7843362327644,1014.297964238033,1728.9568957628637,742.9338048829335,986.0230908799302,0.0,False,NORMAL,0.9,IDLE,362.0,0.0,0.0,0.0,1014.297964238033
2024-01-25 13:15:00,1747.9678731749996,366.410678611914,1381.5571945630854,1729.948876533857,713.667262627451,1016.2816139064059,0.0,False,NORMAL,0.9,IDLE,362.0,0.0,0.0,0.0,1381.5571945630854
2024-01-25 13:30:00,1774.6345250541178,719.0988612070776,1055.5356638470403,1716.2280041829338,598.2069444159824,1118.0210597669513,0.0,False,NORMAL,0.9,IDLE,362.0,0.0,0.0,0.0,1055.5356638470403
2024-01-25 13:45:00,1712.646081476447,729.7252655869837,982.9208158894634,1761.129536054559,652.4658441183492,1108.6636919362097,0.0,False,NORMAL,0.9,IDLE,362.0,0.0,0.0,0.0,982.9208158894634
2024-01-25 14:00:00,1825.6298510175986,671.7876801657164,1153.8421708518822,1788.2269803883032,642.1689520983399,1146.0580282899632,0.0,False,NORMAL,0.9,IDLE,362.0,0.0,0.0,0.0,1153.8421708518822
2024-01-25 14:15:00,1790.9540260449182,586.8165092434867,1204.1375168014315,1796.1531473279083,620.2308747563117,1175.9222725715967,0.0,False,NORMAL,0.9,IDLE,362.0,0.0,0.0,0.0,1204.1375168014315
2024-01-25 14:30:00,1827.4345194724772,617.2465573797534,1210.1879620927239,1788.145110805046,608.3736287715219,1179.771482033524,0.0,False,NORMAL,0.9,IDLE,362.0,0.0,0.0,0.0,1210.1879620927239
2024-01-25 14:45:00,1851.5546747874794,535.7422751964606,1315.8123995910187,1783.9984716984775,587.2064714836343,1196.792000214843,0.0,False,NORMAL,0.9,IDLE,362.0,0.0,0.0,0.0,1315.8123995910187
2024-01-25 15:00:00,1773.9322287745363,525.1819803452714,1248.750248429265,1808.5848954339835,519.6995233310811,1288.8853721029025,0.0,False,NORMAL,0.9,IDLE,362.0,0.0,0.0,0.0,1248.750248429265
2024-01-25 15:15:00,1811.666588630264,468.81046812554445,1342.8561205047195,1819.3232258667897,503.23522392478975,1316.088001942,0.0,False,NORMAL,0.9,IDLE,362.0,0.0,0.0,0.0,1342.8561205047195
2024-01-25 15:30:00,1744.2447031821926,464.84467626166287,1279.4000269205296,1806.8319861216141,455.34380594368605,1351.4881801779281,0.0,False,NORMAL,0.9,IDLE,362.0,0.0,0.0,0.0,1279.4000269205296
2024-01-25 15:45:00,1787.4685804738594,409.40352016346696,1378.0650603103925,1796.3953248409007,419.6043406784983,1376.7909841624023,0.0,False,NORMAL,0.9,IDLE,362.0,0.0,0.0,0.0,1378.0650603103925
2024-01-25 16:00:00,1813.5979220577844,339.78187619220637,1473.816045865578,1798.9559770027777,308.79268962538623,1490.1632873773915,0.0,False,NORMAL,0.9,IDLE,362.0,0.0,0.0,0.0,1473.816045865578
2024-01-25 16:15:00,1853.6554280332593,301.31486010986407,1552.3405679233952,1809.1947284995092,334.9644144148529,1474.2303140846564,0.0,False,NORMAL,0.9,IDLE,362.0,0.0,0.0,0.0,1552.3405679233952
2024-01-25 16:30:00,1927.7586350605216,170.72160243684763,1757.037032623674,1902.7526754994333,266.6485277257044,1636.104147773729,0.0,False,WATCH,0.9,IDLE,362.0,0.0,0.0,0.0,1757.037032623674
2024-01-25 16:45:00,1997.843604636725,219.80079911201253,1778.0428055247125,1936.1190852287248,223.34460380483486,1712.77448142389,0.0,False,WATCH,0.9,IDLE,362.0,0.0,0.0,0.0,1778.0428055247125
2024-01-25 17:00:00,2138.0592170249,61.09652038442967,2076.9626966404703,2012.4064997413877,195.45148970182933,1816.9550100395584,0.0,False,WARNING,0.9,IDLE,362.0,0.0,0.0,0.0,2076.9626966404703
2024-01-25 17:15:00,2185.662784900783,128.3976803786338,2057.2651045221496,2117.1493778824624,119.27247746463199,1997.8769004178305,0.0,False,WARNING,0.9,IDLE,362.0,0.0,0.0,0.0,2057.2651045221496
2024-01-25 17:30:00,2207.7976549167333,93.57989430558067,2114.2177606111527,2203.5276280685216,107.07083178209686,2096.456796286425,0.0,False,WARNING,0.9,IDLE,362.0,0.0,0.0,0.0,2114.2177606111527
2024-01-25 17:45:00,2288.0292539701277,62.542816493284874,2225.4864374768426,2244.7797398212397,81.07614614216608,2163.7035936790735,0.0,False,WARNING,0.9,IDLE,362.0,0.0,0.0,0.0,2225.4864374768426
2024-01-25 18:00:00,2293.14025860855,35.48449669307718,2257.655761915473,2273.39917557049,48.84740859968558,2224.5517669708047,0.0,False,CRITICAL,0.9,RESERVED,362.0,0.0,0.0,0.0,2257.655761915473
2024-01-25 18:15:00,2314.034511630949,12.289275569992375,2301.745236060957,2288.053172741032,32.43048039981052,2255.6226923412214,0.0,False,CRITICAL,0.9,RESERVED,317.0,0.0,39.32080505722843,0.0,2262.4244310037284
2024-01-25 18:30:00,2399.945502557033,3.609293970441226e-22,2399.945502557033,2313.0453366949873,15.488420530821685,2297.5569161641656,0.0,False,CRITICAL,0.8883785938279016,DISCHARGING,177.0,0.0,99.9455025570328,0.0,2300.0
2024-01-25 18:45:00,2441.0378397180148,0.0,2441.0378397180148,2377.532920319818,3.6980290852292215,2373.8348912345887,73.83489123458867,False,CRITICAL,0.8883785938279016,RESERVED,177.0,0.0,149.07327223226002,0.0,2291.9645674857547
2024-01-25 19:00:00,2265.999907647526,0.0,2265.999907647526,2342.7030280860567,2.4537346789783885,2340.2492934070783,40.24929340707831,False,CRITICAL,0.8883785938279016,RESERVED,177.0,0.0,145.67919494277157,0.0,2120.3207127047544
2024-01-25 19:15:00,2357.1647468675174,0.0,2357.1647468675174,2333.0090255082396,0.0,2333.0090255082396,33.009025508239574,False,CRITICAL,0.8883785938279016,RESERVED,72.0,0.0,220.852416489412,0.0,2136.3123303781053
2024-01-25 19:30:00,2304.763751013162,0.0,2304.763751013162,2324.623972563901,0.0,2324.623972563901,24.623972563901134,False,CRITICAL,0.8883785938279016,RESERVED,72.0,0.0,269.70329560733035,0.0,2035.0604554058318
2024-01-25 19:45:00,2252.0228023222335,0.0,2252.0228023222335,2292.5618492185527,0.0,2292.5618492185527,0.0,False,WARNING,0.8883785938279016,IDLE,12.0,0.0,297.03312617279835,0.0,1954.9896761494351
2024-01-25 20:00:00,2296.8516747369827,0.0,2296.8516747369827,2243.043277831324,0.0,2243.043277831324,0.0,False,WARNING,0.8883785938279016,IDLE,12.0,0.0,282.33629367947105,0.0,2014.5153810575116
2024-01-25 20:15:00,2287.7349221473023,0.0,2287.7349221473023,2253.402857535723,0.0,2253.402857535723,0.0,False,WARNING,0.8883785938279016,IDLE,57.0,0.0,243.7922679066537,0.0,2043.9426542406486
2024-01-25 20:30:00,2121.8321950608174,0.0,2121.8321950608174,2236.9972220554387,0.0,2236.9972220554387,0.0,False,WARNING,0.8883785938279016,IDLE,57.0,0.0,172.58382650443946,0.0,1949.248368556378
2024-01-25 20:45:00,2071.995453565843,0.0,2071.995453565843,2132.7238210127393,0.0,2132.7238210127393,0.0,False,WARNING,0.8883785938279016,IDLE,197.0,0.0,95.1254873045159,0.0,1976.8699662613271
2024-01-25 21:00:00,2102.4645527401885,0.0,2102.4645527401885,2075.5049547745416,0.0,2075.5049547745416,0.0,False,WARNING,0.8883785938279016,IDLE,197.0,0.0,51.953803129369135,0.0,2050.5107496108194
2024-01-25 21:15:00,1998.1052794946975,0.0,1998.1052794946975,2035.8953127651612,0.0,2035.8953127651612,0.0,False,WARNING,0.8883785938279016,IDLE,302.0,0.0,24.623972563901134,0.0,1973.4813069307963
2024-01-25 21:30:00,1917.6273094342596,0.0,1917.6273094342596,1952.1528747144732,0.0,1952.1528747144732,0.0,False,WATCH,0.8883785938279016,IDLE,362.0,0.0,0.0,0.0,1917.6273094342596
2024-01-25 21:45:00,1775.7595860219847,0.0,1775.7595860219847,1864.5505146836547,0.0,1864.5505146836547,0.0,False,WATCH,0.8883785938279016,IDLE,362.0,0.0,0.0,0.0,1775.7595860219847
2024-01-25 22:00:00,1626.4877780769566,0.0,1626.4877780769566,1733.3253358748996,0.0,1733.3253358748996,0.0,False,WATCH,0.8883785938279016,IDLE,362.0,0.0,0.0,0.0,1626.4877780769566
2024-01-25 22:15:00,1412.6655893219818,0.0,1412.6655893219818,1622.5291083279924,0.0,1622.5291083279924,0.0,False,NORMAL,0.8883785938279016,IDLE,362.0,0.0,0.0,0.0,1412.6655893219818
2024-01-25 22:30:00,1313.8953484345511,0.0,1313.8953484345511,1438.925446659693,0.0,1438.925446659693,0.0,False,NORMAL,0.8883785938279016,IDLE,362.0,0.0,0.0,0.0,1313.8953484345511
2024-01-25 22:45:00,1205.2336343598904,0.0,1205.2336343598904,1310.0143787653528,0.0,1310.0143787653528,0.0,False,NORMAL,0.8883785938279016,IDLE,362.0,0.0,0.0,0.0,1205.2336343598904
2024-01-25 23:00:00,1028.857358261806,0.0,1028.857358261806,1137.4931868843657,0.0,1137.4931868843657,0.0,False,NORMAL,0.8883785938279016,IDLE,362.0,0.0,0.0,0.0,1088.857358261806
2024-01-25 23:15:00,991.7408840845256,0.0,991.7408840845256,1039.9098362633013,0.0,1039.9098362633013,0.0,False,NORMAL,0.8883785938279016,IDLE,362.0,0.0,0.0,0.0,1051.7408840845255
2024-01-25 23:30:00,891.2634262333868,0.0,891.2634262333868,996.2667899094043,0.0,996.2667899094043,0.0,False,NORMAL,0.8883785938279016,IDLE,362.0,0.0,0.0,0.0,951.2634262333868
2024-01-25 23:45:00,922.6218244638685,0.0,922.6218244638685,928.3291383998754,0.0,928.3291383998754,0.0,False,NORMAL,0.8883785938279016,IDLE,362.0,0.0,0.0,0.0,982.6218244638685
2024-01-26 00:00:00,824.6086467029049,0.0,824.6086467029049,840.1944675277364,0.0,840.1944675277364,0.0,False,NORMAL,0.9,CHARGING,362.0,0.0,0.0,0.0,909.0747649599542
2024-01-26 00:15:00,795.1478271479409,0.0,795.1478271479409,810.6320564867849,0.0,810.6320564867849,0.0,False,NORMAL,0.9,IDLE,362.0,0.0,0.0,0.0,855.1478271479409
2024-01-26 00:30:00,835.6039196644379,0.0,835.6039196644379,769.5110071011874,0.0,769.5110071011874,0.0,False,NORMAL,0.9,IDLE,362.0,0.0,0.0,0.0,895.6039196644379
2024-01-26 00:45:00,787.4343715509683,0.0,787.4343715509683,796.2706935902357,0.0,796.2706935902357,0.0,False,NORMAL,0.9,IDLE,362.0,0.0,0.0,0.0,847.4343715509683
2024-01-26 01:00:00,822.9208832090462,0.0,822.9208832090462,799.6078631697599,0.0,799.6078631697599,0.0,False,NORMAL,0.9,IDLE,362.0,0.0,0.0,0.0,882.9208832090462
2024-01-26 01:15:00,781.568261883167,0.0,781.568261883167,815.3409819013239,0.0,815.3409819013239,0.0,False,NORMAL,0.9,IDLE,362.0,0.0,0.0,0.0,841.568261883167
2024-01-26 01:30:00,790.6892105256497,0.0,790.6892105256497,798.7560197649198,0.0,798.7560197649198,0.0,False,NORMAL,0.9,IDLE,362.0,0.0,0.0,0.0,850.6892105256497
2024-01-26 01:45:00,800.1320593089717,0.0,800.1320593089717,784.5978272584891,0.0,784.5978272584891,0.0,False,NORMAL,0.9,IDLE,362.0,0.0,0.0,0.0,860.1320593089717
2024-01-26 02:00:00,802.3630374434208,0.0,802.3630374434208,786.4838495241598,0.0,786.4838495241598,0.0,False,NORMAL,0.9,IDLE,362.0,0.0,0.0,0.0,862.3630374434208
2024-01-26 02:15:00,796.079545638245,0.0,796.079545638245,770.538870816015,0.0,770.538870816015,0.0,False,NORMAL,0.9,IDLE,362.0,0.0,0.0,0.0,856.079545638245
2024-01-26 02:30:00,784.4264639868095,0.0,784.4264639868095,797.4020687369239,0.0,797.4020687369239,0.0,False,NORMAL,0.9,IDLE,362.0,0.0,0.0,0.0,844.4264639868095
2024-01-26 02:45:00,845.4039713271106,0.0,845.4039713271106,787.6881857591858,0.0,787.6881857591858,0.0,False,NORMAL,0.9,IDLE,362.0,0.0,0.0,0.0,905.4039713271106
2024-01-26 03:00:00,805.6209951676867,0.0,805.6209951676867,804.7653794456502,0.0,804.7653794456502,0.0,False,NORMAL,0.9,IDLE,362.0,0.0,0.0,0.0,865.6209951676867
2024-01-26 03:15:00,757.7686531657134,0.0,757.7686531657134,771.4573249445995,0.0,771.4573249445995,0.0,False,NORMAL,0.9,IDLE,362.0,0.0,0.0,0.0,817.7686531657134
2024-01-26 03:30:00,828.1472804475816,0.0,828.1472804475816,758.8949588989495,0.0,758.8949588989495,0.0,False,NORMAL,0.9,IDLE,362.0,0.0,0.0,0.0,888.1472804475816
2024-01-26 03:45:00,843.2890777878265,0.0,843.2890777878265,799.96049533287,0.0,799.96049533287,0.0,False,NORMAL,0.9,IDLE,362.0,0.0,0.0,0.0,903.2890777878265
2024-01-26 04:00:00,769.5373348356077,0.0,769.5373348356077,791.1541732408289,0.0,791.1541732408289,0.0,False,NORMAL,0.9,IDLE,362.0,0.0,0.0,0.0,829.5373348356077
2024-01-26 04:15:00,820.6371643018035,0.0,820.6371643018035,774.5754461730654,0.0,774.5754461730654,0.0,False,NORMAL,0.9,IDLE,362.0,0.0,0.0,0.0,880.6371643018035
2024-01-26 04:30:00,785.108968095253,0.0,785.108968095253,817.6799082133956,0.0,817.6799082133956,0.0,False,NORMAL,0.9,IDLE,362.0,0.0,0.0,0.0,845.108968095253
2024-01-26 04:45:00,807.0400087698663,0.0,807.0400087698663,787.2743035117171,0.0,787.2743035117171,0.0,False,NORMAL,0.9,IDLE,362.0,0.0,0.0,0.0,867.0400087698663
2024-01-26 05:00:00,810.9638453396798,0.0,810.9638453396798,811.7056928601029,0.0,811.7056928601029,0.0,False,NORMAL,0.9,IDLE,362.0,0.0,0.0,0.0,870.9638453396798
2024-01-26 05:15:00,880.9087135180054,0.0,880.9087135180054,841.0557436072899,0.0,841.0557436072899,0.0,False,NORMAL,0.9,IDLE,362.0,0.0,0.0,0.0,940.9087135180054
2024-01-26 05:30:00,967.8455712138964,0.0,967.8455712138964,894.8724736739432,0.0,894.8724736739432,0.0,False,NORMAL,0.9,IDLE,362.0,0.0,0.0,0.0,967.8455712138964
2024-01-26 05:45:00,1052.00384145304,0.0,1052.00384145304,947.4455938243727,0.0,947.4455938243727,0.0,False,NORMAL,0.9,IDLE,362.0,0.0,0.0,0.0,1052.00384145304
2024-01-26 06:00:00,1160.0630859553537,3.6751531149052765e-22,1160.0630859553537,1075.5418989342318,1.8239188735793426e-22,1075.5418989342318,0.0,False,NORMAL,0.9,IDLE,362.0,0.0,0.0,0.0,1160.0630859553537
2024-01-26 06:15:00,1277.9556395232846,11.532236446962365,1266.4234030763223,1176.0079088439618,5.710904016396924,1170.297004827565,0.0,False,NORMAL,0.9,IDLE,362.0,0.0,0.0,0.0,1266.4234030763223
2024-01-26 06:30:00,1408.0235281621274,15.366560938186643,1392.6569672239407,1251.3756916990358,19.117129566322188,1232.2585621327137,0.0,False,NORMAL,0.9,IDLE,362.0,0.0,0.0,0.0,1392.6569672239407
2024-01-26 06:45:00,1508.553372812723,60.86183340113416,1447.6915394115888,1395.1604690921724,23.02884575993098,1372.1316233322414,0.0,False,NORMAL,0.9,IDLE,362.0,0.0,0.0,0.0,1447.6915394115888
2024-01-26 07:00:00,1644.237536017814,66.98391370626625,1577.2536223115476,1466.9346928106875,63.234463637546774,1403.7002291731408,0.0,False,NORMAL,0.9,IDLE,362.0,0.0,0.0,0.0,1577.2536223115476
2024-01-26 07:15:00,1773.38573434647,95.2956355486319,1678.090098797838,1616.9733391575778,87.50682825854805,1529.4665108990298,0.0,False,NORMAL,0.9,IDLE,362.0,0.0,0.0,0.0,1678.090098797838
2024-01-26 07:30:00,1809.3467029394963,170.48308923252551,1638.8636137069707,1704.800876421824,116.15181887009412,1588.6490575517298,0.0,False,WATCH,0.9,IDLE,362.0,0.0,0.0,0.0,1638.8636137069707
2024-01-26 07:45:00,1893.1304816136533,194.61325365852056,1698.5172279551327,1767.618050698468,176.54688063360697,1591.0711700648612,0.0,False,NORMAL,0.9,IDLE,362.0,0.0,0.0,0.0,1698.5172279551327
2024-01-26 08:00:00,2016.529124389458,108.28487827317619,1908.2442461162818,1872.166015059792,209.27041902590295,1662.895596033889,0.0,False,WATCH,0.9,IDLE,362.0,0.0,0.0,0.0,1908.2442461162818
2024-01-26 08:15:00,2098.6283584235075,306.7134454892613,1791.9149129342463,2001.811564069357,215.41073271878253,1786.4008313505744,0.0,False,WATCH,0.9,IDLE,362.0,0.0,0.0,0.0,1791.9149129342463
2024-01-26 08:30:00,2137.5594097409626,332.0780605102691,1805.4813492306935,2054.1339085628365,297.27268337922106,1756.8612251836155,0.0,False,WATCH,0.9,IDLE,362.0,0.0,0.0,0.0,1805.4813492306935
2024-01-26 08:45:00,2280.6737867836723,383.2255800621801,1897.4482067214922,2155.874680843351,337.9679483783785,1817.9067324649727,0.0,False,WATCH,0.9,IDLE,362.0,0.0,0.0,0.0,1897.4482067214922
2024-01-26 09:00:00,1839.6727026206709,412.17357164983844,1427.4991309708325,2009.1196355479287,383.04576529964476,1626.073870248284,0.0,False,WATCH,0.9,IDLE,362.0,0.0,0.0,0.0,1427.4991309708325
2024-01-26 09:15:00,1797.4022161674316,438.17294950806433,1359.229266659367,1860.564857778319,286.1487358176649,1574.4161219606542,0.0,False,NORMAL,0.9,IDLE,362.0,0.0,0.0,0.0,1359.229266659367
2024-01-26 09:30:00,1873.5535446480321,494.51202363077215,1379.04152101726,1851.7066075568987,468.9849650933725,1382.7216424635262,0.0,False,NORMAL,0.9,IDLE,362.0,0.0,0.0,0.0,1379.04152101726
2024-01-26 09:45:00,1887.5963857433678,535.2799633158133,1352.3164224275545,1880.189116734529,507.4980402624698,1372.6910764720592,0.0,False,NORMAL,0.9,IDLE,362.0,0.0,0.0,0.0,1352.3164224275545
2024-01-26 10:00:00,1808.7006464723315,573.9290365760734,1234.7716098962583,1815.5114534001902,553.2214428745773,1262.290010525613,0.0,False,NORMAL,0.9,IDLE,362.0,0.0,0.0,0.0,1234.7716098962583
2024-01-26 10:15:00,1833.4222473025354,595.7265665829458,1237.6956807195897,1793.3340208772063,589.2613875066519,1204.0726333705543,0.0,False,NORMAL,0.9,IDLE,362.0,0.0,0.0,0.0,1237.6956807195897
2024-01-26 10:30:00,1835.2664324751472,629.3982625086576,1205.8681699664896,1810.8931100183931,619.7941188420556,1191.0989911763377,0.0,False,NORMAL,0.9,IDLE,362.0,0.0,0.0,0.0,1205.8681699664896
2024-01-26 10:45:00,1841.3402814275064,670.1375570258892,1171.2027244016172,1810.10557464191,634.9001384304096,1175.2054362115005,0.0,False,NORMAL,0.9,IDLE,362.0,0.0,0.0,0.0,1171.2027244016172
2024-01-26 11:00:00,1884.2491068436448,677.4794308676062,1206.7696759760386,1817.949079878254,666.5564201146267,1151.3926597636273,0.0,False,NORMAL,0.9,IDLE,362.0,0.0,0.0,0.0,1206.7696759760386
2024-01-26 11:15:00,1906.6714996402593,724.3847341764515,1182.2867654638078,1844.003602028732,710.068690676981,1133.934911351751,0.0,False,NORMAL,0.9,IDLE,362.0,0.0,0.0,0.0,1182.2867654638078
2024-01-26 11:30:00,1799.2012767617953,456.35129010675433,1342.849986655041,1826.7295125422845,722.8708262824956,1103.858686259789,0.0,False,NORMAL,0.9,IDLE,362.0,0.0,0.0,0.0,1342.849986655041
2024-01-26 11:45:00,1805.8646279527436,791.6600478818401,1014.2045800709035,1788.8206966130463,661.8595255112951,1126.961171101751,0.0,False,NORMAL,0.9,IDLE,362.0,0.0,0.0,0.0,1014.2045800709035
2024-01-26 12:00:00,1814.5513631594845,770.6849780643379,1043.8663850951466,1770.343610706332,731.6538638794206,1038.6897468269112,0.0,False,NORMAL,0.9,IDLE,362.0,0.0,0.0,0.0,1043.8663850951466
2024-01-26 12:15:00,1844.4498257434554,753.1741375645398,1091.2756881789155,1806.5408122624585,731.072790073561,1075.4680221888975,0.0,False,NORMAL,0.9,IDLE,362.0,0.0,0.0,0.0,1091.2756881789155
2024-01-26 12:30:00,1781.5874402357067,731.6364719651712,1049.9509682705357,1780.5855300535557,734.4492403885207,1046.1362896650348,0.0,False,NORMAL,0.9,IDLE,362.0,0.0,0.0,0.0,1049.9509682705357
2024-01-26 12:45:00,1829.0001559397338,745.4058412440772,1083.5943146956565,1752.1605909478278,755.0479498276403,997.1126411201875,0.0,False,NORMAL,0.9,IDLE,362.0,0.0,0.0,0.0,1083.5943146956565
2024-01-26 13:00:00,1749.4051743137945,735.0751790753063,1014.3299952384882,1786.922946391586,744.2204711533611,1042.702475238225,0.0,False,NORMAL,0.9,IDLE,362.0,0.0,0.0,0.0,1014.3299952384882
2024-01-26 13:15:00,1812.5276800505067,701.7865079114364,1110.7411721390704,1762.0379338973214,565.3815827771838,1196.6563511201375,0.0,False,NORMAL,0.9,IDLE,362.0,0.0,0.0,0.0,1110.7411721390704
2024-01-26 13:30:00,1783.628644612509,709.8097260015755,1073.8189186109335,1788.711511995886,724.8979839403731,1063.813528055513,0.0,False,NORMAL,0.9,IDLE,362.0,0.0,0.0,0.0,1073.8189186109335
2024-01-26 13:45:00,1859.7400760105115,642.2420790712061,1217.4979969393053,1753.28480527105,721.4605822799339,1031.8242229911161,0.0,False,NORMAL,0.9,IDLE,362.0,0.0,0.0,0.0,1217.4979969393053
2024-01-26 14:00:00,1931.5211409410567,638.8397521060522,1292.6813888350046,1825.4801280805343,671.1477184217077,1154.3324096588267,0.0,False,NORMAL,0.9,IDLE,362.0,0.0,0.0,0.0,1292.6813888350046
2024-01-26 14:15:00,1842.0457352113503,623.6001245047149,1218.4456107066353,1839.877685023662,623.147133855898,1216.7305511677641,0.0,False,NORMAL,0.9,IDLE,362.0,0.0,0.0,0.0,1218.4456107066353
2024-01-26 14:30:00,1840.3366256846816,575.0996861198053,1265.2369395648764,1840.8013465684364,627.941816465279,1212.8595301031573,0.0,False,NORMAL,0.9,IDLE,362.0,0.0,0.0,0.0,1265.2369395648764
2024-01-26 14:45:00,1863.6215395987153,540.721766701825,1322.8997728968902,1855.2132166020172,567.4238152543508,1287.7894013476664,0.0,False,NORMAL,0.9,IDLE,362.0,0.0,0.0,0.0,1322.8997728968902
2024-01-26 15:00:00,1872.3690334922176,503.62907526139264,1368.7399582308249,1826.541843932967,546.5588863115212,1279.9829576214456,0.0,False,NORMAL,0.9,IDLE,362.0,0.0,0.0,0.0,1368.7399582308249
2024-01-26 15:15:00,1858.0957433051205,453.708702211934,1404.3870410931866,1839.6119930608568,501.47098541025963,1338.1410076505972,0.0,False,NORMAL,0.9,IDLE,362.0,0.0,0.0,0.0,1404.3870410931866
2024-01-26 15:30:00,1891.9973977636703,438.40546412735137,1453.591933636319,1806.9969327867573,474.0299996276682,1332.966933159089,0.0,False,NORMAL,0.9,IDLE,362.0,0.0,0.0,0.0,1453.591933636319
2024-01-26 15:45:00,1831.0977490378273,368.90244897293996,1462.1953000648873,1837.1982263310078,435.0122375533671,1402.185988777641,0.0,False,NORMAL,0.9,IDLE,362.0,0.0,0.0,0.0,1462.1953000648873
2024-01-26 16:00:00,1846.8405052773687,340.16776671394064,1506.672738563428,1831.1846556035205,372.6507403204247,1458.5339152830957,0.0,False,NORMAL,0.9,IDLE,362.0,0.0,0.0,0.0,1506.672738563428
2024-01-26 16:15:00,1906.8471618395356,296.9151577812868,1609.9320040582488,1853.5297863379776,334.99337761813587,1518.5364087198418,0.0,False,WATCH,0.9,IDLE,362.0,0.0,0.0,0.0,1609.9320040582488
2024-01-26 16:30:00,1992.6529474144263,242.9060785763867,1749.7468688380395,1905.7181266265554,252.46440261794987,1653.2537240086056,0.0,False,WATCH,0.9,IDLE,362.0,0.0,0.0,0.0,1749.7468688380395
2024-01-26 16:45:00,2163.4616173737854,208.19378759552887,1955.2678297782566,1965.536587139513,247.7838174347934,1717.7527697047194,0.0,False,WATCH,0.9,IDLE,362.0,0.0,0.0,0.0,1955.2678297782566
2024-01-26 17:00:00,2178.3346892510503,162.44844656085178,2015.8862426901985,2096.880792008843,153.44648406245497,1943.434307946388,0.0,False,WARNING,0.9,IDLE,362.0,0.0,0.0,0.0,2015.8862426901985
2024-01-26 17:15:00,2318.9929530881805,133.80390614023887,2185.1890469479417,2150.423579109124,160.9990563070936,1989.4245228020304,0.0,False,WARNING,0.9,IDLE,362.0,0.0,0.0,0.0,2185.1890469479417
2024-01-26 17:30:00,2361.5110850874885,89.5633543391389,2271.9477307483494,2225.8992357225115,125.0957111937248,2100.803524528787,0.0,False,WARNING,0.9,IDLE,362.0,0.0,0.0,0.0,2271.9477307483494
2024-01-26 17:45:00,2319.13152354999,59.459982363861066,2259.671541186129,2305.1678976715075,89.61663241849557,2215.551265253012,0.0,False,CRITICAL,0.9,RESERVED,362.0,0.0,0.0,0.0,2259.671541186129
2024-01-26 18:00:00,2414.6690821269663,15.095238604034348,2399.573843522932,2310.596555098863,58.540041104463796,2252.056513994399,0.0,False,CRITICAL,0.8779595181063662,DISCHARGING,177.0,0.0,99.57384352293184,0.0,2300.0
2024-01-26 18:15:00,2418.473576534637,5.360212691211795,2413.113363843425,2360.0375235147408,26.535418461311437,2333.502105053429,33.502105053429204,False,CRITICAL,0.8779595181063662,RESERVED,177.0,0.0,185.0,0.0,2228.113363843425
2024-01-26 18:30:00,2446.9036095133115,3.7537287273195977e-22,2446.9036095133115,2407.1302378364717,9.25662822430016,2397.8736096121715,97.87360961217155,False,CRITICAL,0.8779595181063662,RESERVED,72.0,0.0,193.68357068855312,0.0,2253.2200388247584
2024-01-26 18:45:00,2507.961998090331,0.0,2507.961998090331,2435.5492462182997,1.4547747817040453,2434.0944714365955,134.09447143659554,False,CRITICAL,0.8779595181063662,RESERVED,45.0,0.0,298.67098275517674,0.0,2209.291015335154
2024-01-26 19:00:00,2386.4894109246657,0.0,2386.4894109246657,2382.967061429998,0.0,2382.967061429998,82.96706142999801,False,CRITICAL,0.8779595181063662,RESERVED,12.0,0.0,350.0,0.0,2036.4894109246657
2024-01-26 19:15:00,2411.4970776128002,0.0,2411.4970776128002,2392.3145584242657,0.0,2392.3145584242657,92.31455842426567,False,CRITICAL,0.8779595181063662,RESERVED,0.0,0.0,362.0,0.0,2049.4970776128002
2024-01-26 19:30:00,2354.6724238408765,0.0,2354.6724238408765,2371.8431571535943,0.0,2371.8431571535943,71.84315715359435,False,CRITICAL,0.8779595181063662,RESERVED,12.0,0.0,350.0,0.0,2004.6724238408765
2024-01-26 19:45:00,2357.5909599621964,0.0,2357.5909599621964,2327.818724231546,0.0,2327.818724231546,27.818724231546184,False,CRITICAL,0.8779595181063662,RESERVED,45.0,0.0,304.30307207497253,0.0,2053.287887887224
2024-01-26 20:00:00,2483.654489107126,0.0,2483.654489107126,2334.4761765106236,0.0,2334.4761765106236,34.476176510623645,False,CRITICAL,0.8779595181063662,RESERVED,12.0,0.0,205.9438165104816,0.0,2277.7106725966446
2024-01-26 20:15:00,2338.8428927378277,0.0,2338.8428927378277,2366.587963514729,0.0,2366.587963514729,66.58796351472893,False,CRITICAL,0.8779595181063662,RESERVED,117.0,0.0,102.43258095448164,0.0,2236.410311783346
2024-01-26 20:30:00,2213.663601140582,0.0,2213.663601140582,2249.8188154605623,0.0,2249.8188154605623,0.0,False,WARNING,0.8779595181063662,IDLE,177.0,0.0,150.6915272243873,0.0,2062.972073916195
2024-01-26 20:45:00,2161.1593801611366,0.0,2161.1593801611366,2185.1191338807444,0.0,2185.1191338807444,0.0,False,WARNING,0.8779595181063662,IDLE,222.0,0.0,105.6915272243873,0.0,2055.4678529367493
2024-01-26 21:00:00,2151.839628591669,0.0,2151.839628591669,2174.1921134707836,0.0,2174.1921134707836,0.0,False,WARNING,0.8779595181063662,IDLE,222.0,0.0,105.6915272243873,0.0,2046.148101367282
2024-01-26 21:15:00,2110.0631585261017,0.0,2110.0631585261017,2095.1177451429326,0.0,2095.1177451429326,0.0,False,WARNING,0.8779595181063662,IDLE,222.0,0.0,105.6915272243873,0.0,2004.3716313017144
2024-01-26 21:30:00,1993.3586025668942,0.0,1993.3586025668942,2030.5172918432966,0.0,2030.5172918432966,0.0,False,WARNING,0.8779595181063662,IDLE,222.0,0.0,105.6915272243873,0.0,1887.667075342507
2024-01-26 21:45:00,1816.3072034157683,0.0,1816.3072034157683,1919.622115875906,0.0,1919.622115875906,0.0,False,WATCH,0.8779595181063662,IDLE,222.0,0.0,101.06414002535257,0.0,1715.2430633904157
2024-01-26 22:00:00,1640.976620608695,0.0,1640.976620608695,1778.2361044018191,0.0,1778.2361044018191,0.0,False,WATCH,0.8779595181063662,IDLE,222.0,0.0,66.58796351472893,0.0,1574.388657093966
2024-01-26 22:15:00,1545.4404001537864,0.0,1545.4404001537864,1600.0514077618905,0.0,1600.0514077618905,0.0,False,NORMAL,0.8779595181063662,IDLE,362.0,0.0,0.0,0.0,1545.4404001537864
2024-01-26 22:30:00,1396.2757109792678,0.0,1396.2757109792678,1488.54056483764,0.0,1488.54056483764,0.0,False,NORMAL,0.8779595181063662,IDLE,362.0,0.0,0.0,0.0,1396.2757109792678
2024-01-26 22:45:00,1159.542755051627,0.0,1159.542755051627,1355.8254077640488,0.0,1355.8254077640488,0.0,False,NORMAL,0.8779595181063662,IDLE,362.0,0.0,0.0,0.0,1159.542755051627
2024-01-26 23:00:00,1022.9894651954861,0.0,1022.9894651954861,1165.7541869267818,0.0,1165.7541869267818,0.0,False,NORMAL,0.8779595181063662,IDLE,362.0,0.0,0.0,0.0,1082.989465195486
2024-01-26 23:15:00,1006.1110513305248,0.0,1006.1110513305248,1067.254157560291,0.0,1067.254157560291,0.0,False,NORMAL,0.8779595181063662,IDLE,362.0,0.0,0.0,0.0,1066.1110513305248
2024-01-26 23:30:00,963.9141111786269,0.0,963.9141111786269,974.5405356071851,0.0,974.5405356071851,0.0,False,NORMAL,0.8779595181063662,IDLE,362.0,0.0,0.0,0.0,1023.9141111786269
2024-01-26 23:45:00,1038.0925802630786,0.0,1038.0925802630786,948.076294909291,0.0,948.076294909291,0.0,False,NORMAL,0.8779595181063662,IDLE,362.0,0.0,0.0,0.0,1098.0925802630786
2024-01-27 00:00:00,877.2614797924971,0.0,877.2614797924971,913.2893841693074,0.0,913.2893841693074,0.0,False,NORMAL,0.9,CHARGING,362.0,0.0,0.0,0.0,983.6624943054104
2024-01-27 00:15:00,815.4815200839789,0.0,815.4815200839789,853.5984108322336,0.0,853.5984108322336,0.0,False,NORMAL,0.9,IDLE,362.0,0.0,0.0,0.0,875.4815200839789
2024-01-27 00:30:00,861.0741707106648,0.0,861.0741707106648,846.4207526976664,0.0,846.4207526976664,0.0,False,NORMAL,0.9,IDLE,362.0,0.0,0.0,0.0,921.0741707106648
2024-01-27 00:45:00,875.4029099773923,0.0,875.4029099773923,831.5483054949125,0.0,831.5483054949125,0.0,False,NORMAL,0.9,IDLE,362.0,0.0,0.0,0.0,935.4029099773923
2024-01-27 01:00:00,846.2300442186481,0.0,846.2300442186481,841.1890036596255,0.0,841.1890036596255,0.0,False,NORMAL,0.9,IDLE,362.0,0.0,0.0,0.0,906.2300442186481
2024-01-27 01:15:00,876.6216850451947,0.0,876.6216850451947,813.1632262939677,0.0,813.1632262939677,0.0,False,NORMAL,0.9,IDLE,362.0,0.0,0.0,0.0,936.6216850451947
2024-01-27 01:30:00,909.9159747067656,0.0,909.9159747067656,830.4077254303314,0.0,830.4077254303314,0.0,False,NORMAL,0.9,IDLE,362.0,0.0,0.0,0.0,969.9159747067656
2024-01-27 01:45:00,811.4429658890924,0.0,811.4429658890924,844.5212919756322,0.0,844.5212919756322,0.0,False,NORMAL,0.9,IDLE,362.0,0.0,0.0,0.0,871.4429658890924
2024-01-27 02:00:00,858.8854954214835,0.0,858.8854954214835,822.0967702921382,0.0,822.0967702921382,0.0,False,NORMAL,0.9,IDLE,362.0,0.0,0.0,0.0,918.8854954214835
2024-01-27 02:15:00,833.8350547641951,0.0,833.8350547641951,832.43816318746,0.0,832.43816318746,0.0,False,NORMAL,0.9,IDLE,362.0,0.0,0.0,0.0,893.8350547641951
2024-01-27 02:30:00,866.5132338554256,0.0,866.5132338554256,816.6583404798165,0.0,816.6583404798165,0.0,False,NORMAL,0.9,IDLE,362.0,0.0,0.0,0.0,926.5132338554256
2024-01-27 02:45:00,852.1009632268456,0.0,852.1009632268456,848.4919873148707,0.0,848.4919873148707,0.0,False,NORMAL,0.9,IDLE,362.0,0.0,0.0,0.0,912.1009632268456
2024-01-27 03:00:00,836.1090719876884,0.0,836.1090719876884,830.8013256378238,0.0,830.8013256378238,0.0,False,NORMAL,0.9,IDLE,362.0,0.0,0.0,0.0,896.1090719876884
2024-01-27 03:15:00,859.0156125457271,0.0,859.0156125457271,802.214230867946,0.0,802.214230867946,0.0,False,NORMAL,0.9,IDLE,362.0,0.0,0.0,0.0,919.0156125457271
2024-01-27 03:30:00,895.7420317723115,0.0,895.7420317723115,841.477584465298,0.0,841.477584465298,0.0,False,NORMAL,0.9,IDLE,362.0,0.0,0.0,0.0,955.7420317723115
2024-01-27 03:45:00,858.779304782141,0.0,858.779304782141,861.7047592635762,0.0,861.7047592635762,0.0,False,NORMAL,0.9,IDLE,362.0,0.0,0.0,0.0,918.779304782141
2024-01-27 04:00:00,801.2039110451524,0.0,801.2039110451524,818.3411308710506,0.0,818.3411308710506,0.0,False,NORMAL,0.9,IDLE,362.0,0.0,0.0,0.0,861.2039110451524
2024-01-27 04:15:00,846.7998543223111,0.0,846.7998543223111,826.9507519690071,0.0,826.9507519690071,0.0,False,NORMAL,0.9,IDLE,362.0,0.0,0.0,0.0,906.7998543223111
2024-01-27 04:30:00,841.3600343214046,0.0,841.3600343214046,818.7950799807455,0.0,818.7950799807455,0.0,False,NORMAL,0.9,IDLE,362.0,0.0,0.0,0.0,901.3600343214046
2024-01-27 04:45:00,790.0899051024734,0.0,790.0899051024734,823.6340797734999,0.0,823.6340797734999,0.0,False,NORMAL,0.9,IDLE,362.0,0.0,0.0,0.0,850.0899051024734
2024-01-27 05:00:00,849.4850950490879,0.0,849.4850950490879,808.6051050728267,0.0,808.6051050728267,0.0,False,NORMAL,0.9,IDLE,362.0,0.0,0.0,0.0,909.4850950490879
2024-01-27 05:15:00,927.4609535850938,0.0,927.4609535850938,858.0607297804106,0.0,858.0607297804106,0.0,False,NORMAL,0.9,IDLE,362.0,0.0,0.0,0.0,987.4609535850938
2024-01-27 05:30:00,1108.4556182649058,0.0,1108.4556182649058,921.9794293336616,0.0,921.9794293336616,0.0,False,NORMAL,0.9,IDLE,362.0,0.0,0.0,0.0,1108.4556182649058
2024-01-27 05:45:00,1140.2390754399485,0.0,1140.2390754399485,1025.1591218349324,0.0,1025.1591218349324,0.0,False,NORMAL,0.9,IDLE,362.0,0.0,0.0,0.0,1140.2390754399485
2024-01-27 06:00:00,1151.4816860186709,2.7556518932633944e-22,1151.4816860186709,1113.3565295052779,1.7150714536224625e-22,1113.3565295052779,0.0,False,NORMAL,0.9,IDLE,362.0,0.0,0.0,0.0,1151.4816860186709
2024-01-27 06:15:00,1295.7986820767865,12.679895483903167,1283.1187865928832,1194.9291258827277,5.38171034191577,1189.547415540812,0.0,False,NORMAL,0.9,IDLE,362.0,0.0,0.0,0.0,1283.1187865928832
2024-01-27 06:30:00,1415.4338913150164,34.26997957923781,1381.1639117357786,1318.9296042349274,11.080696212023911,1307.8489080229035,0.0,False,NORMAL,0.9,IDLE,362.0,0.0,0.0,0.0,1381.1639117357786
2024-01-27 06:45:00,1541.1827591351544,65.18989516916218,1475.9928639659922,1419.6247298017895,40.02542391445287,1379.5993058873366,0.0,False,NORMAL,0.9,IDLE,362.0,0.0,0.0,0.0,1475.9928639659922
2024-01-27 07:00:00,1529.940804682809,99.21801859216316,1430.7227860906457,1543.1645951162982,55.27186699534433,1487.892728120954,0.0,False,NORMAL,0.9,IDLE,362.0,0.0,0.0,0.0,1430.7227860906457
2024-01-27 07:15:00,1586.9050845818733,133.24962465195713,1453.655459929916,1630.493178009838,84.4084998413038,1546.084678168534,0.0,False,NORMAL,0.9,IDLE,362.0,0.0,0.0,0.0,1453.655459929916
2024-01-27 07:30:00,1730.1407723996313,182.10616845011577,1548.0346039495155,1679.8259265889683,137.20056702124563,1542.6253595677226,0.0,False,NORMAL,0.9,IDLE,362.0,0.0,0.0,0.0,1548.0346039495155
2024-01-27 07:45:00,1699.2569432471546,215.1415955654631,1484.1153476816914,1776.5840400569123,171.7737151805355,1604.8103248763769,0.0,False,NORMAL,0.9,IDLE,362.0,0.0,0.0,0.0,1484.1153476816914
2024-01-27 08:00:00,1720.2599296666003,273.5758009273349,1446.6841287392654,1840.1129952045126,151.41608613468637,1688.6969090698262,0.0,False,NORMAL,0.9,IDLE,362.0,0.0,0.0,0.0,1446.6841287392654
2024-01-27 08:15:00,1767.5803886006745,311.00052190034296,1456.5798667003314,1895.4036452119742,271.3765981827807,1624.0270470291935,0.0,False,NORMAL,0.9,IDLE,362.0,0.0,0.0,0.0,1456.5798667003314
2024-01-27 08:30:00,1681.7344651346125,178.5783628769246,1503.156102257688,1936.2839675242308,305.9068034131599,1630.377164111071,0.0,False,NORMAL,0.9,IDLE,362.0,0.0,0.0,0.0,1503.156102257688
2024-01-27 08:45:00,1812.632087408681,387.72480289565857,1424.9072845130224,1976.5777633967093,298.91367840293515,1677.6640849937742,0.0,False,NORMAL,0.9,IDLE,362.0,0.0,0.0,0.0,1424.9072845130224
2024-01-27 09:00:00,1647.972182207087,442.13854611561584,1205.8336360914711,1809.9582000070768,373.0119210066655,1436.9462790004113,0.0,False,NORMAL,0.9,IDLE,362.0,0.0,0.0,0.0,1205.8336360914711
2024-01-27 09:15:00,1665.2432107675736,484.178147686561,1181.0650630810126,1745.7354083727703,410.58416151252317,1335.151246860247,0.0,False,NORMAL,0.9,IDLE,362.0,0.0,0.0,0.0,1181.0650630810126
2024-01-27 09:30:00,1581.1647044449633,509.40523617776535,1071.759468267198,1773.049686074958,459.5446950104803,1313.5049910644775,0.0,False,NORMAL,0.9,IDLE,362.0,0.0,0.0,0.0,1071.759468267198
2024-01-27 09:45:00,1622.8907319838002,565.8440061013443,1057.0467258824558,1753.0766303348685,510.9888488712069,1242.0877814636615,0.0,False,NORMAL,0.9,IDLE,362.0,0.0,0.0,0.0,1057.0467258824558
2024-01-27 10:00:00,1615.1856494116937,592.6122152822777,1022.573434129416,1709.3101205920636,555.106218091894,1154.2039025001695,0.0,False,NORMAL,0.9,IDLE,362.0,0.0,0.0,0.0,1022.573434129416
2024-01-27 10:15:00,1656.3271469260544,653.3674044867627,1002.9597424392917,1715.1980015278002,582.9051002337077,1132.2929012940926,0.0,False,NORMAL,0.9,IDLE,362.0,0.0,0.0,0.0,1002.9597424392917
2024-01-27 10:30:00,1621.374258721427,360.67847759284257,1260.6957811285843,1726.7186009822751,629.6981346123179,1097.0204663699574,0.0,False,NORMAL,0.9,IDLE,362.0,0.0,0.0,0.0,1260.6957811285843
2024-01-27 10:45:00,1638.973267778551,675.9051684222086,963.0680993563424,1721.7670196135216,565.2322392866821,1156.5347803268396,0.0,False,NORMAL,0.9,IDLE,362.0,0.0,0.0,0.0,963.0680993563424
2024-01-27 11:00:00,1588.6854460301097,763.2548547963372,825.4305912337725,1751.207624125175,647.3958724623304,1103.8117516628445,0.0,False,NORMAL,0.9,IDLE,362.0,0.0,0.0,0.0,825.4305912337725
2024-01-27 11:15:00,1682.3239929154806,743.2451561045622,939.0788368109185,1747.7165215410514,702.1079233608685,1045.608598180183,0.0,False,NORMAL,0.9,IDLE,362.0,0.0,0.0,0.0,939.0788368109185
2024-01-27 11:30:00,1672.9758245569315,739.7239786896549,933.2518458672765,1722.900790404161,579.3826026785637,1143.5181877255973,0.0,False,NORMAL,0.9,IDLE,362.0,0.0,0.0,0.0,933.2518458672765
2024-01-27 11:45:00,1613.1496785189904,791.0606273229167,822.0890511960737,1727.163996210418,765.2439138985611,961.9200823118568,0.0,False,NORMAL,0.9,IDLE,362.0,0.0,0.0,0.0,822.0890511960737
2024-01-27 12:00:00,1633.8059091902019,769.9490643954385,863.8568447947633,1715.7975844076996,775.933376938413,939.8642074692866,0.0,False,NORMAL,0.9,IDLE,362.0,0.0,0.0,0.0,863.8568447947633
2024-01-27 12:15:00,1604.5994964037795,585.7065029002389,1018.8929935035407,1737.1293533400572,762.0505207829709,975.0788325570862,0.0,False,NORMAL,0.9,IDLE,362.0,0.0,0.0,0.0,1018.8929935035407
2024-01-27 12:30:00,1653.947821429831,770.9364962549412,883.0113251748899,1695.6189113886364,704.7340359055,990.8848754831364,0.0,False,NORMAL,0.9,IDLE,362.0,0.0,0.0,0.0,883.0113251748899
2024-01-27 12:45:00,1630.6015126664552,754.525589532992,876.0759231334632,1726.8225763610242,747.556865933504,979.2657104275202,0.0,False,NORMAL,0.9,IDLE,362.0,0.0,0.0,0.0,876.0759231334632
2024-01-27 13:00:00,1747.9072178769845,778.5642205893687,969.3429972876158,1687.1368471864928,733.8151076004586,953.3217395860341,0.0,False,NORMAL,0.9,IDLE,362.0,0.0,0.0,0.0,969.3429972876158
2024-01-27 13:15:00,1625.5620036898993,739.7141226464154,885.8478810434839,1750.1552789210918,724.9072585284594,1025.2480203926325,0.0,False,NORMAL,0.9,IDLE,362.0,0.0,0.0,0.0,885.8478810434839
2024-01-27 13:30:00,1671.2099775292422,694.6740393567636,976.5359381724786,1711.1219690074058,732.8321526809137,978.2898163264921,0.0,False,NORMAL,0.9,IDLE,362.0,0.0,0.0,0.0,976.5359381724786
2024-01-27 13:45:00,1657.0501415676538,713.3351628156094,943.7149787520444,1759.8455977662254,683.5279444158901,1076.3176533503351,0.0,False,NORMAL,0.9,IDLE,362.0,0.0,0.0,0.0,943.7149787520444
2024-01-27 14:00:00,1637.2801456454154,649.3140022335701,987.9661434118452,1791.845111617442,683.234198123797,1108.610913493645,0.0,False,NORMAL,0.9,IDLE,362.0,0.0,0.0,0.0,987.9661434118452
2024-01-27 14:15:00,1693.5569179768936,619.8652483135668,1073.6916696633268,1737.152910828105,655.552823286611,1081.6000875414938,0.0,False,NORMAL,0.9,IDLE,362.0,0.0,0.0,0.0,1073.6916696633268
2024-01-27 14:30:00,1652.7150318692486,628.982140784616,1023.7328910846326,1753.4501348885071,611.6751597133807,1141.7749751751264,0.0,False,NORMAL,0.9,IDLE,362.0,0.0,0.0,0.0,1023.7328910846326
2024-01-27 14:45:00,1661.392799041356,549.1206670469778,1112.2721319943782,1754.1694159215876,592.6193792446791,1161.5500366769086,0.0,False,NORMAL,0.9,IDLE,362.0,0.0,0.0,0.0,1112.2721319943782
2024-01-27 15:00:00,1675.9238324322723,492.6000685641462,1183.3237638681262,1757.6333228448248,543.0551178910466,1214.5782049537781,0.0,False,NORMAL,0.9,IDLE,362.0,0.0,0.0,0.0,1183.3237638681262
2024-01-27 15:15:00,1658.5497470354169,496.25894975324894,1162.290797282168,1760.5208741907174,494.953567118784,1265.5673070719336,0.0,False,NORMAL,0.9,IDLE,362.0,0.0,0.0,0.0,1162.290797282168
2024-01-27 15:30:00,1632.606131403469,185.61335133170715,1446.9927800717617,1768.3740134659752,479.4607814824084,1288.9132319835667,0.0,False,NORMAL,0.9,IDLE,362.0,0.0,0.0,0.0,1446.9927800717617
2024-01-27 15:45:00,1622.4918917911405,395.7330650698102,1226.7588267213303,1732.7951180702848,339.7168542246226,1393.0782638456621,0.0,False,NORMAL,0.9,IDLE,362.0,0.0,0.0,0.0,1226.7588267213303
2024-01-27 16:00:00,1597.5251313561,349.3943078009284,1248.1308235551717,1735.1185413631683,362.40250027794974,1372.7160410852186,0.0,False,NORMAL,0.9,IDLE,362.0,0.0,0.0,0.0,1248.1308235551717
2024-01-27 16:15:00,1716.5255699841075,309.13587927398936,1407.3896907101182,1749.563982262994,320.59413450827816,1428.9698477547158,0.0,False,NORMAL,0.9,IDLE,362.0,0.0,0.0,0.0,1407.3896907101182
2024-01-27 16:30:00,1768.7625963248947,255.813168849472,1512.9494274754227,1822.2341466209934,270.51023960904894,1551.7239070119444,0.0,False,WATCH,0.9,IDLE,362.0,0.0,0.0,0.0,1512.9494274754227
2024-01-27 16:45:00,1881.8567946983678,227.09105086175575,1654.765743836612,1924.8276180928542,250.16008227572024,1674.667535817134,0.0,False,WATCH,0.9,IDLE,362.0,0.0,0.0,0.0,1654.765743836612
2024-01-27 17:00:00,1994.1949722036327,167.08002545463833,1827.1149467489943,1978.4650456771053,209.70929369036767,1768.7557519867376,0.0,False,WATCH,0.9,IDLE,362.0,0.0,0.0,0.0,1827.1149467489943
2024-01-27 17:15:00,2009.4329804070871,81.54286744457885,1927.8901129625083,2102.8718309453334,167.55503188556185,1935.3167990597715,0.0,False,WARNING,0.9,IDLE,362.0,0.0,0.0,0.0,1927.8901129625083
2024-01-27 17:30:00,2098.8790649869147,98.9415112223373,1999.9375537645774,2151.1997189835015,116.46363613420613,2034.7360828492954,0.0,False,WARNING,0.9,IDLE,362.0,0.0,0.0,0.0,1999.9375537645774
2024-01-27 17:45:00,2154.829716143614,62.0415082623215,2092.7882078812922,2179.3105210086064,88.004459750025,2091.3060612585814,0.0,False,WARNING,0.9,IDLE,362.0,0.0,0.0,0.0,2092.7882078812922
2024-01-27 18:00:00,2249.0038713528666,33.66332513035381,2215.340546222513,2259.8555239860993,46.40275237787149,2213.452771608228,0.0,False,CRITICAL,0.9,RESERVED,362.0,0.0,0.0,0.0,2215.340546222513
2024-01-27 18:15:00,2211.359334450021,12.691131715852471,2198.6682027341685,2301.079203595163,25.36305143334467,2275.7161521618186,0.0,False,CRITICAL,0.9,RESERVED,317.0,0.0,27.383214230806516,0.0,2171.284988503362
2024-01-27 18:30:00,2283.4469984273783,3.638903855889172e-22,2283.4469984273783,2321.3978020271293,13.738298442402094,2307.659503584727,7.65950358472719,False,CRITICAL,0.9,RESERVED,177.0,0.0,87.75960515013412,0.0,2195.687393277244
2024-01-27 18:45:00,2356.0442773608324,0.0,2356.0442773608324,2378.664747252012,3.355720820833422,2375.3090264311786,75.30902643117861,False,CRITICAL,0.9,RESERVED,177.0,0.0,141.05599278560567,0.0,2214.9882845752268
2024-01-27 19:00:00,2067.187223544299,0.0,2067.187223544299,2352.2713533318656,0.0,2352.2713533318656,52.27135333186561,False,CRITICAL,0.9,RESERVED,177.0,0.0,157.61678576919348,0.0,1909.5704377751053
2024-01-27 19:15:00,2056.777928995464,0.0,2056.777928995464,2283.4164231551413,0.0,2283.4164231551413,0.0,False,CRITICAL,0.9,RESERVED,72.0,0.0,198.7482334475908,0.0,1858.0296955478734
2024-01-27 19:30:00,2048.934790000236,0.0,2048.934790000236,2239.438224219047,0.0,2239.438224219047,0.0,False,WARNING,0.9,IDLE,72.0,0.0,261.96963540123625,0.0,1786.9651545989996
2024-01-27 19:45:00,2112.766024893903,0.0,2112.766024893903,2218.0940511538906,0.0,2218.0940511538906,0.0,False,WARNING,0.9,IDLE,72.0,0.0,265.774299719827,0.0,1846.9917251740758
2024-01-27 20:00:00,2048.519844601106,0.0,2048.519844601106,2268.6581843534573,0.0,2268.6581843534573,0.0,False,WARNING,0.9,IDLE,72.0,0.0,238.3910854890205,0.0,1810.1287591120854
2024-01-27 20:15:00,2023.9834778151262,0.0,2023.9834778151262,2186.009547325877,0.0,2186.009547325877,0.0,False,WARNING,0.9,IDLE,117.0,0.0,178.0146945696929,0.0,1845.9687832454333
2024-01-27 20:30:00,1999.4089220027263,0.0,1999.4089220027263,2117.536799522522,0.0,2117.536799522522,0.0,False,WARNING,0.9,IDLE,117.0,0.0,124.71830693422135,0.0,1874.690615068505
2024-01-27 20:45:00,2016.7286240239082,0.0,2016.7286240239082,2081.5634670345285,0.0,2081.5634670345285,0.0,False,WARNING,0.9,IDLE,257.0,0.0,49.40928050304274,0.0,1967.3193435208655
2024-01-27 21:00:00,1954.3801411874451,0.0,1954.3801411874451,2080.3294921964566,0.0,2080.3294921964566,0.0,False,WARNING,0.9,IDLE,257.0,0.0,3.804664318590767,0.0,1950.5754768688544
2024-01-27 21:15:00,1851.9637464324612,0.0,1851.9637464324612,2039.220654606903,0.0,2039.220654606903,0.0,False,WARNING,0.9,IDLE,362.0,0.0,0.0,0.0,1851.9637464324612
2024-01-27 21:30:00,1876.4407266187798,0.0,1876.4407266187798,1947.5759405323936,0.0,1947.5759405323936,0.0,False,WATCH,0.9,IDLE,362.0,0.0,0.0,0.0,1876.4407266187798
2024-01-27 21:45:00,1744.7825786920657,0.0,1744.7825786920657,1858.6161443161195,0.0,1858.6161443161195,0.0,False,WATCH,0.9,IDLE,362.0,0.0,0.0,0.0,1744.7825786920657
2024-01-27 22:00:00,1582.704879258315,0.0,1582.704879258315,1726.1161064523076,0.0,1726.1161064523076,0.0,False,WATCH,0.9,IDLE,362.0,0.0,0.0,0.0,1582.704879258315
2024-01-27 22:15:00,1402.3045442991024,0.0,1402.3045442991024,1614.7055252096452,0.0,1614.7055252096452,0.0,False,NORMAL,0.9,IDLE,362.0,0.0,0.0,0.0,1402.3045442991024
2024-01-27 22:30:00,1289.4513191895653,0.0,1289.4513191895653,1467.6480252799104,0.0,1467.6480252799104,0.0,False,NORMAL,0.9,IDLE,362.0,0.0,0.0,0.0,1289.4513191895653
2024-01-27 22:45:00,1167.862408950406,0.0,1167.862408950406,1282.4318936944012,0.0,1282.4318936944012,0.0,False,NORMAL,0.9,IDLE,362.0,0.0,0.0,0.0,1167.862408950406
2024-01-27 23:00:00,1050.740517675689,0.0,1050.740517675689,1144.8315515501647,0.0,1144.8315515501647,0.0,False,NORMAL,0.9,IDLE,362.0,0.0,0.0,0.0,1110.740517675689
2024-01-27 23:15:00,992.2157981990135,0.0,992.2157981990135,1068.8325792800272,0.0,1068.8325792800272,0.0,False,NORMAL,0.9,IDLE,362.0,0.0,0.0,0.0,1052.2157981990135
2024-01-27 23:30:00,912.4188416531365,0.0,912.4188416531365,1001.1866253138907,0.0,1001.1866253138907,0.0,False,NORMAL,0.9,IDLE,362.0,0.0,0.0,0.0,972.4188416531365
2024-01-27 23:45:00,897.8129167576658,0.0,897.8129167576658,989.7210095672779,0.0,989.7210095672779,0.0,False,NORMAL,0.9,IDLE,362.0,0.0,0.0,0.0,957.8129167576658
2024-01-28 00:00:00,788.6094133029676,0.0,788.6094133029676,892.9279810493077,0.0,892.9279810493077,0.0,False,NORMAL,0.9,IDLE,362.0,0.0,0.0,0.0,848.6094133029676
2024-01-28 00:15:00,865.3713163057286,0.0,865.3713163057286,822.192294584279,0.0,822.192294584279,0.0,False,NORMAL,0.9,IDLE,362.0,0.0,0.0,0.0,925.3713163057286
2024-01-28 00:30:00,827.9907103128699,0.0,827.9907103128699,852.991250188985,0.0,852.991250188985,0.0,False,NORMAL,0.9,IDLE,362.0,0.0,0.0,0.0,887.9907103128699
2024-01-28 00:45:00,830.387375023634,0.0,830.387375023634,847.2714039760214,0.0,847.2714039760214,0.0,False,NORMAL,0.9,IDLE,362.0,0.0,0.0,0.0,890.387375023634
2024-01-28 01:00:00,800.6214250171018,0.0,800.6214250171018,831.5059016525612,0.0,831.5059016525612,0.0,False,NORMAL,0.9,IDLE,362.0,0.0,0.0,0.0,860.6214250171018
2024-01-28 01:15:00,834.237947129253,0.0,834.237947129253,841.4554475832414,0.0,841.4554475832414,0.0,False,NORMAL,0.9,IDLE,362.0,0.0,0.0,0.0,894.237947129253
2024-01-28 01:30:00,803.119481657363,0.0,803.119481657363,863.9569767161491,0.0,863.9569767161491,0.0,False,NORMAL,0.9,IDLE,362.0,0.0,0.0,0.0,863.119481657363
2024-01-28 01:45:00,764.558055793523,0.0,764.558055793523,809.2937969378208,0.0,809.2937969378208,0.0,False,NORMAL,0.9,IDLE,362.0,0.0,0.0,0.0,824.558055793523
2024-01-28 02:00:00,841.7919057281663,0.0,841.7919057281663,820.0016342174309,0.0,820.0016342174309,0.0,False,NORMAL,0.9,IDLE,362.0,0.0,0.0,0.0,901.7919057281663
2024-01-28 02:15:00,788.1378967151006,0.0,788.1378967151006,827.2008706301774,0.0,827.2008706301774,0.0,False,NORMAL,0.9,IDLE,362.0,0.0,0.0,0.0,848.1378967151006
2024-01-28 02:30:00,772.1531972391663,0.0,772.1531972391663,827.4713797934539,0.0,827.4713797934539,0.0,False,NORMAL,0.9,IDLE,362.0,0.0,0.0,0.0,832.1531972391663
2024-01-28 02:45:00,766.0935147074069,0.0,766.0935147074069,814.508655798746,0.0,814.508655798746,0.0,False,NORMAL,0.9,IDLE,362.0,0.0,0.0,0.0,826.0935147074069
2024-01-28 03:00:00,809.9199711364919,0.0,809.9199711364919,806.5544483104803,0.0,806.5544483104803,0.0,False,NORMAL,0.9,IDLE,362.0,0.0,0.0,0.0,869.9199711364919
2024-01-28 03:15:00,818.4587355345449,0.0,818.4587355345449,823.6087123319991,0.0,823.6087123319991,0.0,False,NORMAL,0.9,IDLE,362.0,0.0,0.0,0.0,878.4587355345449
2024-01-28 03:30:00,823.8040521278133,0.0,823.8040521278133,845.973628165718,0.0,845.973628165718,0.0,False,NORMAL,0.9,IDLE,362.0,0.0,0.0,0.0,883.8040521278133
2024-01-28 03:45:00,805.3270339721272,0.0,805.3270339721272,835.1953253577739,0.0,835.1953253577739,0.0,False,NORMAL,0.9,IDLE,362.0,0.0,0.0,0.0,865.3270339721272
2024-01-28 04:00:00,858.490485495008,0.0,858.490485495008,805.5080928858437,0.0,805.5080928858437,0.0,False,NORMAL,0.9,IDLE,362.0,0.0,0.0,0.0,918.490485495008
2024-01-28 04:15:00,818.2514183000063,0.0,818.2514183000063,844.1368694297023,0.0,844.1368694297023,0.0,False,NORMAL,0.9,IDLE,362.0,0.0,0.0,0.0,878.2514183000063
2024-01-28 04:30:00,816.0172828653992,0.0,816.0172828653992,832.926837694424,0.0,832.926837694424,0.0,False,NORMAL,0.9,IDLE,362.0,0.0,0.0,0.0,876.0172828653992
2024-01-28 04:45:00,835.3401154313441,0.0,835.3401154313441,808.0006915442291,0.0,808.0006915442291,0.0,False,NORMAL,0.9,IDLE,362.0,0.0,0.0,0.0,895.3401154313441
2024-01-28 05:00:00,751.1057704730558,0.0,751.1057704730558,841.471512890861,0.0,841.471512890861,0.0,False,NORMAL,0.9,IDLE,362.0,0.0,0.0,0.0,811.1057704730558
2024-01-28 05:15:00,880.2626856436551,0.0,880.2626856436551,849.7453238969348,0.0,849.7453238969348,0.0,False,NORMAL,0.9,IDLE,362.0,0.0,0.0,0.0,940.2626856436551
2024-01-28 05:30:00,1030.929403712689,0.0,1030.929403712689,968.3037793580377,0.0,968.3037793580377,0.0,False,NORMAL,0.9,IDLE,362.0,0.0,0.0,0.0,1030.929403712689
2024-01-28 05:45:00,1066.3429009241324,0.0,1066.3429009241324,1035.4073397964232,0.0,1035.4073397964232,0.0,False,NORMAL,0.9,IDLE,362.0,0.0,0.0,0.0,1066.3429009241324
2024-01-28 06:00:00,1151.523385780538,3.646962697053407e-22,1151.523385780538,1066.543074108729,1.2859708835229174e-22,1066.543074108729,0.0,False,NORMAL,0.9,IDLE,362.0,0.0,0.0,0.0,1151.523385780538
2024-01-28 06:15:00,1239.2759911262565,12.015120313496396,1227.26087081276,1187.4307259840393,5.917284559154812,1181.5134414248846,0.0,False,NORMAL,0.9,IDLE,362.0,0.0,0.0,0.0,1227.26087081276
2024-01-28 06:30:00,1341.8125784723811,33.946076186271945,1307.8665022861092,1292.9784553407485,19.69731923363904,1273.2811361071094,0.0,False,NORMAL,0.9,IDLE,362.0,0.0,0.0,0.0,1307.8665022861092
2024-01-28 06:45:00,1427.8012699914393,64.48362883571325,1363.317641155726,1400.1558528921835,41.889917929167574,1358.265934963016,0.0,False,NORMAL,0.9,IDLE,362.0,0.0,0.0,0.0,1363.317641155726
2024-01-28 07:00:00,1609.8862613438466,47.14109920448997,1562.7451621393566,1446.4844524524428,70.0142939423351,1376.4701585101077,0.0,False,NORMAL,0.9,IDLE,362.0,0.0,0.0,0.0,1562.7451621393566
2024-01-28 07:15:00,1562.403069773696,89.61379478182076,1472.7892749918751,1549.0048895439757,85.92206587025454,1463.0828236737211,0.0,False,NORMAL,0.9,IDLE,362.0,0.0,0.0,0.0,1472.7892749918751
2024-01-28 07:30:00,1650.643983322531,185.9049700947739,1464.7390132277571,1628.3250810245393,124.74469901998836,1503.580382004551,0.0,False,NORMAL,0.9,IDLE,362.0,0.0,0.0,0.0,1464.7390132277571
2024-01-28 07:45:00,1720.3716801049393,218.7050254811949,1501.6666546237443,1658.6174459424312,174.48998727827342,1484.1274586641578,0.0,False,NORMAL,0.9,IDLE,362.0,0.0,0.0,0.0,1501.6666546237443
2024-01-28 08:00:00,1713.018560307888,278.71486049195437,1434.3036998159337,1706.358926768929,221.99107862954844,1484.3678481393806,0.0,False,NORMAL,0.9,IDLE,362.0,0.0,0.0,0.0,1434.3036998159337
2024-01-28 08:15:00,1796.718463573499,322.60502420728125,1474.1134393662178,1733.1878987638545,271.9555967271577,1461.2323020366969,0.0,False,NORMAL,0.9,IDLE,362.0,0.0,0.0,0.0,1474.1134393662178
2024-01-28 08:30:00,1792.4990751326138,350.01119954611625,1442.4878755864975,1728.9218141807848,238.90153790748,1490.020276273305,0.0,False,NORMAL,0.9,IDLE,362.0,0.0,0.0,0.0,1442.4878755864975
2024-01-28 08:45:00,1827.4941172832816,376.5380485904178,1450.956068692864,1798.7295492056817,355.58167967216957,1443.1478695335122,0.0,False,NORMAL,0.9,IDLE,362.0,0.0,0.0,0.0,1450.956068692864
2024-01-28 09:00:00,1288.509512988066,443.01860327926846,845.4909097087975,1734.1368895765565,400.529616043,1333.6072735335565,0.0,False,NORMAL,0.9,IDLE,362.0,0.0,0.0,0.0,845.4909097087975
2024-01-28 09:15:00,1380.421013960949,220.17714072115916,1160.24387323979,1586.7364927842955,447.73638275727535,1139.0001100270201,0.0,False,NORMAL,0.9,IDLE,362.0,0.0,0.0,0.0,1160.24387323979
2024-01-28 09:30:00,1267.2975615001988,535.8195359140276,731.4780255861712,1531.282467246209,398.4267586375954,1132.8557086086137,0.0,False,NORMAL,0.9,IDLE,362.0,0.0,0.0,0.0,731.4780255861712
2024-01-28 09:45:00,1342.6596630258177,574.4650470086754,768.1946160171424,1479.7918514050696,510.44841683299313,969.3434345720764,0.0,False,NORMAL,0.9,IDLE,362.0,0.0,0.0,0.0,768.1946160171424
2024-01-28 10:00:00,1451.4582805586256,287.06457278002324,1164.3937077786022,1452.9335758548216,546.629158439977,906.3044174148446,0.0,False,NORMAL,0.9,IDLE,362.0,0.0,0.0,0.0,1164.3937077786022
2024-01-28 10:15:00,1492.6928087082958,656.0248622727307,836.6679464355651,1508.099196688978,496.2230500661363,1011.8761466228418,0.0,False,NORMAL,0.9,IDLE,362.0,0.0,0.0,0.0,836.6679464355651
2024-01-28 10:30:00,1452.9130289084742,292.5883743608727,1160.3246545476015,1510.527085300462,478.2864383973261,1032.240646903136,0.0,False,NORMAL,0.9,IDLE,362.0,0.0,0.0,0.0,1160.3246545476015
2024-01-28 10:45:00,1467.7437156163078,531.1008207905217,936.6428948257861,1524.3825853024164,522.6865829819918,1001.6960023204246,0.0,False,NORMAL,0.9,IDLE,362.0,0.0,0.0,0.0,936.6428948257861
2024-01-28 11:00:00,1496.8662462686912,720.6258754806485,776.2403707880427,1528.1501258189942,611.8393710178555,916.3107548011387,0.0,False,NORMAL,0.9,IDLE,362.0,0.0,0.0,0.0,776.2403707880427
2024-01-28 11:15:00,1425.411110028053,755.0388128890485,670.3722971390044,1579.8868933804704,686.8457940559772,893.0410993244932,0.0,False,NORMAL,0.9,IDLE,362.0,0.0,0.0,0.0,670.3722971390044
2024-01-28 11:30:00,1482.729918284008,788.5369858668665,694.1929324171414,1556.668287247169,693.3055915174486,863.3626957297204,0.0,False,NORMAL,0.9,IDLE,362.0,0.0,0.0,0.0,694.1929324171414
2024-01-28 11:45:00,1400.086915397496,749.4732195448059,650.6136958526902,1542.2468391968737,765.1626963144463,777.0841428824274,0.0,False,NORMAL,0.9,IDLE,362.0,0.0,0.0,0.0,650.6136958526902
2024-01-28 12:00:00,1528.486199666125,778.3930219773389,750.0931776887861,1524.9337057374194,771.9039979443996,753.0297077930197,0.0,False,NORMAL,0.9,IDLE,362.0,0.0,0.0,0.0,750.0931776887861
2024-01-28 12:15:00,1424.4510914513476,784.5471332795014,639.9039581718462,1541.7980183102413,688.0210130980328,853.7770052122086,0.0,False,NORMAL,0.9,IDLE,362.0,0.0,0.0,0.0,639.9039581718462
2024-01-28 12:30:00,1462.4598816186945,772.9063299523492,689.5535516663452,1542.3338302543439,787.391290603548,754.9425396507959,0.0,False,NORMAL,0.9,IDLE,362.0,0.0,0.0,0.0,689.5535516663452
2024-01-28 12:45:00,1499.7358980993058,379.8525710400904,1119.8833270592154,1537.9309270626163,769.8483208977447,768.0826061648717,0.0,False,NORMAL,0.9,IDLE,362.0,0.0,0.0,0.0,1119.8833270592154
2024-01-28 13:00:00,1424.4825130847757,749.9549717118703,674.5275413729055,1608.6367118278422,657.0894058928163,951.5473059350259,0.0,False,NORMAL,0.9,IDLE,362.0,0.0,0.0,0.0,674.5275413729055
2024-01-28 13:15:00,1490.4193233365306,738.0305579047646,752.388765431766,1527.7296714365032,719.0022393799228,808.7274320565804,0.0,False,NORMAL,0.9,IDLE,362.0,0.0,0.0,0.0,752.388765431766
2024-01-28 13:30:00,1467.350740085481,714.7041573454512,752.6465827400298,1567.932223985541,690.5867051324797,877.3455188530613,0.0,False,NORMAL,0.9,IDLE,362.0,0.0,0.0,0.0,752.6465827400298
2024-01-28 13:45:00,1464.1618904316576,379.19981852965293,1084.9620719020047,1558.6075159163754,690.1732023949055,868.4343135214699,0.0,False,NORMAL,0.9,IDLE,362.0,0.0,0.0,0.0,1084.9620719020047
2024-01-28 14:00:00,1430.410517208174,409.0068908197832,1021.4036263883909,1542.4895439015343,584.0307934530496,958.4587504484847,0.0,False,NORMAL,0.9,IDLE,362.0,0.0,0.0,0.0,1021.4036263883909
2024-01-28 14:15:00,1385.124411535514,654.7917650149664,730.3326465205475,1564.2528567299262,548.4284400320993,1015.8244166978269,0.0,False,NORMAL,0.9,IDLE,362.0,0.0,0.0,0.0,730.3326465205475
2024-01-28 14:30:00,1480.6448241660669,647.0532616856541,833.5915624804128,1525.2791403657418,601.3390405548674,923.9400998108744,0.0,False,NORMAL,0.9,IDLE,362.0,0.0,0.0,0.0,833.5915624804128
2024-01-28 14:45:00,1431.0308428012381,571.6454217373185,859.3854210639196,1550.9967978159664,566.517958896031,984.4788389199354,0.0,False,NORMAL,0.9,IDLE,362.0,0.0,0.0,0.0,859.3854210639196
2024-01-28 15:00:00,1469.3308438002223,550.2863343341095,919.0445094661128,1545.735214914136,529.9594891995117,1015.7757257146242,0.0,False,NORMAL,0.9,IDLE,362.0,0.0,0.0,0.0,919.0445094661128
2024-01-28 15:15:00,1472.8672098771494,514.6083997974664,958.258810079683,1547.8397489134181,538.9325697267425,1008.9071791866756,0.0,False,NORMAL,0.9,IDLE,362.0,0.0,0.0,0.0,958.258810079683
2024-01-28 15:30:00,1468.2652529873221,459.676400061931,1008.5888529253912,1544.4170250955635,374.83830143846944,1169.578723657094,0.0,False,NORMAL,0.9,IDLE,362.0,0.0,0.0,0.0,1008.5888529253912
2024-01-28 15:45:00,1469.1865469427462,400.48827411189563,1068.6982728308506,1537.7096966193826,453.30733791084003,1084.4023587085426,0.0,False,NORMAL,0.9,IDLE,362.0,0.0,0.0,0.0,1068.6982728308506
2024-01-28 16:00:00,1445.7896487686698,361.64339830605627,1084.1462504626136,1530.289259232047,403.35698373723204,1126.932275494815,0.0,False,NORMAL,0.9,IDLE,362.0,0.0,0.0,0.0,1084.1462504626136
2024-01-28 16:15:00,1570.6317775272512,296.8911596838014,1273.7406178434499,1579.7288815584704,353.96475351112935,1225.764128047341,0.0,False,NORMAL,0.9,IDLE,362.0,0.0,0.0,0.0,1273.7406178434499
2024-01-28 16:30:00,1643.8339779581956,257.11052348156534,1386.7234544766302,1637.9546764765967,296.56192753010794,1341.3927489464886,0.0,False,NORMAL,0.9,IDLE,362.0,0.0,0.0,0.0,1386.7234544766302
2024-01-28 16:45:00,1724.4068962031013,214.77929494961165,1509.6276012534895,1723.0735407628733,259.21233560734845,1463.8612051555249,0.0,False,NORMAL,0.9,IDLE,362.0,0.0,0.0,0.0,1509.6276012534895
2024-01-28 17:00:00,1830.2142925583094,187.6772457419481,1642.5370468163612,1813.9377926171558,206.74089291922732,1607.1968996979285,0.0,False,WATCH,0.9,IDLE,362.0,0.0,0.0,0.0,1642.5370468163612
2024-01-28 17:15:00,1855.388012321088,131.953675898123,1723.4343364229649,1876.8025051225698,147.12036042588235,1729.6821446966874,0.0,False,WATCH,0.9,IDLE,362.0,0.0,0.0,0.0,1723.4343364229649
2024-01-28 17:30:00,1979.9248428144344,95.22176183432752,1884.703080980107,1948.0528333615132,130.33043398522418,1817.722399376289,0.0,False,WARNING,0.9,IDLE,362.0,0.0,0.0,0.0,1884.703080980107
2024-01-28 17:45:00,2023.403938738384,61.86385414839086,1961.5400845899933,2030.1684638181102,92.83472495101054,1937.3337388670998,0.0,False,WARNING,0.9,IDLE,362.0,0.0,0.0,0.0,1961.5400845899933
2024-01-28 18:00:00,2018.9354648730173,35.52210122023663,1983.4133636527806,2109.4005421642755,60.314212088467436,2049.0863300758083,0.0,False,WARNING,0.9,IDLE,362.0,0.0,0.0,0.0,1983.4133636527806
2024-01-28 18:15:00,2111.8454686428086,12.441177789516246,2099.4042908532924,2103.433396130501,33.53950467494586,2069.893891455555,0.0,False,WARNING,0.9,IDLE,362.0,0.0,0.0,0.0,2099.4042908532924
2024-01-28 18:30:00,2163.5974797311214,3.895567417129837e-22,2163.5974797311214,2177.5204565175072,13.458909831641291,2164.061546685866,0.0,False,WARNING,0.9,IDLE,362.0,0.0,0.0,0.0,2163.5974797311214
2024-01-28 18:45:00,2217.091738675005,0.0,2217.091738675005,2236.335119301591,3.782778722771688,2232.5523405788194,0.0,False,WARNING,0.9,IDLE,362.0,0.0,0.0,0.0,2217.091738675005
2024-01-28 19:00:00,2192.9212713873144,0.0,2192.9212713873144,2127.0668342020876,0.0,2127.0668342020876,0.0,False,WARNING,0.9,IDLE,362.0,0.0,0.0,0.0,2192.9212713873144
2024-01-28 19:15:00,2259.471760220159,0.0,2259.471760220159,2130.640282488356,0.0,2130.640282488356,0.0,False,WARNING,0.9,IDLE,362.0,0.0,0.0,0.0,2259.471760220159
2024-01-28 19:30:00,2283.895362746198,0.0,2283.895362746198,2151.1427811470853,0.0,2151.1427811470853,0.0,False,WARNING,0.9,IDLE,362.0,0.0,0.0,0.0,2283.895362746198
2024-01-28 19:45:00,2214.328305794293,0.0,2214.328305794293,2195.3638475189796,0.0,2195.3638475189796,0.0,False,WARNING,0.9,IDLE,362.0,0.0,0.0,0.0,2214.328305794293
2024-01-28 20:00:00,2096.172941173743,0.0,2096.172941173743,2149.611134674737,0.0,2149.611134674737,0.0,False,WARNING,0.9,IDLE,362.0,0.0,0.0,0.0,2096.172941173743
2024-01-28 20:15:00,2144.9791695604335,0.0,2144.9791695604335,2101.190762189614,0.0,2101.190762189614,0.0,False,WARNING,0.9,IDLE,362.0,0.0,0.0,0.0,2144.9791695604335
2024-01-28 20:30:00,2093.2401481550855,0.0,2093.2401481550855,2089.869188031981,0.0,2089.869188031981,0.0,False,WARNING,0.9,IDLE,362.0,0.0,0.0,0.0,2093.2401481550855
2024-01-28 20:45:00,2057.5386115010415,0.0,2057.5386115010415,2069.085144802806,0.0,2069.085144802806,0.0,False,WARNING,0.9,IDLE,362.0,0.0,0.0,0.0,2057.5386115010415
2024-01-28 21:00:00,2074.4474456438465,0.0,2074.4474456438465,2019.4947942230515,0.0,2019.4947942230515,0.0,False,WARNING,0.9,IDLE,362.0,0.0,0.0,0.0,2074.4474456438465
2024-01-28 21:15:00,1956.656366505516,0.0,1956.656366505516,1972.0307441712107,0.0,1972.0307441712107,0.0,False,WARNING,0.9,IDLE,362.0,0.0,0.0,0.0,1956.656366505516
2024-01-28 21:30:00,1882.6063329837643,0.0,1882.6063329837643,1940.6461851343074,0.0,1940.6461851343074,0.0,False,WATCH,0.9,IDLE,362.0,0.0,0.0,0.0,1882.6063329837643
2024-01-28 21:45:00,1726.8752856488156,0.0,1726.8752856488156,1846.730817052301,0.0,1846.730817052301,0.0,False,WATCH,0.9,IDLE,362.0,0.0,0.0,0.0,1726.8752856488156
2024-01-28 22:00:00,1562.5013393946897,0.0,1562.5013393946897,1711.453678627349,0.0,1711.453678627349,0.0,False,NORMAL,0.9,IDLE,362.0,0.0,0.0,0.0,1562.5013393946897
2024-01-28 22:15:00,1393.656659759832,0.0,1393.656659759832,1546.4003865087743,0.0,1546.4003865087743,0.0,False,NORMAL,0.9,IDLE,362.0,0.0,0.0,0.0,1393.656659759832
2024-01-28 22:30:00,1264.083103924779,0.0,1264.083103924779,1410.1223285128076,0.0,1410.1223285128076,0.0,False,NORMAL,0.9,IDLE,362.0,0.0,0.0,0.0,1264.083103924779
2024-01-28 22:45:00,1192.2524206915143,0.0,1192.2524206915143,1273.5757229997485,0.0,1273.5757229997485,0.0,False,NORMAL,0.9,IDLE,362.0,0.0,0.0,0.0,1192.2524206915143
2024-01-28 23:00:00,946.7269033247688,0.0,946.7269033247688,1157.7823104107176,0.0,1157.7823104107176,0.0,False,NORMAL,0.9,IDLE,362.0,0.0,0.0,0.0,1006.7269033247688
2024-01-28 23:15:00,1001.0155122955885,0.0,1001.0155122955885,1026.857773886716,0.0,1026.857773886716,0.0,False,NORMAL,0.9,IDLE,362.0,0.0,0.0,0.0,1061.0155122955885
2024-01-28 23:30:00,899.9990363833014,0.0,899.9990363833014,970.9652863997646,0.0,970.9652863997646,0.0,False,NORMAL,0.9,IDLE,362.0,0.0,0.0,0.0,959.9990363833014
2024-01-28 23:45:00,812.2544159320494,0.0,812.2544159320494,914.9734182565309,0.0,914.9734182565309,0.0,False,NORMAL,0.9,IDLE,362.0,0.0,0.0,0.0,872.2544159320494
2024-01-29 00:00:00,817.7544111542359,0.0,817.7544111542359,816.7120919692044,0.0,816.7120919692044,0.0,False,NORMAL,0.9,IDLE,362.0,0.0,0.0,0.0,877.7544111542359
2024-01-29 00:15:00,690.2829300124151,0.0,690.2829300124151,847.2452216054786,0.0,847.2452216054786,0.0,False,NORMAL,0.9,IDLE,362.0,0.0,0.0,0.0,750.2829300124151
2024-01-29 00:30:00,813.9544369992748,0.0,813.9544369992748,778.4648125908467,0.0,778.4648125908467,0.0,False,NORMAL,0.9,IDLE,362.0,0.0,0.0,0.0,873.9544369992748
2024-01-29 00:45:00,798.1913906771499,0.0,798.1913906771499,802.0347289934094,0.0,802.0347289934094,0.0,False,NORMAL,0.9,IDLE,362.0,0.0,0.0,0.0,858.1913906771499
2024-01-29 01:00:00,788.8379478332262,0.0,788.8379478332262,789.5634860641434,0.0,789.5634860641434,0.0,False,NORMAL,0.9,IDLE,362.0,0.0,0.0,0.0,848.8379478332262
2024-01-29 01:15:00,784.6824396112006,0.0,784.6824396112006,799.3797512422432,0.0,799.3797512422432,0.0,False,NORMAL,0.9,IDLE,362.0,0.0,0.0,0.0,844.6824396112006
2024-01-29 01:30:00,845.3634330481477,0.0,845.3634330481477,794.3148490364447,0.0,794.3148490364447,0.0,False,NORMAL,0.9,IDLE,362.0,0.0,0.0,0.0,905.3634330481477
2024-01-29 01:45:00,768.6280153582527,0.0,768.6280153582527,794.7837723386531,0.0,794.7837723386531,0.0,False,NORMAL,0.9,IDLE,362.0,0.0,0.0,0.0,828.6280153582527
2024-01-29 02:00:00,766.6124289387219,0.0,766.6124289387219,810.9596521707975,0.0,810.9596521707975,0.0,False,NORMAL,0.9,IDLE,362.0,0.0,0.0,0.0,826.6124289387219
2024-01-29 02:15:00,835.945782859852,0.0,835.945782859852,786.802268140976,0.0,786.802268140976,0.0,False,NORMAL,0.9,IDLE,362.0,0.0,0.0,0.0,895.945782859852
2024-01-29 02:30:00,874.2787088357952,0.0,874.2787088357952,796.1229039471771,0.0,796.1229039471771,0.0,False,NORMAL,0.9,IDLE,362.0,0.0,0.0,0.0,934.2787088357952
2024-01-29 02:45:00,796.6079168544005,0.0,796.6079168544005,804.7236429173003,0.0,804.7236429173003,0.0,False,NORMAL,0.9,IDLE,362.0,0.0,0.0,0.0,856.6079168544005
2024-01-29 03:00:00,807.1112178079347,0.0,807.1112178079347,810.26555558417,0.0,810.26555558417,0.0,False,NORMAL,0.9,IDLE,362.0,0.0,0.0,0.0,867.1112178079347
2024-01-29 03:15:00,816.8879135973992,0.0,816.8879135973992,820.0923417957915,0.0,820.0923417957915,0.0,False,NORMAL,0.9,IDLE,362.0,0.0,0.0,0.0,876.8879135973992
2024-01-29 03:30:00,779.3486268632188,0.0,779.3486268632188,821.6813988174849,0.0,821.6813988174849,0.0,False,NORMAL,0.9,IDLE,362.0,0.0,0.0,0.0,839.3486268632188
2024-01-29 03:45:00,764.9140660367755,0.0,764.9140660367755,798.6199961075067,0.0,798.6199961075067,0.0,False,NORMAL,0.9,IDLE,362.0,0.0,0.0,0.0,824.9140660367755
2024-01-29 04:00:00,847.0283479680763,0.0,847.0283479680763,817.5910660579209,0.0,817.5910660579209,0.0,False,NORMAL,0.9,IDLE,362.0,0.0,0.0,0.0,907.0283479680763
2024-01-29 04:15:00,856.1299530605298,0.0,856.1299530605298,818.881641800113,0.0,818.881641800113,0.0,False,NORMAL,0.9,IDLE,362.0,0.0,0.0,0.0,916.1299530605298
2024-01-29 04:30:00,817.6945475817834,0.0,817.6945475817834,822.1987532156276,0.0,822.1987532156276,0.0,False,NORMAL,0.9,IDLE,362.0,0.0,0.0,0.0,877.6945475817834
2024-01-29 04:45:00,754.2485622429328,0.0,754.2485622429328,827.7053720397656,0.0,827.7053720397656,0.0,False,NORMAL,0.9,IDLE,362.0,0.0,0.0,0.0,814.2485622429328
2024-01-29 05:00:00,836.2512234826563,0.0,836.2512234826563,772.9692898513312,0.0,772.9692898513312,0.0,False,NORMAL,0.9,IDLE,362.0,0.0,0.0,0.0,896.2512234826563
2024-01-29 05:15:00,836.5864767254716,0.0,836.5864767254716,850.550604608027,0.0,850.550604608027,0.0,False,NORMAL,0.9,IDLE,362.0,0.0,0.0,0.0,896.5864767254716
2024-01-29 05:30:00,965.8132112467175,0.0,965.8132112467175,920.2470308269759,0.0,920.2470308269759,0.0,False,NORMAL,0.9,IDLE,362.0,0.0,0.0,0.0,965.8132112467175
2024-01-29 05:45:00,1085.6480689647913,0.0,1085.6480689647913,978.5534307856686,0.0,978.5534307856686,0.0,False,NORMAL,0.9,IDLE,362.0,0.0,0.0,0.0,1085.6480689647913
2024-01-29 06:00:00,1201.3562232191362,3.5296369893776176e-22,1201.3562232191362,1070.830935217097,1.7019159252915899e-22,1070.830935217097,0.0,False,NORMAL,0.9,IDLE,362.0,0.0,0.0,0.0,1201.3562232191362
2024-01-29 06:15:00,1304.7121761881592,12.588967586979647,1292.1232086011796,1168.014362269722,5.607056146298318,1162.4073061234235,0.0,False,NORMAL,0.9,IDLE,362.0,0.0,0.0,0.0,1292.1232086011796
2024-01-29 06:30:00,1408.8916300978774,33.88824685580759,1375.0033832420697,1279.0912192081362,19.723100559578967,1259.3681186485571,0.0,False,NORMAL,0.9,IDLE,362.0,0.0,0.0,0.0,1375.0033832420697
2024-01-29 06:45:00,1472.625173372191,33.98077556968699,1438.644397802504,1381.1690035844513,41.590316869455165,1339.5786867149961,0.0,False,NORMAL,0.9,IDLE,362.0,0.0,0.0,0.0,1438.644397802504
2024-01-29 07:00:00,1598.6633802071926,91.57505194245455,1507.088328264738,1510.6800722885853,36.34968663298108,1474.3303856556042,0.0,False,NORMAL,0.9,IDLE,362.0,0.0,0.0,0.0,1507.088328264738
2024-01-29 07:15:00,1706.235613569369,134.7901062522816,1571.4455073170875,1549.980394511658,76.7602444148127,1473.2201500968454,0.0,False,NORMAL,0.9,IDLE,362.0,0.0,0.0,0.0,1571.4455073170875
2024-01-29 07:30:00,1703.147680939038,171.89452085276088,1531.2531600862771,1645.592858093007,141.60294166934375,1503.989916423663,0.0,False,NORMAL,0.9,IDLE,362.0,0.0,0.0,0.0,1531.2531600862771
2024-01-29 07:45:00,1853.9443425812556,214.5263987096909,1639.4179438715646,1698.963131210118,176.75865030119417,1522.2044809089239,0.0,False,NORMAL,0.9,IDLE,362.0,0.0,0.0,0.0,1639.4179438715646
2024-01-29 08:00:00,1981.0012799507358,249.54925201659586,1731.45202793414,1758.3448177520565,229.40088108569148,1528.943936666365,0.0,False,NORMAL,0.9,IDLE,362.0,0.0,0.0,0.0,1731.45202793414
2024-01-29 08:15:00,2004.3053847286842,220.69447040861684,1783.6109143200674,1855.2701763385444,270.61289196340164,1584.6572843751428,0.0,False,NORMAL,0.9,IDLE,362.0,0.0,0.0,0.0,1783.6109143200674
2024-01-29 08:30:00,2111.4832655046393,350.8572342696418,1760.6260312349975,1880.7792132233697,283.5363296243699,1597.2428835989997,0.0,False,NORMAL,0.9,IDLE,362.0,0.0,0.0,0.0,1760.6260312349975
2024-01-29 08:45:00,2195.90963519119,377.93988585138396,1817.969749339806,1953.65988286688,340.1133939473344,1613.5464889195457,0.0,False,NORMAL,0.9,IDLE,362.0,0.0,0.0,0.0,1817.969749339806
2024-01-29 09:00:00,1857.4150070121896,410.9807763871022,1446.4342306250874,1746.475819921873,389.40918309384523,1357.0666368280276,0.0,False,NORMAL,0.9,IDLE,362.0,0.0,0.0,0.0,1446.4342306250874
2024-01-29 09:15:00,1877.5518512962337,479.90435654436226,1397.6474947518714,1700.2184004566768,305.222951610394,1394.995448846283,0.0,False,NORMAL,0.9,IDLE,362.0,0.0,0.0,0.0,1397.6474947518714
2024-01-29 09:30:00,1798.4866453889774,488.3754701685653,1310.1111752204122,1641.472649801957,488.70375504874954,1152.7688947532074,0.0,False,NORMAL,0.9,IDLE,362.0,0.0,0.0,0.0,1310.1111752204122
2024-01-29 09:45:00,1812.873890298436,553.9807473540164,1258.8931429444197,1628.9989909674196,519.0383835035179,1109.9606074639016,0.0,False,NORMAL,0.9,IDLE,362.0,0.0,0.0,0.0,1258.8931429444197
2024-01-29 10:00:00,1793.127204174822,580.0725596063338,1213.0546445684881,1647.912740412058,413.47385002275354,1234.4388903893043,0.0,False,NORMAL,0.9,IDLE,362.0,0.0,0.0,0.0,1213.0546445684881
2024-01-29 10:15:00,1806.117516291738,334.0360064348915,1472.0815098568464,1656.7725963148616,606.3383276845906,1050.4342686302712,0.0,False,NORMAL,0.9,IDLE,362.0,0.0,0.0,0.0,1472.0815098568464
2024-01-29 10:30:00,1834.7420099114036,644.5873622887888,1190.154647622615,1632.4992110314774,365.9666439231674,1266.53256710831,0.0,False,NORMAL,0.9,IDLE,362.0,0.0,0.0,0.0,1190.154647622615
2024-01-29 10:45:00,1783.3070089182836,702.0079010341195,1081.2991078841642,1646.7713303609298,559.4870987112723,1087.2842316496576,0.0,False,NORMAL,0.9,IDLE,362.0,0.0,0.0,0.0,1081.2991078841642
2024-01-29 11:00:00,1762.5133210057131,692.0537805243665,1070.4595404813467,1654.787428364719,672.3613193276465,982.4261090370726,0.0,False,NORMAL,0.9,IDLE,362.0,0.0,0.0,0.0,1070.4595404813467
2024-01-29 11:15:00,1843.1429635826125,744.0885159580479,1099.0544476245645,1613.7085403008991,693.7896919094431,919.918848391456,0.0,False,NORMAL,0.9,IDLE,362.0,0.0,0.0,0.0,1099.0544476245645
2024-01-29 11:30:00,1838.316217520097,783.4058169233608,1054.9104005967363,1663.6610711554015,755.0892527246613,908.5718184307402,0.0,False,NORMAL,0.9,IDLE,362.0,0.0,0.0,0.0,1054.9104005967363
2024-01-29 11:45:00,1777.852546056115,498.05926244635435,1279.7932836097607,1623.9464881222848,755.6339604481399,868.3125276741449,0.0,False,NORMAL,0.9,IDLE,362.0,0.0,0.0,0.0,1279.7932836097607
2024-01-29 12:00:00,1758.603829865009,762.2258829238059,996.377946941203,1670.3009566161586,687.2788783040404,983.0220783121182,0.0,False,NORMAL,0.9,IDLE,362.0,0.0,0.0,0.0,996.377946941203
2024-01-29 12:15:00,1758.4826948088576,820.342797058982,938.1398977498756,1616.7697295749488,761.5868755483822,855.1828540265666,0.0,False,NORMAL,0.9,IDLE,362.0,0.0,0.0,0.0,938.1398977498756
2024-01-29 12:30:00,1773.072021358932,757.1154123686341,1015.9566089902979,1626.7092748604387,767.8215458715229,858.8877289889158,0.0,False,NORMAL,0.9,IDLE,362.0,0.0,0.0,0.0,1015.9566089902979
2024-01-29 12:45:00,1765.2787958977126,750.2901253857764,1014.9886705119362,1643.2362063698881,566.5439163089467,1076.6922900609416,0.0,False,NORMAL,0.9,IDLE,362.0,0.0,0.0,0.0,1014.9886705119362
2024-01-29 13:00:00,1758.697077171055,755.2547732197702,1003.4423039512849,1605.836513985614,758.9907719756632,846.8457420099508,0.0,False,NORMAL,0.9,IDLE,362.0,0.0,0.0,0.0,1003.4423039512849
2024-01-29 13:15:00,1807.7730940292745,723.3065486572648,1084.4665453720097,1633.1181682673496,752.6612971004841,880.4568711668654,0.0,False,NORMAL,0.9,IDLE,362.0,0.0,0.0,0.0,1084.4665453720097
2024-01-29 13:30:00,1781.637299913322,666.896752670959,1114.740547242363,1637.62313512989,725.518006421965,912.105128707925,0.0,False,NORMAL,0.9,IDLE,362.0,0.0,0.0,0.0,1114.740547242363
2024-01-29 13:45:00,1772.3758278875,702.5177732551319,1069.858054632368,1632.4798166148153,555.8725530981259,1076.6072635166893,0.0,False,NORMAL,0.9,IDLE,362.0,0.0,0.0,0.0,1069.858054632368
2024-01-29 14:00:00,1818.6510700992742,613.0804525519877,1205.5706175472865,1615.7179818086395,567.2120549421355,1048.505926866504,0.0,False,NORMAL,0.9,IDLE,362.0,0.0,0.0,0.0,1205.5706175472865
2024-01-29 14:15:00,1799.2910734476163,613.9058301669322,1185.385243280684,1609.9955897794696,648.4874828326523,961.5081069468173,0.0,False,NORMAL,0.9,IDLE,362.0,0.0,0.0,0.0,1185.385243280684
2024-01-29 14:30:00,1832.447803969555,609.2590396425976,1223.1887643269574,1649.1442148815477,637.5258493187335,1011.6183655628141,0.0,False,NORMAL,0.9,IDLE,362.0,0.0,0.0,0.0,1223.1887643269574
2024-01-29 14:45:00,1812.0858314565585,545.5671735739201,1266.5186578826383,1637.8803272532803,596.6574855637429,1041.2228416895373,0.0,False,NORMAL,0.9,IDLE,362.0,0.0,0.0,0.0,1266.5186578826383
2024-01-29 15:00:00,1819.5600756045671,501.9019150605726,1317.6581605439947,1654.6459271696367,559.1559087408422,1095.4900184287944,0.0,False,NORMAL,0.9,IDLE,362.0,0.0,0.0,0.0,1317.6581605439947
2024-01-29 15:15:00,1822.2083525955861,484.1196109249296,1338.0887416706564,1656.8267863094902,524.2153502813501,1132.6114360281401,0.0,False,NORMAL,0.9,IDLE,362.0,0.0,0.0,0.0,1338.0887416706564
2024-01-29 15:30:00,1846.1131635866218,418.26744737068395,1427.845716215938,1657.8382368657797,485.17412527040466,1172.664111595375,0.0,False,NORMAL,0.9,IDLE,362.0,0.0,0.0,0.0,1427.845716215938
2024-01-29 15:45:00,1842.4147306247035,371.53631240252145,1470.878418222182,1665.0170732866952,425.9297714900858,1239.0873017966094,0.0,False,NORMAL,0.9,IDLE,362.0,0.0,0.0,0.0,1470.878418222182
2024-01-29 16:00:00,1854.4989014471687,344.3278075550547,1510.171093892114,1654.6369005977456,385.0210186661529,1269.6158819315926,0.0,False,NORMAL,0.9,IDLE,362.0,0.0,0.0,0.0,1510.171093892114
2024-01-29 16:15:00,1931.6340062447232,295.6166693348208,1636.0173369099025,1719.0110678566466,335.5295836525872,1383.4814842040594,0.0,False,NORMAL,0.9,IDLE,362.0,0.0,0.0,0.0,1636.0173369099025
2024-01-29 16:30:00,2027.1292732937936,243.95293396458962,1783.176339329204,1778.8173795115833,290.4128719559237,1488.4045075556596,0.0,False,NORMAL,0.9,IDLE,362.0,0.0,0.0,0.0,1783.176339329204
2024-01-29 16:45:00,2039.8956345530248,214.5751268751671,1825.3205076778577,1853.498234900336,246.10004538391897,1607.398189516417,0.0,False,WATCH,0.9,IDLE,362.0,0.0,0.0,0.0,1825.3205076778577
2024-01-29 17:00:00,2123.2501015953067,171.62646253225677,1951.62363906305,1922.0173370397536,214.85394849411009,1707.1633885456436,0.0,False,WATCH,0.9,IDLE,362.0,0.0,0.0,0.0,1951.62363906305
2024-01-29 17:15:00,2169.28627920527,91.0958182613912,2078.190460943879,1974.8495544344662,165.23894527466146,1809.6106091598047,0.0,False,WARNING,0.9,IDLE,362.0,0.0,0.0,0.0,2078.190460943879
2024-01-29 17:30:00,2254.9519495713334,93.16588334225011,2161.786066229083,2062.5316177655395,114.58089025001583,1947.9507275155238,0.0,False,WARNING,0.9,IDLE,362.0,0.0,0.0,0.0,2161.786066229083
2024-01-29 17:45:00,2290.09041537194,62.33864666347434,2227.7517687084655,2121.1743222095897,88.08232212878107,2033.0920000808087,0.0,False,WARNING,0.9,IDLE,362.0,0.0,0.0,0.0,2227.7517687084655
2024-01-29 18:00:00,2313.7639139906523,18.864533109877488,2294.899380880775,2147.54265000857,56.84721511313017,2090.69543489544,0.0,False,WARNING,0.9,IDLE,362.0,0.0,0.0,0.0,2294.899380880775
2024-01-29 18:15:00,2332.989845108234,11.822873687205716,2321.1669714210284,2210.1749623700225,24.782059632875598,2185.392902737147,0.0,False,WARNING,0.8888594887257746,DISCHARGING,362.0,0.0,21.166971421028393,0.0,2300.0
2024-01-29 18:30:00,2340.380664687806,3.7025467119423913e-22,2340.380664687806,2249.9063175283777,12.077317964073853,2237.828999564304,0.0,False,CRITICAL,0.8787470185853653,DISCHARGING,317.0,0.0,40.380664687806075,0.0,2300.0
2024-01-29 18:45:00,2428.4303274146387,0.0,2428.4303274146387,2283.333140002486,2.3877929498339525,2280.945347052652,0.0,False,CRITICAL,0.8416615073130035,DISCHARGING,177.0,0.0,128.43032741463867,0.0,2300.0
2024-01-29 19:00:00,2390.9213772582634,0.0,2390.9213772582634,2301.3092270426023,0.0,2301.3092270426023,1.3092270426022878,False,CRITICAL,0.8416615073130035,RESERVED,177.0,0.0,165.47486924378973,0.0,2225.4465080144737
2024-01-29 19:15:00,2324.824660854926,0.0,2324.824660854926,2329.2054922114635,0.0,2329.2054922114635,29.20549221146348,False,CRITICAL,0.8416615073130035,RESERVED,177.0,0.0,163.8330285789716,0.0,2160.9916322759545
2024-01-29 19:30:00,2319.8076378229275,0.0,2319.8076378229275,2322.9093384192706,0.0,2322.9093384192706,22.909338419270625,False,CRITICAL,0.8416615073130035,RESERVED,72.0,0.0,200.66465496586625,0.0,2119.1429828570613
2024-01-29 19:45:00,2329.6845574876115,0.0,2329.6845574876115,2286.7230011090933,0.0,2286.7230011090933,0.0,False,WARNING,0.8416615073130035,IDLE,72.0,0.0,248.5510728057152,0.0,2081.1334846818963
2024-01-29 20:00:00,2289.4063602477754,0.0,2289.4063602477754,2224.9854862513375,0.0,2224.9854862513375,0.0,False,WARNING,0.8416615073130035,IDLE,72.0,0.0,248.5510728057152,0.0,2040.8552874420602
2024-01-29 20:15:00,2238.727306146696,0.0,2238.727306146696,2229.7588987573495,0.0,2229.7588987573495,0.0,False,WARNING,0.8416615073130035,IDLE,72.0,0.0,227.3841013846868,0.0,2011.343204762009
2024-01-29 20:30:00,2237.558604920127,0.0,2237.558604920127,2186.8516848802687,0.0,2186.8516848802687,0.0,False,WARNING,0.8416615073130035,IDLE,117.0,0.0,191.50690696826496,0.0,2046.051697951862
2024-01-29 20:45:00,2142.7465203336033,0.0,2142.7465203336033,2160.8726823556663,0.0,2160.8726823556663,0.0,False,WARNING,0.8416615073130035,IDLE,117.0,0.0,83.99989372162645,0.0,2058.746626611977
2024-01-29 21:00:00,2090.6551700860286,0.0,2090.6551700860286,2132.7903065814166,0.0,2132.7903065814166,0.0,False,WARNING,0.8416615073130035,IDLE,257.0,0.0,24.97707942057832,0.0,2065.6780906654503
2024-01-29 21:15:00,2036.2677636526585,0.0,2036.2677636526585,2051.1904012410955,0.0,2051.1904012410955,0.0,False,WARNING,0.8416615073130035,IDLE,362.0,0.0,0.0,0.0,2036.2677636526585
2024-01-29 21:30:00,1913.428325345542,0.0,1913.428325345542,1987.6503495180666,0.0,1987.6503495180666,0.0,False,WARNING,0.8416615073130035,IDLE,362.0,0.0,0.0,0.0,1913.428325345542
2024-01-29 21:45:00,1866.3037339775758,0.0,1866.3037339775758,1860.0792075198235,0.0,1860.0792075198235,0.0,False,WATCH,0.8416615073130035,IDLE,362.0,0.0,0.0,0.0,1866.3037339775758
2024-01-29 22:00:00,1635.9049727360302,0.0,1635.9049727360302,1750.7383889447658,0.0,1750.7383889447658,0.0,False,WATCH,0.8416615073130035,IDLE,362.0,0.0,0.0,0.0,1635.9049727360302
2024-01-29 22:15:00,1451.7756034466483,0.0,1451.7756034466483,1583.4756104091782,0.0,1583.4756104091782,0.0,False,NORMAL,0.8416615073130035,IDLE,362.0,0.0,0.0,0.0,1451.7756034466483
2024-01-29 22:30:00,1303.3690595271523,0.0,1303.3690595271523,1432.9003804428728,0.0,1432.9003804428728,0.0,False,NORMAL,0.8416615073130035,IDLE,362.0,0.0,0.0,0.0,1303.3690595271523
2024-01-29 22:45:00,1110.5797679584261,0.0,1110.5797679584261,1317.51995251526,0.0,1317.51995251526,0.0,False,NORMAL,0.8416615073130035,IDLE,362.0,0.0,0.0,0.0,1110.5797679584261
2024-01-29 23:00:00,1065.5822712829702,0.0,1065.5822712829702,1097.8890737290756,0.0,1097.8890737290756,0.0,False,NORMAL,0.8416615073130035,IDLE,362.0,0.0,0.0,0.0,1125.5822712829702
2024-01-29 23:15:00,970.2330099345608,0.0,970.2330099345608,1066.9321145365598,0.0,1066.9321145365598,0.0,False,NORMAL,0.8416615073130035,IDLE,362.0,0.0,0.0,0.0,1030.2330099345609
2024-01-29 23:30:00,975.0259026285678,0.0,975.0259026285678,961.2799451391041,0.0,961.2799451391041,0.0,False,NORMAL,0.8416615073130035,IDLE,362.0,0.0,0.0,0.0,1035.0259026285678
2024-01-29 23:45:00,880.2777319716895,0.0,880.2777319716895,895.2270414939884,0.0,895.2270414939884,0.0,False,NORMAL,0.8416615073130035,IDLE,362.0,0.0,0.0,0.0,940.2777319716895
2024-01-30 00:00:00,732.7588105148593,0.0,732.7588105148593,863.0435002320219,0.0,863.0435002320219,0.0,False,NORMAL,0.9,CHARGING,362.0,0.0,0.0,0.0,915.5766898559046
2024-01-30 00:15:00,702.3877310737713,0.0,702.3877310737713,747.2329975396107,0.0,747.2329975396107,0.0,False,NORMAL,0.9,IDLE,362.0,0.0,0.0,0.0,762.3877310737713
2024-01-30 00:30:00,807.0376296091806,0.0,807.0376296091806,779.5025982854887,0.0,779.5025982854887,0.0,False,NORMAL,0.9,IDLE,362.0,0.0,0.0,0.0,867.0376296091806
2024-01-30 00:45:00,728.9866354160267,0.0,728.9866354160267,786.5134467099,0.0,786.5134467099,0.0,False,NORMAL,0.9,IDLE,362.0,0.0,0.0,0.0,788.9866354160267
2024-01-30 01:00:00,823.036510284795,0.0,823.036510284795,753.1043790598573,0.0,753.1043790598573,0.0,False,NORMAL,0.9,IDLE,362.0,0.0,0.0,0.0,883.036510284795
2024-01-30 01:15:00,779.2589872981889,0.0,779.2589872981889,782.2332369162564,0.0,782.2332369162564,0.0,False,NORMAL,0.9,IDLE,362.0,0.0,0.0,0.0,839.2589872981889
2024-01-30 01:30:00,752.8845715296875,0.0,752.8845715296875,806.9872068828632,0.0,806.9872068828632,0.0,False,NORMAL,0.9,IDLE,362.0,0.0,0.0,0.0,812.8845715296875
2024-01-30 01:45:00,735.6602295145032,0.0,735.6602295145032,763.099051172797,0.0,763.099051172797,0.0,False,NORMAL,0.9,IDLE,362.0,0.0,0.0,0.0,795.6602295145032
2024-01-30 02:00:00,733.3827907133514,0.0,733.3827907133514,762.5270731015598,0.0,762.5270731015598,0.0,False,NORMAL,0.9,IDLE,362.0,0.0,0.0,0.0,793.3827907133514
2024-01-30 02:15:00,690.9827947650117,0.0,690.9827947650117,787.6583482229017,0.0,787.6583482229017,0.0,False,NORMAL,0.9,IDLE,362.0,0.0,0.0,0.0,750.9827947650117
2024-01-30 02:30:00,734.2869354552378,0.0,734.2869354552378,786.0344510821487,0.0,786.0344510821487,0.0,False,NORMAL,0.9,IDLE,362.0,0.0,0.0,0.0,794.2869354552378
2024-01-30 02:45:00,761.4223470259064,0.0,761.4223470259064,759.9329849947567,0.0,759.9329849947567,0.0,False,NORMAL,0.9,IDLE,362.0,0.0,0.0,0.0,821.4223470259064
2024-01-30 03:00:00,726.7596396122465,0.0,726.7596396122465,770.7355892973709,0.0,770.7355892973709,0.0,False,NORMAL,0.9,IDLE,362.0,0.0,0.0,0.0,786.7596396122465
2024-01-30 03:15:00,694.0401027729811,0.0,694.0401027729811,768.0414469806207,0.0,768.0414469806207,0.0,False,NORMAL,0.9,IDLE,362.0,0.0,0.0,0.0,754.0401027729811
2024-01-30 03:30:00,733.6037379892571,0.0,733.6037379892571,744.075353444045,0.0,744.075353444045,0.0,False,NORMAL,0.9,IDLE,362.0,0.0,0.0,0.0,793.6037379892571
2024-01-30 03:45:00,775.7931424169626,0.0,775.7931424169626,746.6147184102482,0.0,746.6147184102482,0.0,False,NORMAL,0.9,IDLE,362.0,0.0,0.0,0.0,835.7931424169626
2024-01-30 04:00:00,812.3805581126317,0.0,812.3805581126317,795.6818348937057,0.0,795.6818348937057,0.0,False,NORMAL,0.9,IDLE,362.0,0.0,0.0,0.0,872.3805581126317
2024-01-30 04:15:00,724.7562833548961,0.0,724.7562833548961,816.3564955754501,0.0,816.3564955754501,0.0,False,NORMAL,0.9,IDLE,362.0,0.0,0.0,0.0,784.7562833548961
2024-01-30 04:30:00,756.9333793489034,0.0,756.9333793489034,780.1815893961153,0.0,780.1815893961153,0.0,False,NORMAL,0.9,IDLE,362.0,0.0,0.0,0.0,816.9333793489034
2024-01-30 04:45:00,752.9867159116354,0.0,752.9867159116354,759.0790609940071,0.0,759.0790609940071,0.0,False,NORMAL,0.9,IDLE,362.0,0.0,0.0,0.0,812.9867159116354
2024-01-30 05:00:00,700.680370163047,0.0,700.680370163047,795.4250024423903,0.0,795.4250024423903,0.0,False,NORMAL,0.9,IDLE,362.0,0.0,0.0,0.0,760.680370163047
2024-01-30 05:15:00,767.3710620984559,0.0,767.3710620984559,775.3221655874547,0.0,775.3221655874547,0.0,False,NORMAL,0.9,IDLE,362.0,0.0,0.0,0.0,827.3710620984559
2024-01-30 05:30:00,989.0916642382563,0.0,989.0916642382563,853.1955213977262,0.0,853.1955213977262,0.0,False,NORMAL,0.9,IDLE,362.0,0.0,0.0,0.0,989.0916642382563
2024-01-30 05:45:00,990.488894229664,0.0,990.488894229664,977.2973791110359,0.0,977.2973791110359,0.0,False,NORMAL,0.9,IDLE,362.0,0.0,0.0,0.0,990.488894229664
2024-01-30 06:00:00,1072.9842880858607,3.680245853779665e-22,1072.9842880858607,1050.4860573119076,1.6471639283762216e-22,1050.4860573119076,0.0,False,NORMAL,0.9,IDLE,362.0,0.0,0.0,0.0,1072.9842880858607
2024-01-30 06:15:00,1157.2441128870726,12.3087028245916,1144.935410062481,1150.4962323442737,5.874851540590503,1144.6213808036832,0.0,False,NORMAL,0.9,IDLE,362.0,0.0,0.0,0.0,1144.935410062481
2024-01-30 06:30:00,1336.250298512202,33.107073935956,1303.1432245762462,1249.7567649149494,19.60969857029262,1230.1470663446567,0.0,False,NORMAL,0.9,IDLE,362.0,0.0,0.0,0.0,1303.1432245762462
2024-01-30 06:45:00,1428.9427767855266,59.75992621028036,1369.1828505752462,1348.8040296507106,27.091434964822998,1321.7125946858876,0.0,False,NORMAL,0.9,IDLE,362.0,0.0,0.0,0.0,1369.1828505752462
2024-01-30 07:00:00,1537.5971651900154,97.05156054731961,1440.5456046426957,1466.323149308579,64.94564955136087,1401.3774997572182,0.0,False,NORMAL,0.9,IDLE,362.0,0.0,0.0,0.0,1440.5456046426957
2024-01-30 07:15:00,1530.0972868861752,125.76329875743315,1404.333988128742,1578.0212347288991,101.59092266739063,1476.4303120615084,0.0,False,NORMAL,0.9,IDLE,362.0,0.0,0.0,0.0,1404.333988128742
2024-01-30 07:30:00,1647.0436623675314,177.9267636463686,1469.1168987211627,1600.4208096628108,134.82100690595996,1465.5998027568507,0.0,False,NORMAL,0.9,IDLE,362.0,0.0,0.0,0.0,1469.1168987211627
2024-01-30 07:45:00,1701.9304515264062,212.11063687305497,1489.8198146533512,1722.9700358173097,178.52097031507216,1544.4490655022375,0.0,False,NORMAL,0.9,IDLE,362.0,0.0,0.0,0.0,1489.8198146533512
2024-01-30 08:00:00,1887.1146191145983,244.57605314879078,1642.5385659658075,1815.299388865816,215.2522325561968,1600.0471563096191,0.0,False,NORMAL,0.9,IDLE,362.0,0.0,0.0,0.0,1642.5385659658075
2024-01-30 08:15:00,1858.7107472004805,181.81129010126875,1676.8994570992118,1894.86103434322,221.07737661402163,1673.7836577291982,0.0,False,NORMAL,0.9,IDLE,362.0,0.0,0.0,0.0,1676.8994570992118
2024-01-30 08:30:00,1983.2186492807039,349.5921200395024,1633.6265292412015,1961.3958079102194,271.8486347310097,1689.5471731792097,0.0,False,WATCH,0.9,IDLE,362.0,0.0,0.0,0.0,1633.6265292412015
2024-01-30 08:45:00,2010.4585305114297,384.12097569378926,1626.3375548176405,2054.5063286845916,335.87701726449495,1718.6293114200967,0.0,False,NORMAL,0.9,IDLE,362.0,0.0,0.0,0.0,1626.3375548176405
2024-01-30 09:00:00,1659.58889764653,434.6981992590893,1224.8906983874408,1925.6654556832775,372.46699608001325,1553.1984596032644,0.0,False,NORMAL,0.9,IDLE,362.0,0.0,0.0,0.0,1224.8906983874408
2024-01-30 09:15:00,1705.7391649856856,205.88082654762232,1499.8583384380634,1837.344002456486,431.1369275095325,1406.2070749469535,0.0,False,NORMAL,0.9,IDLE,362.0,0.0,0.0,0.0,1499.8583384380634
2024-01-30 09:30:00,1679.652679362226,515.6437780780229,1164.0089012842031,1795.1594252794764,384.3079130890532,1410.8515121904231,0.0,False,NORMAL,0.9,IDLE,362.0,0.0,0.0,0.0,1164.0089012842031
2024-01-30 09:45:00,1695.1138665053988,542.4687869415534,1152.6450795638455,1769.334679749767,497.60341454248015,1271.731265207287,0.0,False,NORMAL,0.9,IDLE,362.0,0.0,0.0,0.0,1152.6450795638455
2024-01-30 10:00:00,1696.4015465217371,589.7605100893107,1106.6410364324265,1732.6900004757533,528.1992361182763,1204.490764357477,0.0,False,NORMAL,0.9,IDLE,362.0,0.0,0.0,0.0,1106.6410364324265
2024-01-30 10:15:00,1753.3897030007251,357.94705473188134,1395.4426482688439,1742.819691671444,438.51379399188835,1304.3058976795555,0.0,False,NORMAL,0.9,IDLE,362.0,0.0,0.0,0.0,1395.4426482688439
2024-01-30 10:30:00,1699.4810326720085,693.566067339009,1005.9149653329995,1769.858304517641,539.7573975351845,1230.1009069824565,0.0,False,NORMAL,0.9,IDLE,362.0,0.0,0.0,0.0,1005.9149653329995
2024-01-30 10:45:00,1723.5792140597077,296.04771785236716,1427.5314962073405,1734.697218975271,656.0315628333343,1078.6656561419368,0.0,False,NORMAL,0.9,IDLE,362.0,0.0,0.0,0.0,1427.5314962073405
2024-01-30 11:00:00,1752.6008571563275,734.7144487351406,1017.8864084211868,1741.5594418794522,540.1451582810572,1201.4142835983948,0.0,False,NORMAL,0.9,IDLE,362.0,0.0,0.0,0.0,1017.8864084211868
2024-01-30 11:15:00,1691.1062828448833,736.672204956216,954.4340778886673,1789.2459973148148,680.9279784703383,1108.3180188444765,0.0,False,NORMAL,0.9,IDLE,362.0,0.0,0.0,0.0,954.4340778886673
2024-01-30 11:30:00,1690.9251110787534,767.4574330600141,923.4676780187393,1768.6191137264989,723.5329028009942,1045.0862109255047,0.0,False,NORMAL,0.9,IDLE,362.0,0.0,0.0,0.0,923.4676780187393
2024-01-30 11:45:00,1737.7014412584122,745.4742913571372,992.227149901275,1739.2624469179111,602.7848422902413,1136.4776046276697,0.0,False,NORMAL,0.9,IDLE,362.0,0.0,0.0,0.0,992.227149901275
2024-01-30 12:00:00,1717.9991431967414,724.2078279811456,993.7913152155959,1741.949047251968,757.3863130099415,984.5627342420265,0.0,False,NORMAL,0.9,IDLE,362.0,0.0,0.0,0.0,993.7913152155959
2024-01-30 12:15:00,1703.2385506196836,780.4968598102281,922.7416908094555,1733.1513204199482,784.6423700011952,948.508950418753,0.0,False,NORMAL,0.9,IDLE,362.0,0.0,0.0,0.0,922.7416908094555
2024-01-30 12:30:00,1661.2624279198817,743.1885297595664,918.0738981603153,1738.9972785529294,763.0628685632324,975.934409989697,0.0,False,NORMAL,0.9,IDLE,362.0,0.0,0.0,0.0,918.0738981603153
2024-01-30 12:45:00,1690.4992317788021,246.91004341191075,1443.5891883668914,1722.8414675989732,759.3989105052954,963.4425570936778,0.0,False,NORMAL,0.9,IDLE,362.0,0.0,0.0,0.0,1443.5891883668914
2024-01-30 13:00:00,1643.0117517985539,717.2219062832019,925.789845515352,1721.689221194074,597.5393977987651,1124.1498233953089,0.0,False,NORMAL,0.9,IDLE,362.0,0.0,0.0,0.0,925.789845515352
2024-01-30 13:15:00,1695.285613192498,744.3664523501684,950.9191608423296,1729.195094473624,687.8192914352808,1041.3758030383433,0.0,False,NORMAL,0.9,IDLE,362.0,0.0,0.0,0.0,950.9191608423296
2024-01-30 13:30:00,1680.9061124830585,714.4051037852852,966.5010086977733,1728.101793875038,663.821744849139,1064.2800490258992,0.0,False,NORMAL,0.9,IDLE,362.0,0.0,0.0,0.0,966.5010086977733
2024-01-30 13:45:00,1677.9478933690975,703.8280830083924,974.1198103607052,1721.0119513958039,671.854544072703,1049.1574073231009,0.0,False,NORMAL,0.9,IDLE,362.0,0.0,0.0,0.0,974.1198103607052
2024-01-30 14:00:00,1710.876743823201,673.443628709548,1037.433115113653,1741.3880777113907,666.3454629538745,1075.0426147575163,0.0,False,NORMAL,0.9,IDLE,362.0,0.0,0.0,0.0,1037.433115113653
2024-01-30 14:15:00,1728.6282112276008,621.2793728985766,1107.3488383290241,1745.7868347759372,654.8387213634104,1090.9481134125267,0.0,False,NORMAL,0.9,IDLE,362.0,0.0,0.0,0.0,1107.3488383290241
2024-01-30 14:30:00,1769.4226753864314,593.840094722572,1175.5825806638595,1769.0820087559187,631.608713191553,1137.4732955643658,0.0,False,NORMAL,0.9,IDLE,362.0,0.0,0.0,0.0,1175.5825806638595
2024-01-30 14:45:00,1767.679140659707,432.4240036173555,1335.2551370423514,1775.4039694977319,598.0718828400345,1177.3320866576973,0.0,False,NORMAL,0.9,IDLE,362.0,0.0,0.0,0.0,1335.2551370423514
2024-01-30 15:00:00,1712.9661851650267,310.843985629705,1402.1221995353217,1787.1644457270131,507.0013385140966,1280.1631072129167,0.0,False,NORMAL,0.9,IDLE,362.0,0.0,0.0,0.0,1402.1221995353217
2024-01-30 15:15:00,1742.706774614524,463.54995502574076,1279.1568195887833,1774.9571669134893,440.45217529524734,1334.504991618242,0.0,False,NORMAL,0.9,IDLE,362.0,0.0,0.0,0.0,1279.1568195887833
2024-01-30 15:30:00,1709.820223963584,439.5263757534327,1270.2938482101513,1794.3370791354225,431.68492430875983,1362.6521548266628,0.0,False,NORMAL,0.9,IDLE,362.0,0.0,0.0,0.0,1270.2938482101513
2024-01-30 15:45:00,1719.9184126326468,187.04071535081687,1532.87769728183,1780.3187543826775,391.8767049260088,1388.4420494566687,0.0,False,NORMAL,0.9,IDLE,362.0,0.0,0.0,0.0,1532.87769728183
2024-01-30 16:00:00,1732.7728596252146,337.1925457395531,1395.5803138856613,1783.4268446200927,302.68113307519525,1480.7457115448974,0.0,False,NORMAL,0.9,IDLE,362.0,0.0,0.0,0.0,1395.5803138856613
2024-01-30 16:15:00,1766.8731116046724,312.4202659869477,1454.4528456177247,1823.522246952185,317.23325014764674,1506.2889968045383,0.0,False,NORMAL,0.9,IDLE,362.0,0.0,0.0,0.0,1454.4528456177247
2024-01-30 16:30:00,1883.2774424208494,257.35703254881037,1625.920409872039,1876.753261415671,275.64158523170335,1601.1116761839676,0.0,False,WATCH,0.9,IDLE,362.0,0.0,0.0,0.0,1625.920409872039
2024-01-30 16:45:00,1932.9823127576228,214.64877972628486,1718.333533031338,1923.4002276765589,238.3973380769704,1685.0028895995883,0.0,False,WATCH,0.9,IDLE,362.0,0.0,0.0,0.0,1718.333533031338
2024-01-30 17:00:00,2051.078192245582,162.58787998297333,1888.4903122626088,1992.6057236865129,214.08544364619098,1778.520280040322,0.0,False,WATCH,0.9,IDLE,362.0,0.0,0.0,0.0,1888.4903122626088
2024-01-30 17:15:00,2088.1882839653344,124.61967020718251,1963.568613758152,2066.442775771413,146.42273582959277,1920.0200399418202,0.0,False,WARNING,0.9,IDLE,362.0,0.0,0.0,0.0,1963.568613758152
2024-01-30 17:30:00,2075.5972686503283,95.53945420219443,1980.0578144481337,2142.3682873755156,123.79645883460122,2018.5718285409143,0.0,False,WARNING,0.9,IDLE,362.0,0.0,0.0,0.0,1980.0578144481337
2024-01-30 17:45:00,2084.5933970799592,63.69138065003061,2020.9020164299286,2171.7074571056523,95.69470976456428,2076.012747341088,0.0,False,WARNING,0.9,IDLE,362.0,0.0,0.0,0.0,2020.9020164299286
2024-01-30 18:00:00,2152.1525722460433,15.24335124528036,2136.909221000763,2197.092114543099,51.907394540909294,2145.18472000219,0.0,False,WARNING,0.9,IDLE,362.0,0.0,0.0,0.0,2136.909221000763
2024-01-30 18:15:00,2193.137815442932,12.673450861834702,2180.4643645810975,2228.8353888442243,26.061076459934384,2202.77431238429,0.0,False,WARNING,0.9,IDLE,362.0,0.0,0.0,0.0,2180.4643645810975
2024-01-30 18:30:00,2128.8967147996586,3.7563370821624765e-22,2128.8967147996586,2247.3418037200536,12.013237043470893,2235.328566676583,0.0,False,WARNING,0.9,IDLE,362.0,0.0,0.0,0.0,2128.8967147996586
2024-01-30 18:45:00,2197.1640188470387,0.0,2197.1640188470387,2277.176397435197,2.2677957366050188,2274.908601698592,0.0,False,WARNING,0.9,IDLE,362.0,0.0,0.0,0.0,2197.1640188470387
2024-01-30 19:00:00,2152.4639463663975,0.0,2152.4639463663975,2281.460852266274,0.0,2281.460852266274,0.0,False,WARNING,0.9,IDLE,362.0,0.0,0.0,0.0,2152.4639463663975
2024-01-30 19:15:00,2218.0008908203527,0.0,2218.0008908203527,2239.656397186941,0.0,2239.656397186941,0.0,False,WARNING,0.9,IDLE,362.0,0.0,0.0,0.0,2218.0008908203527
2024-01-30 19:30:00,2152.903589635235,0.0,2152.903589635235,2254.4476306051415,0.0,2254.4476306051415,0.0,False,WARNING,0.9,IDLE,362.0,0.0,0.0,0.0,2152.903589635235
2024-01-30 19:45:00,2126.5238674060934,0.0,2126.5238674060934,2246.1856367075666,0.0,2246.1856367075666,0.0,False,WARNING,0.9,IDLE,362.0,0.0,0.0,0.0,2126.5238674060934
2024-01-30 20:00:00,2139.9348329609975,0.0,2139.9348329609975,2213.878048494855,0.0,2213.878048494855,0.0,False,WARNING,0.9,IDLE,362.0,0.0,0.0,0.0,2139.9348329609975
2024-01-30 20:15:00,2019.8544649172643,0.0,2019.8544649172643,2191.176566633833,0.0,2191.176566633833,0.0,False,WARNING,0.9,IDLE,362.0,0.0,0.0,0.0,2019.8544649172643
2024-01-30 20:30:00,2082.610365819828,0.0,2082.610365819828,2148.7069152757517,0.0,2148.7069152757517,0.0,False,WARNING,0.9,IDLE,362.0,0.0,0.0,0.0,2082.610365819828
2024-01-30 20:45:00,1985.7482532920294,0.0,1985.7482532920294,2111.0169022526493,0.0,2111.0169022526493,0.0,False,WARNING,0.9,IDLE,362.0,0.0,0.0,0.0,1985.7482532920294
2024-01-30 21:00:00,1956.6261494483265,0.0,1956.6261494483265,2054.299830787537,0.0,2054.299830787537,0.0,False,WARNING,0.9,IDLE,362.0,0.0,0.0,0.0,1956.6261494483265
2024-01-30 21:15:00,1958.7373549851477,0.0,1958.7373549851477,2005.4524205163927,0.0,2005.4524205163927,0.0,False,WARNING,0.9,IDLE,362.0,0.0,0.0,0.0,1958.7373549851477
2024-01-30 21:30:00,1700.8095452862958,0.0,1700.8095452862958,1945.1367105874747,0.0,1945.1367105874747,0.0,False,WATCH,0.9,IDLE,362.0,0.0,0.0,0.0,1700.8095452862958
2024-01-30 21:45:00,1701.5631663951149,0.0,1701.5631663951149,1833.9542354447829,0.0,1833.9542354447829,0.0,False,WATCH,0.9,IDLE,362.0,0.0,0.0,0.0,1701.5631663951149
2024-01-30 22:00:00,1495.2329722577012,0.0,1495.2329722577012,1702.5870135679306,0.0,1702.5870135679306,0.0,False,NORMAL,0.9,IDLE,362.0,0.0,0.0,0.0,1495.2329722577012
2024-01-30 22:15:00,1391.9200404470078,0.0,1391.9200404470078,1534.7882586538421,0.0,1534.7882586538421,0.0,False,NORMAL,0.9,IDLE,362.0,0.0,0.0,0.0,1391.9200404470078
2024-01-30 22:30:00,1244.2319348851333,0.0,1244.2319348851333,1393.482788099929,0.0,1393.482788099929,0.0,False,NORMAL,0.9,IDLE,362.0,0.0,0.0,0.0,1244.2319348851333
2024-01-30 22:45:00,1074.3004698144996,0.0,1074.3004698144996,1234.6580468961997,0.0,1234.6580468961997,0.0,False,NORMAL,0.9,IDLE,362.0,0.0,0.0,0.0,1074.3004698144996
2024-01-30 23:00:00,972.8208019363033,0.0,972.8208019363033,1123.8807966878023,0.0,1123.8807966878023,0.0,False,NORMAL,0.9,IDLE,362.0,0.0,0.0,0.0,1032.8208019363033
2024-01-30 23:15:00,994.2017089524356,0.0,994.2017089524356,1012.9644217874132,0.0,1012.9644217874132,0.0,False,NORMAL,0.9,IDLE,362.0,0.0,0.0,0.0,1054.2017089524356
2024-01-30 23:30:00,849.6764139175816,0.0,849.6764139175816,993.3168100745032,0.0,993.3168100745032,0.0,False,NORMAL,0.9,IDLE,362.0,0.0,0.0,0.0,909.6764139175816
2024-01-30 23:45:00,906.8049387565122,0.0,906.8049387565122,883.6843384434347,0.0,883.6843384434347,0.0,False,NORMAL,0.9,IDLE,362.0,0.0,0.0,0.0,966.8049387565122
